[    1197ms] [ERROR] Access to fetch at 'https://ecoauth.entechai.ru/oidc/session/end?post_logout_redirect_uri=https%3A%2F%2Flms.entechai.ru%2Flogin&id_token_hint=debug-token' (redirected from 'https://lms.entechai.ru/api/auth/logout?_rsc=1r34m') from origin 'https://lms.entechai.ru' has been blocked by CORS policy: Response to preflight request doesn't pass access control check: No 'Access-Control-Allow-Origin' header is present on the requested resource. @ https://lms.entechai.ru/:0
[    1198ms] [ERROR] Failed to load resource: net::ERR_FAILED @ https://ecoauth.entechai.ru/oidc/session/end?post_logout_redirect_uri=https%3A%2F%2Flms.entechai.ru%2Flogin&id_token_hint=debug-token:0
[    1549ms] [ERROR] Failed to load resource: the server responded with a status of 401 () @ https://lms.entechai.ru/api/projects/eco-cf98e70d:0
[    5542ms] [ERROR] Failed to load resource: the server responded with a status of 401 () @ https://lms.entechai.ru/api/projects/eco-cf98e70d:0
[    9606ms] [ERROR] Failed to load resource: the server responded with a status of 401 () @ https://lms.entechai.ru/api/projects/eco-cf98e70d:0
[   13534ms] [ERROR] Failed to load resource: the server responded with a status of 401 () @ https://lms.entechai.ru/api/projects/eco-cf98e70d:0
[   15599ms] [ERROR] Failed to load resource: the server responded with a status of 401 () @ https://lms.entechai.ru/api/health:0
[   17518ms] [ERROR] Failed to load resource: the server responded with a status of 401 () @ https://lms.entechai.ru/api/projects/eco-cf98e70d:0
[   21530ms] [ERROR] Failed to load resource: the server responded with a status of 401 () @ https://lms.entechai.ru/api/projects/eco-cf98e70d:0
[   25538ms] [ERROR] Failed to load resource: the server responded with a status of 401 () @ https://lms.entechai.ru/api/projects/eco-cf98e70d:0
[   29546ms] [ERROR] Failed to load resource: the server responded with a status of 401 () @ https://lms.entechai.ru/api/projects/eco-cf98e70d:0
[   30600ms] [ERROR] Failed to load resource: the server responded with a status of 401 () @ https://lms.entechai.ru/api/health:0
[   33530ms] [ERROR] Failed to load resource: the server responded with a status of 401 () @ https://lms.entechai.ru/api/projects/eco-cf98e70d:0
[   37725ms] [ERROR] Failed to load resource: the server responded with a status of 401 () @ https://lms.entechai.ru/api/projects/eco-cf98e70d:0
[   41577ms] [ERROR] Failed to load resource: the server responded with a status of 401 () @ https://lms.entechai.ru/api/projects/eco-cf98e70d:0
[   45548ms] [ERROR] Failed to load resource: the server responded with a status of 401 () @ https://lms.entechai.ru/api/projects/eco-cf98e70d:0
[   45600ms] [ERROR] Failed to load resource: the server responded with a status of 401 () @ https://lms.entechai.ru/api/health:0
[   49620ms] [ERROR] Failed to load resource: the server responded with a status of 401 () @ https://lms.entechai.ru/api/projects/eco-cf98e70d:0
[   53541ms] [ERROR] Failed to load resource: the server responded with a status of 401 () @ https://lms.entechai.ru/api/projects/eco-cf98e70d:0
[   57532ms] [ERROR] Failed to load resource: the server responded with a status of 401 () @ https://lms.entechai.ru/api/projects/eco-cf98e70d:0
[   60608ms] [ERROR] Failed to load resource: the server responded with a status of 401 () @ https://lms.entechai.ru/api/health:0
[   61529ms] [ERROR] Failed to load resource: the server responded with a status of 401 () @ https://lms.entechai.ru/api/projects/eco-cf98e70d:0
[   65535ms] [ERROR] Failed to load resource: the server responded with a status of 401 () @ https://lms.entechai.ru/api/projects/eco-cf98e70d:0
[   69541ms] [ERROR] Failed to load resource: the server responded with a status of 401 () @ https://lms.entechai.ru/api/projects/eco-cf98e70d:0
[   73542ms] [ERROR] Failed to load resource: the server responded with a status of 401 () @ https://lms.entechai.ru/api/projects/eco-cf98e70d:0
[   75604ms] [ERROR] Failed to load resource: the server responded with a status of 401 () @ https://lms.entechai.ru/api/health:0
[   77565ms] [ERROR] Failed to load resource: the server responded with a status of 401 () @ https://lms.entechai.ru/api/projects/eco-cf98e70d:0
[   81542ms] [ERROR] Failed to load resource: the server responded with a status of 401 () @ https://lms.entechai.ru/api/projects/eco-cf98e70d:0
[   85526ms] [ERROR] Failed to load resource: the server responded with a status of 401 () @ https://lms.entechai.ru/api/projects/eco-cf98e70d:0
[   89519ms] [ERROR] Failed to load resource: the server responded with a status of 401 () @ https://lms.entechai.ru/api/projects/eco-cf98e70d:0
[   90730ms] [ERROR] Failed to load resource: the server responded with a status of 401 () @ https://lms.entechai.ru/api/health:0
[   93531ms] [ERROR] Failed to load resource: the server responded with a status of 401 () @ https://lms.entechai.ru/api/projects/eco-cf98e70d:0
[   97534ms] [ERROR] Failed to load resource: the server responded with a status of 401 () @ https://lms.entechai.ru/api/projects/eco-cf98e70d:0
[  101532ms] [ERROR] Failed to load resource: the server responded with a status of 401 () @ https://lms.entechai.ru/api/projects/eco-cf98e70d:0
[  105631ms] [ERROR] Failed to load resource: the server responded with a status of 401 () @ https://lms.entechai.ru/api/projects/eco-cf98e70d:0
[  105718ms] [ERROR] Failed to load resource: the server responded with a status of 401 () @ https://lms.entechai.ru/api/health:0
[  109580ms] [ERROR] Failed to load resource: the server responded with a status of 401 () @ https://lms.entechai.ru/api/projects/eco-cf98e70d:0
[  113527ms] [ERROR] Failed to load resource: the server responded with a status of 401 () @ https://lms.entechai.ru/api/projects/eco-cf98e70d:0
[  117707ms] [ERROR] Failed to load resource: the server responded with a status of 401 () @ https://lms.entechai.ru/api/projects/eco-cf98e70d:0
[  120608ms] [ERROR] Failed to load resource: the server responded with a status of 401 () @ https://lms.entechai.ru/api/health:0
[  121521ms] [ERROR] Failed to load resource: the server responded with a status of 401 () @ https://lms.entechai.ru/api/projects/eco-cf98e70d:0
[  125640ms] [ERROR] Failed to load resource: the server responded with a status of 401 () @ https://lms.entechai.ru/api/projects/eco-cf98e70d:0
[  129542ms] [ERROR] Failed to load resource: the server responded with a status of 401 () @ https://lms.entechai.ru/api/projects/eco-cf98e70d:0
[  133540ms] [ERROR] Failed to load resource: the server responded with a status of 401 () @ https://lms.entechai.ru/api/projects/eco-cf98e70d:0
[  135614ms] [ERROR] Failed to load resource: the server responded with a status of 401 () @ https://lms.entechai.ru/api/health:0
[  137519ms] [ERROR] Failed to load resource: the server responded with a status of 401 () @ https://lms.entechai.ru/api/projects/eco-cf98e70d:0
[  141541ms] [ERROR] Failed to load resource: the server responded with a status of 401 () @ https://lms.entechai.ru/api/projects/eco-cf98e70d:0
[  145569ms] [ERROR] Failed to load resource: the server responded with a status of 401 () @ https://lms.entechai.ru/api/projects/eco-cf98e70d:0
[  149531ms] [ERROR] Failed to load resource: the server responded with a status of 401 () @ https://lms.entechai.ru/api/projects/eco-cf98e70d:0
[  150589ms] [ERROR] Failed to load resource: the server responded with a status of 401 () @ https://lms.entechai.ru/api/health:0
[  153542ms] [ERROR] Failed to load resource: the server responded with a status of 401 () @ https://lms.entechai.ru/api/projects/eco-cf98e70d:0
[  157711ms] [ERROR] Failed to load resource: the server responded with a status of 401 () @ https://lms.entechai.ru/api/projects/eco-cf98e70d:0
[  161548ms] [ERROR] Failed to load resource: the server responded with a status of 401 () @ https://lms.entechai.ru/api/projects/eco-cf98e70d:0
[  165545ms] [ERROR] Failed to load resource: the server responded with a status of 401 () @ https://lms.entechai.ru/api/projects/eco-cf98e70d:0
[  165599ms] [ERROR] Failed to load resource: the server responded with a status of 401 () @ https://lms.entechai.ru/api/health:0
[  169559ms] [ERROR] Failed to load resource: the server responded with a status of 401 () @ https://lms.entechai.ru/api/projects/eco-cf98e70d:0
[  173533ms] [ERROR] Failed to load resource: the server responded with a status of 401 () @ https://lms.entechai.ru/api/projects/eco-cf98e70d:0
[  177536ms] [ERROR] Failed to load resource: the server responded with a status of 401 () @ https://lms.entechai.ru/api/projects/eco-cf98e70d:0
[  180605ms] [ERROR] Failed to load resource: the server responded with a status of 401 () @ https://lms.entechai.ru/api/health:0
[  181533ms] [ERROR] Failed to load resource: the server responded with a status of 401 () @ https://lms.entechai.ru/api/projects/eco-cf98e70d:0
[  185847ms] [ERROR] Failed to load resource: the server responded with a status of 401 () @ https://lms.entechai.ru/api/projects/eco-cf98e70d:0
[  189809ms] [ERROR] Failed to load resource: the server responded with a status of 401 () @ https://lms.entechai.ru/api/projects/eco-cf98e70d:0
[  193722ms] [ERROR] Failed to load resource: the server responded with a status of 401 () @ https://lms.entechai.ru/api/projects/eco-cf98e70d:0
[  195631ms] [ERROR] Failed to load resource: the server responded with a status of 401 () @ https://lms.entechai.ru/api/health:0
[  197741ms] [ERROR] Failed to load resource: the server responded with a status of 401 () @ https://lms.entechai.ru/api/projects/eco-cf98e70d:0
[  201639ms] [ERROR] Failed to load resource: the server responded with a status of 401 () @ https://lms.entechai.ru/api/projects/eco-cf98e70d:0
[  205571ms] [ERROR] Failed to load resource: the server responded with a status of 401 () @ https://lms.entechai.ru/api/projects/eco-cf98e70d:0
[  209543ms] [ERROR] Failed to load resource: the server responded with a status of 401 () @ https://lms.entechai.ru/api/projects/eco-cf98e70d:0
[  210615ms] [ERROR] Failed to load resource: the server responded with a status of 401 () @ https://lms.entechai.ru/api/health:0
[  213627ms] [ERROR] Failed to load resource: the server responded with a status of 401 () @ https://lms.entechai.ru/api/projects/eco-cf98e70d:0
[  217574ms] [ERROR] Failed to load resource: the server responded with a status of 401 () @ https://lms.entechai.ru/api/projects/eco-cf98e70d:0
[  221578ms] [ERROR] Failed to load resource: the server responded with a status of 401 () @ https://lms.entechai.ru/api/projects/eco-cf98e70d:0
[  225649ms] [ERROR] Failed to load resource: the server responded with a status of 401 () @ https://lms.entechai.ru/api/projects/eco-cf98e70d:0
[  225650ms] [ERROR] Failed to load resource: the server responded with a status of 401 () @ https://lms.entechai.ru/api/health:0
[  229541ms] [ERROR] Failed to load resource: the server responded with a status of 401 () @ https://lms.entechai.ru/api/projects/eco-cf98e70d:0
[  233527ms] [ERROR] Failed to load resource: the server responded with a status of 401 () @ https://lms.entechai.ru/api/projects/eco-cf98e70d:0
[  237539ms] [ERROR] Failed to load resource: the server responded with a status of 401 () @ https://lms.entechai.ru/api/projects/eco-cf98e70d:0
[  240660ms] [ERROR] Failed to load resource: the server responded with a status of 401 () @ https://lms.entechai.ru/api/health:0
[  241555ms] [ERROR] Failed to load resource: the server responded with a status of 401 () @ https://lms.entechai.ru/api/projects/eco-cf98e70d:0
[  245541ms] [ERROR] Failed to load resource: the server responded with a status of 401 () @ https://lms.entechai.ru/api/projects/eco-cf98e70d:0
[  249550ms] [ERROR] Failed to load resource: the server responded with a status of 401 () @ https://lms.entechai.ru/api/projects/eco-cf98e70d:0
[  253657ms] [ERROR] Failed to load resource: the server responded with a status of 401 () @ https://lms.entechai.ru/api/projects/eco-cf98e70d:0
[  255600ms] [ERROR] Failed to load resource: the server responded with a status of 401 () @ https://lms.entechai.ru/api/health:0
[  257533ms] [ERROR] Failed to load resource: the server responded with a status of 401 () @ https://lms.entechai.ru/api/projects/eco-cf98e70d:0
[  261544ms] [ERROR] Failed to load resource: the server responded with a status of 401 () @ https://lms.entechai.ru/api/projects/eco-cf98e70d:0
[  265541ms] [ERROR] Failed to load resource: the server responded with a status of 401 () @ https://lms.entechai.ru/api/projects/eco-cf98e70d:0
[  269549ms] [ERROR] Failed to load resource: the server responded with a status of 401 () @ https://lms.entechai.ru/api/projects/eco-cf98e70d:0
[  270599ms] [ERROR] Failed to load resource: the server responded with a status of 401 () @ https://lms.entechai.ru/api/health:0
[  273552ms] [ERROR] Failed to load resource: the server responded with a status of 401 () @ https://lms.entechai.ru/api/projects/eco-cf98e70d:0
[  277548ms] [ERROR] Failed to load resource: the server responded with a status of 401 () @ https://lms.entechai.ru/api/projects/eco-cf98e70d:0
[  281529ms] [ERROR] Failed to load resource: the server responded with a status of 401 () @ https://lms.entechai.ru/api/projects/eco-cf98e70d:0
[  285545ms] [ERROR] Failed to load resource: the server responded with a status of 401 () @ https://lms.entechai.ru/api/projects/eco-cf98e70d:0
[  285606ms] [ERROR] Failed to load resource: the server responded with a status of 401 () @ https://lms.entechai.ru/api/health:0
[  289548ms] [ERROR] Failed to load resource: the server responded with a status of 401 () @ https://lms.entechai.ru/api/projects/eco-cf98e70d:0
[  293653ms] [ERROR] Failed to load resource: the server responded with a status of 401 () @ https://lms.entechai.ru/api/projects/eco-cf98e70d:0
[  297539ms] [ERROR] Failed to load resource: the server responded with a status of 401 () @ https://lms.entechai.ru/api/projects/eco-cf98e70d:0
[  300603ms] [ERROR] Failed to load resource: the server responded with a status of 401 () @ https://lms.entechai.ru/api/health:0
[  301522ms] [ERROR] Failed to load resource: the server responded with a status of 401 () @ https://lms.entechai.ru/api/projects/eco-cf98e70d:0
[  305556ms] [ERROR] Failed to load resource: the server responded with a status of 401 () @ https://lms.entechai.ru/api/projects/eco-cf98e70d:0
[  309519ms] [ERROR] Failed to load resource: the server responded with a status of 401 () @ https://lms.entechai.ru/api/projects/eco-cf98e70d:0
[  313573ms] [ERROR] Failed to load resource: the server responded with a status of 401 () @ https://lms.entechai.ru/api/projects/eco-cf98e70d:0
[  315596ms] [ERROR] Failed to load resource: the server responded with a status of 401 () @ https://lms.entechai.ru/api/health:0
[  317543ms] [ERROR] Failed to load resource: the server responded with a status of 401 () @ https://lms.entechai.ru/api/projects/eco-cf98e70d:0
[  321535ms] [ERROR] Failed to load resource: the server responded with a status of 401 () @ https://lms.entechai.ru/api/projects/eco-cf98e70d:0
[  341206ms] [ERROR] Failed to load resource: net::ERR_NETWORK_CHANGED @ https://lms.entechai.ru/api/projects/eco-cf98e70d:0
[  341359ms] [ERROR] Failed to load resource: net::ERR_NETWORK_CHANGED @ https://lms.entechai.ru/api/projects/eco-cf98e70d:0
[  341359ms] [ERROR] Failed to load resource: net::ERR_NETWORK_CHANGED @ https://lms.entechai.ru/api/health:0
[  341359ms] [ERROR] Failed to load resource: net::ERR_NETWORK_CHANGED @ https://lms.entechai.ru/api/projects/eco-cf98e70d:0
[  341359ms] [ERROR] Failed to load resource: net::ERR_NETWORK_CHANGED @ https://lms.entechai.ru/api/projects/eco-cf98e70d:0
[  341456ms] [ERROR] Failed to load resource: net::ERR_NAME_NOT_RESOLVED @ https://lms.entechai.ru/api/projects/eco-cf98e70d:0
[  345611ms] [ERROR] Failed to load resource: the server responded with a status of 401 () @ https://lms.entechai.ru/api/health:0
[  345611ms] [ERROR] Failed to load resource: the server responded with a status of 401 () @ https://lms.entechai.ru/api/projects/eco-cf98e70d:0
[  349487ms] [ERROR] Failed to load resource: the server responded with a status of 401 () @ https://lms.entechai.ru/api/projects/eco-cf98e70d:0
[  353477ms] [ERROR] Failed to load resource: the server responded with a status of 401 () @ https://lms.entechai.ru/api/projects/eco-cf98e70d:0
[  357496ms] [ERROR] Failed to load resource: the server responded with a status of 401 () @ https://lms.entechai.ru/api/projects/eco-cf98e70d:0
[  360542ms] [ERROR] Failed to load resource: the server responded with a status of 401 () @ https://lms.entechai.ru/api/health:0
[  361489ms] [ERROR] Failed to load resource: the server responded with a status of 401 () @ https://lms.entechai.ru/api/projects/eco-cf98e70d:0
[  365481ms] [ERROR] Failed to load resource: the server responded with a status of 401 () @ https://lms.entechai.ru/api/projects/eco-cf98e70d:0
[  369496ms] [ERROR] Failed to load resource: the server responded with a status of 401 () @ https://lms.entechai.ru/api/projects/eco-cf98e70d:0
[  373544ms] [ERROR] Failed to load resource: the server responded with a status of 401 () @ https://lms.entechai.ru/api/projects/eco-cf98e70d:0
[  375606ms] [ERROR] Failed to load resource: the server responded with a status of 401 () @ https://lms.entechai.ru/api/health:0
[  377479ms] [ERROR] Failed to load resource: the server responded with a status of 401 () @ https://lms.entechai.ru/api/projects/eco-cf98e70d:0
[  381505ms] [ERROR] Failed to load resource: the server responded with a status of 401 () @ https://lms.entechai.ru/api/projects/eco-cf98e70d:0
[  385499ms] [ERROR] Failed to load resource: the server responded with a status of 401 () @ https://lms.entechai.ru/api/projects/eco-cf98e70d:0
[  389488ms] [ERROR] Failed to load resource: the server responded with a status of 401 () @ https://lms.entechai.ru/api/projects/eco-cf98e70d:0
[  390543ms] [ERROR] Failed to load resource: the server responded with a status of 401 () @ https://lms.entechai.ru/api/health:0
[  393478ms] [ERROR] Failed to load resource: the server responded with a status of 401 () @ https://lms.entechai.ru/api/projects/eco-cf98e70d:0
[  397485ms] [ERROR] Failed to load resource: the server responded with a status of 401 () @ https://lms.entechai.ru/api/projects/eco-cf98e70d:0
[  401560ms] [ERROR] Failed to load resource: the server responded with a status of 401 () @ https://lms.entechai.ru/api/projects/eco-cf98e70d:0
[  405489ms] [ERROR] Failed to load resource: the server responded with a status of 401 () @ https://lms.entechai.ru/api/projects/eco-cf98e70d:0
[  405556ms] [ERROR] Failed to load resource: the server responded with a status of 401 () @ https://lms.entechai.ru/api/health:0
[  409482ms] [ERROR] Failed to load resource: the server responded with a status of 401 () @ https://lms.entechai.ru/api/projects/eco-cf98e70d:0
[  413475ms] [ERROR] Failed to load resource: the server responded with a status of 401 () @ https://lms.entechai.ru/api/projects/eco-cf98e70d:0
[  417588ms] [ERROR] Failed to load resource: the server responded with a status of 401 () @ https://lms.entechai.ru/api/projects/eco-cf98e70d:0
[  420537ms] [ERROR] Failed to load resource: the server responded with a status of 401 () @ https://lms.entechai.ru/api/health:0
[  421483ms] [ERROR] Failed to load resource: the server responded with a status of 401 () @ https://lms.entechai.ru/api/projects/eco-cf98e70d:0
[  425472ms] [ERROR] Failed to load resource: the server responded with a status of 401 () @ https://lms.entechai.ru/api/projects/eco-cf98e70d:0
[  429474ms] [ERROR] Failed to load resource: the server responded with a status of 401 () @ https://lms.entechai.ru/api/projects/eco-cf98e70d:0
[  433492ms] [ERROR] Failed to load resource: the server responded with a status of 401 () @ https://lms.entechai.ru/api/projects/eco-cf98e70d:0
[  435542ms] [ERROR] Failed to load resource: the server responded with a status of 401 () @ https://lms.entechai.ru/api/health:0
[  437526ms] [ERROR] Failed to load resource: the server responded with a status of 401 () @ https://lms.entechai.ru/api/projects/eco-cf98e70d:0
[  441694ms] [ERROR] Failed to load resource: the server responded with a status of 401 () @ https://lms.entechai.ru/api/projects/eco-cf98e70d:0
[  445475ms] [ERROR] Failed to load resource: the server responded with a status of 401 () @ https://lms.entechai.ru/api/projects/eco-cf98e70d:0
[  449481ms] [ERROR] Failed to load resource: the server responded with a status of 401 () @ https://lms.entechai.ru/api/projects/eco-cf98e70d:0
[  450538ms] [ERROR] Failed to load resource: the server responded with a status of 401 () @ https://lms.entechai.ru/api/health:0
[  453476ms] [ERROR] Failed to load resource: the server responded with a status of 401 () @ https://lms.entechai.ru/api/projects/eco-cf98e70d:0
[  457470ms] [ERROR] Failed to load resource: the server responded with a status of 401 () @ https://lms.entechai.ru/api/projects/eco-cf98e70d:0
[  461491ms] [ERROR] Failed to load resource: the server responded with a status of 401 () @ https://lms.entechai.ru/api/projects/eco-cf98e70d:0
[  465471ms] [ERROR] Failed to load resource: the server responded with a status of 401 () @ https://lms.entechai.ru/api/projects/eco-cf98e70d:0
[  465538ms] [ERROR] Failed to load resource: the server responded with a status of 401 () @ https://lms.entechai.ru/api/health:0
[  469473ms] [ERROR] Failed to load resource: the server responded with a status of 401 () @ https://lms.entechai.ru/api/projects/eco-cf98e70d:0
[  473490ms] [ERROR] Failed to load resource: the server responded with a status of 401 () @ https://lms.entechai.ru/api/projects/eco-cf98e70d:0
[  477527ms] [ERROR] Failed to load resource: the server responded with a status of 401 () @ https://lms.entechai.ru/api/projects/eco-cf98e70d:0
[  480536ms] [ERROR] Failed to load resource: the server responded with a status of 401 () @ https://lms.entechai.ru/api/health:0
[  481550ms] [ERROR] Failed to load resource: the server responded with a status of 401 () @ https://lms.entechai.ru/api/projects/eco-cf98e70d:0
[  485494ms] [ERROR] Failed to load resource: the server responded with a status of 401 () @ https://lms.entechai.ru/api/projects/eco-cf98e70d:0
[  489468ms] [ERROR] Failed to load resource: the server responded with a status of 401 () @ https://lms.entechai.ru/api/projects/eco-cf98e70d:0
[  493472ms] [ERROR] Failed to load resource: the server responded with a status of 401 () @ https://lms.entechai.ru/api/projects/eco-cf98e70d:0
[  495536ms] [ERROR] Failed to load resource: the server responded with a status of 401 () @ https://lms.entechai.ru/api/health:0
[  497493ms] [ERROR] Failed to load resource: the server responded with a status of 401 () @ https://lms.entechai.ru/api/projects/eco-cf98e70d:0
[  501475ms] [ERROR] Failed to load resource: the server responded with a status of 401 () @ https://lms.entechai.ru/api/projects/eco-cf98e70d:0
[  505469ms] [ERROR] Failed to load resource: the server responded with a status of 401 () @ https://lms.entechai.ru/api/projects/eco-cf98e70d:0
[  509509ms] [ERROR] Failed to load resource: the server responded with a status of 401 () @ https://lms.entechai.ru/api/projects/eco-cf98e70d:0
[  510536ms] [ERROR] Failed to load resource: the server responded with a status of 401 () @ https://lms.entechai.ru/api/health:0
[  513473ms] [ERROR] Failed to load resource: the server responded with a status of 401 () @ https://lms.entechai.ru/api/projects/eco-cf98e70d:0
[  517473ms] [ERROR] Failed to load resource: the server responded with a status of 401 () @ https://lms.entechai.ru/api/projects/eco-cf98e70d:0
[  521475ms] [ERROR] Failed to load resource: the server responded with a status of 401 () @ https://lms.entechai.ru/api/projects/eco-cf98e70d:0
[  525555ms] [ERROR] Failed to load resource: the server responded with a status of 401 () @ https://lms.entechai.ru/api/projects/eco-cf98e70d:0
[  525622ms] [ERROR] Failed to load resource: the server responded with a status of 401 () @ https://lms.entechai.ru/api/health:0
[  529469ms] [ERROR] Failed to load resource: the server responded with a status of 401 () @ https://lms.entechai.ru/api/projects/eco-cf98e70d:0
[  533468ms] [ERROR] Failed to load resource: the server responded with a status of 401 () @ https://lms.entechai.ru/api/projects/eco-cf98e70d:0
[  537472ms] [ERROR] Failed to load resource: the server responded with a status of 401 () @ https://lms.entechai.ru/api/projects/eco-cf98e70d:0
[  540688ms] [ERROR] Failed to load resource: the server responded with a status of 401 () @ https://lms.entechai.ru/api/health:0
[  541470ms] [ERROR] Failed to load resource: the server responded with a status of 401 () @ https://lms.entechai.ru/api/projects/eco-cf98e70d:0
[  545510ms] [ERROR] Failed to load resource: the server responded with a status of 401 () @ https://lms.entechai.ru/api/projects/eco-cf98e70d:0
[  549481ms] [ERROR] Failed to load resource: the server responded with a status of 401 () @ https://lms.entechai.ru/api/projects/eco-cf98e70d:0
[  553592ms] [ERROR] Failed to load resource: the server responded with a status of 401 () @ https://lms.entechai.ru/api/projects/eco-cf98e70d:0
[  555537ms] [ERROR] Failed to load resource: the server responded with a status of 401 () @ https://lms.entechai.ru/api/health:0
[  557471ms] [ERROR] Failed to load resource: the server responded with a status of 401 () @ https://lms.entechai.ru/api/projects/eco-cf98e70d:0
[  561490ms] [ERROR] Failed to load resource: the server responded with a status of 401 () @ https://lms.entechai.ru/api/projects/eco-cf98e70d:0
[  565477ms] [ERROR] Failed to load resource: the server responded with a status of 401 () @ https://lms.entechai.ru/api/projects/eco-cf98e70d:0
[  569469ms] [ERROR] Failed to load resource: the server responded with a status of 401 () @ https://lms.entechai.ru/api/projects/eco-cf98e70d:0
[  570538ms] [ERROR] Failed to load resource: the server responded with a status of 401 () @ https://lms.entechai.ru/api/health:0
[  573477ms] [ERROR] Failed to load resource: the server responded with a status of 401 () @ https://lms.entechai.ru/api/projects/eco-cf98e70d:0
[  577470ms] [ERROR] Failed to load resource: the server responded with a status of 401 () @ https://lms.entechai.ru/api/projects/eco-cf98e70d:0
[  581472ms] [ERROR] Failed to load resource: the server responded with a status of 401 () @ https://lms.entechai.ru/api/projects/eco-cf98e70d:0
[  585486ms] [ERROR] Failed to load resource: the server responded with a status of 401 () @ https://lms.entechai.ru/api/projects/eco-cf98e70d:0
[  585535ms] [ERROR] Failed to load resource: the server responded with a status of 401 () @ https://lms.entechai.ru/api/health:0
[  589553ms] [ERROR] Failed to load resource: the server responded with a status of 401 () @ https://lms.entechai.ru/api/projects/eco-cf98e70d:0
[  593551ms] [ERROR] Failed to load resource: the server responded with a status of 401 () @ https://lms.entechai.ru/api/projects/eco-cf98e70d:0
[  597470ms] [ERROR] Failed to load resource: the server responded with a status of 401 () @ https://lms.entechai.ru/api/projects/eco-cf98e70d:0
[  600820ms] [ERROR] Failed to load resource: the server responded with a status of 401 () @ https://lms.entechai.ru/api/health:0
[  601485ms] [ERROR] Failed to load resource: the server responded with a status of 401 () @ https://lms.entechai.ru/api/projects/eco-cf98e70d:0
[  605479ms] [ERROR] Failed to load resource: the server responded with a status of 401 () @ https://lms.entechai.ru/api/projects/eco-cf98e70d:0
[  609609ms] [ERROR] Failed to load resource: the server responded with a status of 401 () @ https://lms.entechai.ru/api/projects/eco-cf98e70d:0
[  613472ms] [ERROR] Failed to load resource: the server responded with a status of 401 () @ https://lms.entechai.ru/api/projects/eco-cf98e70d:0
[  615538ms] [ERROR] Failed to load resource: the server responded with a status of 401 () @ https://lms.entechai.ru/api/health:0
[  617473ms] [ERROR] Failed to load resource: the server responded with a status of 401 () @ https://lms.entechai.ru/api/projects/eco-cf98e70d:0
[  621469ms] [ERROR] Failed to load resource: the server responded with a status of 401 () @ https://lms.entechai.ru/api/projects/eco-cf98e70d:0
[  625474ms] [ERROR] Failed to load resource: the server responded with a status of 401 () @ https://lms.entechai.ru/api/projects/eco-cf98e70d:0
[  629505ms] [ERROR] Failed to load resource: the server responded with a status of 401 () @ https://lms.entechai.ru/api/projects/eco-cf98e70d:0
[  630540ms] [ERROR] Failed to load resource: the server responded with a status of 401 () @ https://lms.entechai.ru/api/health:0
[  633558ms] [ERROR] Failed to load resource: the server responded with a status of 401 () @ https://lms.entechai.ru/api/projects/eco-cf98e70d:0
[  637474ms] [ERROR] Failed to load resource: the server responded with a status of 401 () @ https://lms.entechai.ru/api/projects/eco-cf98e70d:0
[  641655ms] [ERROR] Failed to load resource: the server responded with a status of 401 () @ https://lms.entechai.ru/api/projects/eco-cf98e70d:0
[  645477ms] [ERROR] Failed to load resource: the server responded with a status of 401 () @ https://lms.entechai.ru/api/projects/eco-cf98e70d:0
[  645530ms] [ERROR] Failed to load resource: the server responded with a status of 401 () @ https://lms.entechai.ru/api/health:0
[  649490ms] [ERROR] Failed to load resource: the server responded with a status of 401 () @ https://lms.entechai.ru/api/projects/eco-cf98e70d:0
[  653517ms] [ERROR] Failed to load resource: the server responded with a status of 401 () @ https://lms.entechai.ru/api/projects/eco-cf98e70d:0
[  657487ms] [ERROR] Failed to load resource: the server responded with a status of 401 () @ https://lms.entechai.ru/api/projects/eco-cf98e70d:0
[  660544ms] [ERROR] Failed to load resource: the server responded with a status of 401 () @ https://lms.entechai.ru/api/health:0
[  661476ms] [ERROR] Failed to load resource: the server responded with a status of 401 () @ https://lms.entechai.ru/api/projects/eco-cf98e70d:0
[  665483ms] [ERROR] Failed to load resource: the server responded with a status of 401 () @ https://lms.entechai.ru/api/projects/eco-cf98e70d:0
[  669479ms] [ERROR] Failed to load resource: the server responded with a status of 401 () @ https://lms.entechai.ru/api/projects/eco-cf98e70d:0
[  673474ms] [ERROR] Failed to load resource: the server responded with a status of 401 () @ https://lms.entechai.ru/api/projects/eco-cf98e70d:0
[  675553ms] [ERROR] Failed to load resource: the server responded with a status of 401 () @ https://lms.entechai.ru/api/health:0
[  677476ms] [ERROR] Failed to load resource: the server responded with a status of 401 () @ https://lms.entechai.ru/api/projects/eco-cf98e70d:0
[  681478ms] [ERROR] Failed to load resource: the server responded with a status of 401 () @ https://lms.entechai.ru/api/projects/eco-cf98e70d:0
[  685483ms] [ERROR] Failed to load resource: the server responded with a status of 401 () @ https://lms.entechai.ru/api/projects/eco-cf98e70d:0
[  689483ms] [ERROR] Failed to load resource: the server responded with a status of 401 () @ https://lms.entechai.ru/api/projects/eco-cf98e70d:0
[  690538ms] [ERROR] Failed to load resource: the server responded with a status of 401 () @ https://lms.entechai.ru/api/health:0
[  693475ms] [ERROR] Failed to load resource: the server responded with a status of 401 () @ https://lms.entechai.ru/api/projects/eco-cf98e70d:0
[  697556ms] [ERROR] Failed to load resource: the server responded with a status of 401 () @ https://lms.entechai.ru/api/projects/eco-cf98e70d:0
[  701476ms] [ERROR] Failed to load resource: the server responded with a status of 401 () @ https://lms.entechai.ru/api/projects/eco-cf98e70d:0
[  705467ms] [ERROR] Failed to load resource: the server responded with a status of 401 () @ https://lms.entechai.ru/api/projects/eco-cf98e70d:0
[  705536ms] [ERROR] Failed to load resource: the server responded with a status of 401 () @ https://lms.entechai.ru/api/health:0
[  709470ms] [ERROR] Failed to load resource: the server responded with a status of 401 () @ https://lms.entechai.ru/api/projects/eco-cf98e70d:0
[  713496ms] [ERROR] Failed to load resource: the server responded with a status of 401 () @ https://lms.entechai.ru/api/projects/eco-cf98e70d:0
[  717624ms] [ERROR] Failed to load resource: the server responded with a status of 401 () @ https://lms.entechai.ru/api/projects/eco-cf98e70d:0
[  720556ms] [ERROR] Failed to load resource: the server responded with a status of 401 () @ https://lms.entechai.ru/api/health:0
[  721471ms] [ERROR] Failed to load resource: the server responded with a status of 401 () @ https://lms.entechai.ru/api/projects/eco-cf98e70d:0
[  725478ms] [ERROR] Failed to load resource: the server responded with a status of 401 () @ https://lms.entechai.ru/api/projects/eco-cf98e70d:0
[  729479ms] [ERROR] Failed to load resource: the server responded with a status of 401 () @ https://lms.entechai.ru/api/projects/eco-cf98e70d:0
[  733472ms] [ERROR] Failed to load resource: the server responded with a status of 401 () @ https://lms.entechai.ru/api/projects/eco-cf98e70d:0
[  735537ms] [ERROR] Failed to load resource: the server responded with a status of 401 () @ https://lms.entechai.ru/api/health:0
[  737485ms] [ERROR] Failed to load resource: the server responded with a status of 401 () @ https://lms.entechai.ru/api/projects/eco-cf98e70d:0
[  741530ms] [ERROR] Failed to load resource: the server responded with a status of 401 () @ https://lms.entechai.ru/api/projects/eco-cf98e70d:0
[  745473ms] [ERROR] Failed to load resource: the server responded with a status of 401 () @ https://lms.entechai.ru/api/projects/eco-cf98e70d:0
[  749565ms] [ERROR] Failed to load resource: the server responded with a status of 401 () @ https://lms.entechai.ru/api/projects/eco-cf98e70d:0
[  750549ms] [ERROR] Failed to load resource: the server responded with a status of 401 () @ https://lms.entechai.ru/api/health:0
[  753475ms] [ERROR] Failed to load resource: the server responded with a status of 401 () @ https://lms.entechai.ru/api/projects/eco-cf98e70d:0
[  757469ms] [ERROR] Failed to load resource: the server responded with a status of 401 () @ https://lms.entechai.ru/api/projects/eco-cf98e70d:0
[  761471ms] [ERROR] Failed to load resource: the server responded with a status of 401 () @ https://lms.entechai.ru/api/projects/eco-cf98e70d:0
[  765475ms] [ERROR] Failed to load resource: the server responded with a status of 401 () @ https://lms.entechai.ru/api/projects/eco-cf98e70d:0
[  765615ms] [ERROR] Failed to load resource: the server responded with a status of 401 () @ https://lms.entechai.ru/api/health:0
[  769471ms] [ERROR] Failed to load resource: the server responded with a status of 401 () @ https://lms.entechai.ru/api/projects/eco-cf98e70d:0
[  773472ms] [ERROR] Failed to load resource: the server responded with a status of 401 () @ https://lms.entechai.ru/api/projects/eco-cf98e70d:0
[  777492ms] [ERROR] Failed to load resource: the server responded with a status of 401 () @ https://lms.entechai.ru/api/projects/eco-cf98e70d:0
[  780694ms] [ERROR] Failed to load resource: the server responded with a status of 401 () @ https://lms.entechai.ru/api/health:0
[  781472ms] [ERROR] Failed to load resource: the server responded with a status of 401 () @ https://lms.entechai.ru/api/projects/eco-cf98e70d:0
[  785548ms] [ERROR] Failed to load resource: the server responded with a status of 401 () @ https://lms.entechai.ru/api/projects/eco-cf98e70d:0
[  789470ms] [ERROR] Failed to load resource: the server responded with a status of 401 () @ https://lms.entechai.ru/api/projects/eco-cf98e70d:0
[  793515ms] [ERROR] Failed to load resource: the server responded with a status of 401 () @ https://lms.entechai.ru/api/projects/eco-cf98e70d:0
[  795539ms] [ERROR] Failed to load resource: the server responded with a status of 401 () @ https://lms.entechai.ru/api/health:0
[  797472ms] [ERROR] Failed to load resource: the server responded with a status of 401 () @ https://lms.entechai.ru/api/projects/eco-cf98e70d:0
[  801467ms] [ERROR] Failed to load resource: the server responded with a status of 401 () @ https://lms.entechai.ru/api/projects/eco-cf98e70d:0
[  805555ms] [ERROR] Failed to load resource: the server responded with a status of 401 () @ https://lms.entechai.ru/api/projects/eco-cf98e70d:0
[  809468ms] [ERROR] Failed to load resource: the server responded with a status of 401 () @ https://lms.entechai.ru/api/projects/eco-cf98e70d:0
[  810533ms] [ERROR] Failed to load resource: the server responded with a status of 401 () @ https://lms.entechai.ru/api/health:0
[  813470ms] [ERROR] Failed to load resource: the server responded with a status of 401 () @ https://lms.entechai.ru/api/projects/eco-cf98e70d:0
[  817504ms] [ERROR] Failed to load resource: the server responded with a status of 401 () @ https://lms.entechai.ru/api/projects/eco-cf98e70d:0
[  821470ms] [ERROR] Failed to load resource: the server responded with a status of 401 () @ https://lms.entechai.ru/api/projects/eco-cf98e70d:0
[  825468ms] [ERROR] Failed to load resource: the server responded with a status of 401 () @ https://lms.entechai.ru/api/projects/eco-cf98e70d:0
[  825530ms] [ERROR] Failed to load resource: the server responded with a status of 401 () @ https://lms.entechai.ru/api/health:0
[  829580ms] [ERROR] Failed to load resource: the server responded with a status of 401 () @ https://lms.entechai.ru/api/projects/eco-cf98e70d:0
[  833467ms] [ERROR] Failed to load resource: the server responded with a status of 401 () @ https://lms.entechai.ru/api/projects/eco-cf98e70d:0
[  837498ms] [ERROR] Failed to load resource: the server responded with a status of 401 () @ https://lms.entechai.ru/api/projects/eco-cf98e70d:0
[  840722ms] [ERROR] Failed to load resource: the server responded with a status of 401 () @ https://lms.entechai.ru/api/health:0
[  841957ms] [ERROR] Failed to load resource: the server responded with a status of 401 () @ https://lms.entechai.ru/api/projects/eco-cf98e70d:0
[  845481ms] [ERROR] Failed to load resource: the server responded with a status of 401 () @ https://lms.entechai.ru/api/projects/eco-cf98e70d:0
[  849533ms] [ERROR] Failed to load resource: the server responded with a status of 401 () @ https://lms.entechai.ru/api/projects/eco-cf98e70d:0
[  853568ms] [ERROR] Failed to load resource: the server responded with a status of 401 () @ https://lms.entechai.ru/api/projects/eco-cf98e70d:0
[  855535ms] [ERROR] Failed to load resource: the server responded with a status of 401 () @ https://lms.entechai.ru/api/health:0
[  857483ms] [ERROR] Failed to load resource: the server responded with a status of 401 () @ https://lms.entechai.ru/api/projects/eco-cf98e70d:0
[  861473ms] [ERROR] Failed to load resource: the server responded with a status of 401 () @ https://lms.entechai.ru/api/projects/eco-cf98e70d:0
[  865479ms] [ERROR] Failed to load resource: the server responded with a status of 401 () @ https://lms.entechai.ru/api/projects/eco-cf98e70d:0
[  869474ms] [ERROR] Failed to load resource: the server responded with a status of 401 () @ https://lms.entechai.ru/api/projects/eco-cf98e70d:0
[  870557ms] [ERROR] Failed to load resource: the server responded with a status of 401 () @ https://lms.entechai.ru/api/health:0
[  873509ms] [ERROR] Failed to load resource: the server responded with a status of 401 () @ https://lms.entechai.ru/api/projects/eco-cf98e70d:0
[  877518ms] [ERROR] Failed to load resource: the server responded with a status of 401 () @ https://lms.entechai.ru/api/projects/eco-cf98e70d:0
[  881469ms] [ERROR] Failed to load resource: the server responded with a status of 401 () @ https://lms.entechai.ru/api/projects/eco-cf98e70d:0
[  885492ms] [ERROR] Failed to load resource: the server responded with a status of 401 () @ https://lms.entechai.ru/api/projects/eco-cf98e70d:0
[  885548ms] [ERROR] Failed to load resource: the server responded with a status of 401 () @ https://lms.entechai.ru/api/health:0
[  889488ms] [ERROR] Failed to load resource: the server responded with a status of 401 () @ https://lms.entechai.ru/api/projects/eco-cf98e70d:0
[  893569ms] [ERROR] Failed to load resource: the server responded with a status of 401 () @ https://lms.entechai.ru/api/projects/eco-cf98e70d:0
[  897469ms] [ERROR] Failed to load resource: the server responded with a status of 401 () @ https://lms.entechai.ru/api/projects/eco-cf98e70d:0
[  900542ms] [ERROR] Failed to load resource: the server responded with a status of 401 () @ https://lms.entechai.ru/api/health:0
[  901506ms] [ERROR] Failed to load resource: the server responded with a status of 401 () @ https://lms.entechai.ru/api/projects/eco-cf98e70d:0
[  905481ms] [ERROR] Failed to load resource: the server responded with a status of 401 () @ https://lms.entechai.ru/api/projects/eco-cf98e70d:0
[  909469ms] [ERROR] Failed to load resource: the server responded with a status of 401 () @ https://lms.entechai.ru/api/projects/eco-cf98e70d:0
[  913508ms] [ERROR] Failed to load resource: the server responded with a status of 401 () @ https://lms.entechai.ru/api/projects/eco-cf98e70d:0
[  915607ms] [ERROR] Failed to load resource: the server responded with a status of 401 () @ https://lms.entechai.ru/api/health:0
[  917475ms] [ERROR] Failed to load resource: the server responded with a status of 401 () @ https://lms.entechai.ru/api/projects/eco-cf98e70d:0
[  921470ms] [ERROR] Failed to load resource: the server responded with a status of 401 () @ https://lms.entechai.ru/api/projects/eco-cf98e70d:0
[  925467ms] [ERROR] Failed to load resource: the server responded with a status of 401 () @ https://lms.entechai.ru/api/projects/eco-cf98e70d:0
[  929485ms] [ERROR] Failed to load resource: the server responded with a status of 401 () @ https://lms.entechai.ru/api/projects/eco-cf98e70d:0
[  930559ms] [ERROR] Failed to load resource: the server responded with a status of 401 () @ https://lms.entechai.ru/api/health:0
[  933469ms] [ERROR] Failed to load resource: the server responded with a status of 401 () @ https://lms.entechai.ru/api/projects/eco-cf98e70d:0
[  937467ms] [ERROR] Failed to load resource: the server responded with a status of 401 () @ https://lms.entechai.ru/api/projects/eco-cf98e70d:0
[  941469ms] [ERROR] Failed to load resource: the server responded with a status of 401 () @ https://lms.entechai.ru/api/projects/eco-cf98e70d:0
[  945571ms] [ERROR] Failed to load resource: the server responded with a status of 401 () @ https://lms.entechai.ru/api/projects/eco-cf98e70d:0
[  945592ms] [ERROR] Failed to load resource: the server responded with a status of 401 () @ https://lms.entechai.ru/api/health:0
[  949467ms] [ERROR] Failed to load resource: the server responded with a status of 401 () @ https://lms.entechai.ru/api/projects/eco-cf98e70d:0
[  953477ms] [ERROR] Failed to load resource: the server responded with a status of 401 () @ https://lms.entechai.ru/api/projects/eco-cf98e70d:0
[  957574ms] [ERROR] Failed to load resource: the server responded with a status of 401 () @ https://lms.entechai.ru/api/projects/eco-cf98e70d:0
[  960529ms] [ERROR] Failed to load resource: the server responded with a status of 401 () @ https://lms.entechai.ru/api/health:0
[  961468ms] [ERROR] Failed to load resource: the server responded with a status of 401 () @ https://lms.entechai.ru/api/projects/eco-cf98e70d:0
[  965495ms] [ERROR] Failed to load resource: the server responded with a status of 401 () @ https://lms.entechai.ru/api/projects/eco-cf98e70d:0
[  969493ms] [ERROR] Failed to load resource: the server responded with a status of 401 () @ https://lms.entechai.ru/api/projects/eco-cf98e70d:0
[  973474ms] [ERROR] Failed to load resource: the server responded with a status of 401 () @ https://lms.entechai.ru/api/projects/eco-cf98e70d:0
[  975539ms] [ERROR] Failed to load resource: the server responded with a status of 401 () @ https://lms.entechai.ru/api/health:0
[  977474ms] [ERROR] Failed to load resource: the server responded with a status of 401 () @ https://lms.entechai.ru/api/projects/eco-cf98e70d:0
[  981472ms] [ERROR] Failed to load resource: the server responded with a status of 401 () @ https://lms.entechai.ru/api/projects/eco-cf98e70d:0
[  985472ms] [ERROR] Failed to load resource: the server responded with a status of 401 () @ https://lms.entechai.ru/api/projects/eco-cf98e70d:0
[  989502ms] [ERROR] Failed to load resource: the server responded with a status of 401 () @ https://lms.entechai.ru/api/projects/eco-cf98e70d:0
[  990547ms] [ERROR] Failed to load resource: the server responded with a status of 401 () @ https://lms.entechai.ru/api/health:0
[  993472ms] [ERROR] Failed to load resource: the server responded with a status of 401 () @ https://lms.entechai.ru/api/projects/eco-cf98e70d:0
[  997470ms] [ERROR] Failed to load resource: the server responded with a status of 401 () @ https://lms.entechai.ru/api/projects/eco-cf98e70d:0
[ 1001545ms] [ERROR] Failed to load resource: the server responded with a status of 401 () @ https://lms.entechai.ru/api/projects/eco-cf98e70d:0
[ 1005467ms] [ERROR] Failed to load resource: the server responded with a status of 401 () @ https://lms.entechai.ru/api/projects/eco-cf98e70d:0
[ 1005751ms] [ERROR] Failed to load resource: the server responded with a status of 401 () @ https://lms.entechai.ru/api/health:0
[ 1009471ms] [ERROR] Failed to load resource: the server responded with a status of 401 () @ https://lms.entechai.ru/api/projects/eco-cf98e70d:0
[ 1013470ms] [ERROR] Failed to load resource: the server responded with a status of 401 () @ https://lms.entechai.ru/api/projects/eco-cf98e70d:0
[ 1017469ms] [ERROR] Failed to load resource: the server responded with a status of 401 () @ https://lms.entechai.ru/api/projects/eco-cf98e70d:0
[ 1020549ms] [ERROR] Failed to load resource: the server responded with a status of 401 () @ https://lms.entechai.ru/api/health:0
[ 1021515ms] [ERROR] Failed to load resource: the server responded with a status of 401 () @ https://lms.entechai.ru/api/projects/eco-cf98e70d:0
[ 1025494ms] [ERROR] Failed to load resource: the server responded with a status of 401 () @ https://lms.entechai.ru/api/projects/eco-cf98e70d:0
[ 1029475ms] [ERROR] Failed to load resource: the server responded with a status of 401 () @ https://lms.entechai.ru/api/projects/eco-cf98e70d:0
[ 1033519ms] [ERROR] Failed to load resource: the server responded with a status of 401 () @ https://lms.entechai.ru/api/projects/eco-cf98e70d:0
[ 1035536ms] [ERROR] Failed to load resource: the server responded with a status of 401 () @ https://lms.entechai.ru/api/health:0
[ 1037478ms] [ERROR] Failed to load resource: the server responded with a status of 401 () @ https://lms.entechai.ru/api/projects/eco-cf98e70d:0
[ 1041475ms] [ERROR] Failed to load resource: the server responded with a status of 401 () @ https://lms.entechai.ru/api/projects/eco-cf98e70d:0
[ 1045587ms] [ERROR] Failed to load resource: the server responded with a status of 401 () @ https://lms.entechai.ru/api/projects/eco-cf98e70d:0
[ 1049484ms] [ERROR] Failed to load resource: the server responded with a status of 401 () @ https://lms.entechai.ru/api/projects/eco-cf98e70d:0
[ 1050545ms] [ERROR] Failed to load resource: the server responded with a status of 401 () @ https://lms.entechai.ru/api/health:0
[ 1053468ms] [ERROR] Failed to load resource: the server responded with a status of 401 () @ https://lms.entechai.ru/api/projects/eco-cf98e70d:0
[ 1057470ms] [ERROR] Failed to load resource: the server responded with a status of 401 () @ https://lms.entechai.ru/api/projects/eco-cf98e70d:0
[ 1061473ms] [ERROR] Failed to load resource: the server responded with a status of 401 () @ https://lms.entechai.ru/api/projects/eco-cf98e70d:0
[ 1065554ms] [ERROR] Failed to load resource: the server responded with a status of 401 () @ https://lms.entechai.ru/api/projects/eco-cf98e70d:0
[ 1065555ms] [ERROR] Failed to load resource: the server responded with a status of 401 () @ https://lms.entechai.ru/api/health:0
[ 1069470ms] [ERROR] Failed to load resource: the server responded with a status of 401 () @ https://lms.entechai.ru/api/projects/eco-cf98e70d:0
[ 1073501ms] [ERROR] Failed to load resource: the server responded with a status of 401 () @ https://lms.entechai.ru/api/projects/eco-cf98e70d:0
[ 1077517ms] [ERROR] Failed to load resource: the server responded with a status of 401 () @ https://lms.entechai.ru/api/projects/eco-cf98e70d:0
[ 1080540ms] [ERROR] Failed to load resource: the server responded with a status of 401 () @ https://lms.entechai.ru/api/health:0
[ 1081468ms] [ERROR] Failed to load resource: the server responded with a status of 401 () @ https://lms.entechai.ru/api/projects/eco-cf98e70d:0
[ 1085471ms] [ERROR] Failed to load resource: the server responded with a status of 401 () @ https://lms.entechai.ru/api/projects/eco-cf98e70d:0
[ 1089471ms] [ERROR] Failed to load resource: the server responded with a status of 401 () @ https://lms.entechai.ru/api/projects/eco-cf98e70d:0
[ 1093469ms] [ERROR] Failed to load resource: the server responded with a status of 401 () @ https://lms.entechai.ru/api/projects/eco-cf98e70d:0
[ 1095533ms] [ERROR] Failed to load resource: the server responded with a status of 401 () @ https://lms.entechai.ru/api/health:0
[ 1097627ms] [ERROR] Failed to load resource: the server responded with a status of 401 () @ https://lms.entechai.ru/api/projects/eco-cf98e70d:0
[ 1101483ms] [ERROR] Failed to load resource: the server responded with a status of 401 () @ https://lms.entechai.ru/api/projects/eco-cf98e70d:0
[ 1105485ms] [ERROR] Failed to load resource: the server responded with a status of 401 () @ https://lms.entechai.ru/api/projects/eco-cf98e70d:0
[ 1109556ms] [ERROR] Failed to load resource: the server responded with a status of 401 () @ https://lms.entechai.ru/api/projects/eco-cf98e70d:0
[ 1110635ms] [ERROR] Failed to load resource: the server responded with a status of 401 () @ https://lms.entechai.ru/api/health:0
[ 1113485ms] [ERROR] Failed to load resource: the server responded with a status of 401 () @ https://lms.entechai.ru/api/projects/eco-cf98e70d:0
[ 1117468ms] [ERROR] Failed to load resource: the server responded with a status of 401 () @ https://lms.entechai.ru/api/projects/eco-cf98e70d:0
[ 1121474ms] [ERROR] Failed to load resource: the server responded with a status of 401 () @ https://lms.entechai.ru/api/projects/eco-cf98e70d:0
[ 1125468ms] [ERROR] Failed to load resource: the server responded with a status of 401 () @ https://lms.entechai.ru/api/projects/eco-cf98e70d:0
[ 1125545ms] [ERROR] Failed to load resource: the server responded with a status of 401 () @ https://lms.entechai.ru/api/health:0
[ 1130094ms] [ERROR] Failed to load resource: the server responded with a status of 401 () @ https://lms.entechai.ru/api/projects/eco-cf98e70d:0
[ 1133565ms] [ERROR] Failed to load resource: the server responded with a status of 401 () @ https://lms.entechai.ru/api/projects/eco-cf98e70d:0
[ 1137491ms] [ERROR] Failed to load resource: the server responded with a status of 401 () @ https://lms.entechai.ru/api/projects/eco-cf98e70d:0
[ 1140533ms] [ERROR] Failed to load resource: the server responded with a status of 401 () @ https://lms.entechai.ru/api/health:0
[ 1141536ms] [ERROR] Failed to load resource: the server responded with a status of 401 () @ https://lms.entechai.ru/api/projects/eco-cf98e70d:0
[ 1145629ms] [ERROR] Failed to load resource: the server responded with a status of 401 () @ https://lms.entechai.ru/api/projects/eco-cf98e70d:0
[ 1149470ms] [ERROR] Failed to load resource: the server responded with a status of 401 () @ https://lms.entechai.ru/api/projects/eco-cf98e70d:0
[ 1153592ms] [ERROR] Failed to load resource: the server responded with a status of 401 () @ https://lms.entechai.ru/api/projects/eco-cf98e70d:0
[ 1155554ms] [ERROR] Failed to load resource: the server responded with a status of 401 () @ https://lms.entechai.ru/api/health:0
[ 1157489ms] [ERROR] Failed to load resource: the server responded with a status of 401 () @ https://lms.entechai.ru/api/projects/eco-cf98e70d:0
[ 1161474ms] [ERROR] Failed to load resource: the server responded with a status of 401 () @ https://lms.entechai.ru/api/projects/eco-cf98e70d:0
[ 1165481ms] [ERROR] Failed to load resource: the server responded with a status of 401 () @ https://lms.entechai.ru/api/projects/eco-cf98e70d:0
[ 1169498ms] [ERROR] Failed to load resource: the server responded with a status of 401 () @ https://lms.entechai.ru/api/projects/eco-cf98e70d:0
[ 1170528ms] [ERROR] Failed to load resource: the server responded with a status of 401 () @ https://lms.entechai.ru/api/health:0
[ 1173543ms] [ERROR] Failed to load resource: the server responded with a status of 401 () @ https://lms.entechai.ru/api/projects/eco-cf98e70d:0
[ 1177469ms] [ERROR] Failed to load resource: the server responded with a status of 401 () @ https://lms.entechai.ru/api/projects/eco-cf98e70d:0
[ 1181470ms] [ERROR] Failed to load resource: the server responded with a status of 401 () @ https://lms.entechai.ru/api/projects/eco-cf98e70d:0
[ 1185468ms] [ERROR] Failed to load resource: the server responded with a status of 401 () @ https://lms.entechai.ru/api/projects/eco-cf98e70d:0
[ 1185533ms] [ERROR] Failed to load resource: the server responded with a status of 401 () @ https://lms.entechai.ru/api/health:0
[ 1189468ms] [ERROR] Failed to load resource: the server responded with a status of 401 () @ https://lms.entechai.ru/api/projects/eco-cf98e70d:0
[ 1193476ms] [ERROR] Failed to load resource: the server responded with a status of 401 () @ https://lms.entechai.ru/api/projects/eco-cf98e70d:0
[ 1197470ms] [ERROR] Failed to load resource: the server responded with a status of 401 () @ https://lms.entechai.ru/api/projects/eco-cf98e70d:0
[ 1200533ms] [ERROR] Failed to load resource: the server responded with a status of 401 () @ https://lms.entechai.ru/api/health:0
[ 1201499ms] [ERROR] Failed to load resource: the server responded with a status of 401 () @ https://lms.entechai.ru/api/projects/eco-cf98e70d:0
[ 1205466ms] [ERROR] Failed to load resource: the server responded with a status of 401 () @ https://lms.entechai.ru/api/projects/eco-cf98e70d:0
[ 1209481ms] [ERROR] Failed to load resource: the server responded with a status of 401 () @ https://lms.entechai.ru/api/projects/eco-cf98e70d:0
[ 1213498ms] [ERROR] Failed to load resource: the server responded with a status of 401 () @ https://lms.entechai.ru/api/projects/eco-cf98e70d:0
[ 1215547ms] [ERROR] Failed to load resource: the server responded with a status of 401 () @ https://lms.entechai.ru/api/health:0
[ 1217552ms] [ERROR] Failed to load resource: the server responded with a status of 401 () @ https://lms.entechai.ru/api/projects/eco-cf98e70d:0
[ 1221480ms] [ERROR] Failed to load resource: the server responded with a status of 401 () @ https://lms.entechai.ru/api/projects/eco-cf98e70d:0
[ 1225526ms] [ERROR] Failed to load resource: the server responded with a status of 401 () @ https://lms.entechai.ru/api/projects/eco-cf98e70d:0
[ 1229475ms] [ERROR] Failed to load resource: the server responded with a status of 401 () @ https://lms.entechai.ru/api/projects/eco-cf98e70d:0
[ 1230533ms] [ERROR] Failed to load resource: the server responded with a status of 401 () @ https://lms.entechai.ru/api/health:0
[ 1233503ms] [ERROR] Failed to load resource: the server responded with a status of 401 () @ https://lms.entechai.ru/api/projects/eco-cf98e70d:0
[ 1237502ms] [ERROR] Failed to load resource: the server responded with a status of 401 () @ https://lms.entechai.ru/api/projects/eco-cf98e70d:0
[ 1241476ms] [ERROR] Failed to load resource: the server responded with a status of 401 () @ https://lms.entechai.ru/api/projects/eco-cf98e70d:0
[ 1245490ms] [ERROR] Failed to load resource: the server responded with a status of 401 () @ https://lms.entechai.ru/api/projects/eco-cf98e70d:0
[ 1245565ms] [ERROR] Failed to load resource: the server responded with a status of 401 () @ https://lms.entechai.ru/api/health:0
[ 1249518ms] [ERROR] Failed to load resource: the server responded with a status of 401 () @ https://lms.entechai.ru/api/projects/eco-cf98e70d:0
[ 1253464ms] [ERROR] Failed to load resource: the server responded with a status of 401 () @ https://lms.entechai.ru/api/projects/eco-cf98e70d:0
[ 1257488ms] [ERROR] Failed to load resource: the server responded with a status of 401 () @ https://lms.entechai.ru/api/projects/eco-cf98e70d:0
[ 1260574ms] [ERROR] Failed to load resource: the server responded with a status of 401 () @ https://lms.entechai.ru/api/health:0
[ 1261718ms] [ERROR] Failed to load resource: the server responded with a status of 401 () @ https://lms.entechai.ru/api/projects/eco-cf98e70d:0
[ 1265497ms] [ERROR] Failed to load resource: the server responded with a status of 401 () @ https://lms.entechai.ru/api/projects/eco-cf98e70d:0
[ 1269471ms] [ERROR] Failed to load resource: the server responded with a status of 401 () @ https://lms.entechai.ru/api/projects/eco-cf98e70d:0
[ 1273470ms] [ERROR] Failed to load resource: the server responded with a status of 401 () @ https://lms.entechai.ru/api/projects/eco-cf98e70d:0
[ 1275545ms] [ERROR] Failed to load resource: the server responded with a status of 401 () @ https://lms.entechai.ru/api/health:0
[ 1277470ms] [ERROR] Failed to load resource: the server responded with a status of 401 () @ https://lms.entechai.ru/api/projects/eco-cf98e70d:0
[ 1281571ms] [ERROR] Failed to load resource: the server responded with a status of 401 () @ https://lms.entechai.ru/api/projects/eco-cf98e70d:0
[ 1285490ms] [ERROR] Failed to load resource: the server responded with a status of 401 () @ https://lms.entechai.ru/api/projects/eco-cf98e70d:0
[ 1289487ms] [ERROR] Failed to load resource: the server responded with a status of 401 () @ https://lms.entechai.ru/api/projects/eco-cf98e70d:0
[ 1290557ms] [ERROR] Failed to load resource: the server responded with a status of 401 () @ https://lms.entechai.ru/api/health:0
[ 1293496ms] [ERROR] Failed to load resource: the server responded with a status of 401 () @ https://lms.entechai.ru/api/projects/eco-cf98e70d:0
[ 1297490ms] [ERROR] Failed to load resource: the server responded with a status of 401 () @ https://lms.entechai.ru/api/projects/eco-cf98e70d:0
[ 1301497ms] [ERROR] Failed to load resource: the server responded with a status of 401 () @ https://lms.entechai.ru/api/projects/eco-cf98e70d:0
[ 1305496ms] [ERROR] Failed to load resource: the server responded with a status of 401 () @ https://lms.entechai.ru/api/projects/eco-cf98e70d:0
[ 1305663ms] [ERROR] Failed to load resource: the server responded with a status of 401 () @ https://lms.entechai.ru/api/health:0
[ 1309513ms] [ERROR] Failed to load resource: the server responded with a status of 401 () @ https://lms.entechai.ru/api/projects/eco-cf98e70d:0
[ 1313537ms] [ERROR] Failed to load resource: the server responded with a status of 401 () @ https://lms.entechai.ru/api/projects/eco-cf98e70d:0
[ 1317501ms] [ERROR] Failed to load resource: the server responded with a status of 401 () @ https://lms.entechai.ru/api/projects/eco-cf98e70d:0
[ 1320562ms] [ERROR] Failed to load resource: the server responded with a status of 401 () @ https://lms.entechai.ru/api/health:0
[ 1321498ms] [ERROR] Failed to load resource: the server responded with a status of 401 () @ https://lms.entechai.ru/api/projects/eco-cf98e70d:0
[ 1325587ms] [ERROR] Failed to load resource: the server responded with a status of 401 () @ https://lms.entechai.ru/api/projects/eco-cf98e70d:0
[ 1329546ms] [ERROR] Failed to load resource: the server responded with a status of 401 () @ https://lms.entechai.ru/api/projects/eco-cf98e70d:0
[ 1333500ms] [ERROR] Failed to load resource: the server responded with a status of 401 () @ https://lms.entechai.ru/api/projects/eco-cf98e70d:0
[ 1335578ms] [ERROR] Failed to load resource: the server responded with a status of 401 () @ https://lms.entechai.ru/api/health:0
[ 1337554ms] [ERROR] Failed to load resource: the server responded with a status of 401 () @ https://lms.entechai.ru/api/projects/eco-cf98e70d:0
[ 1341500ms] [ERROR] Failed to load resource: the server responded with a status of 401 () @ https://lms.entechai.ru/api/projects/eco-cf98e70d:0
[ 1345547ms] [ERROR] Failed to load resource: the server responded with a status of 401 () @ https://lms.entechai.ru/api/projects/eco-cf98e70d:0
[ 1349505ms] [ERROR] Failed to load resource: the server responded with a status of 401 () @ https://lms.entechai.ru/api/projects/eco-cf98e70d:0
[ 1350589ms] [ERROR] Failed to load resource: the server responded with a status of 401 () @ https://lms.entechai.ru/api/health:0
[ 1353504ms] [ERROR] Failed to load resource: the server responded with a status of 401 () @ https://lms.entechai.ru/api/projects/eco-cf98e70d:0
[ 1357515ms] [ERROR] Failed to load resource: the server responded with a status of 401 () @ https://lms.entechai.ru/api/projects/eco-cf98e70d:0
[ 1361515ms] [ERROR] Failed to load resource: the server responded with a status of 401 () @ https://lms.entechai.ru/api/projects/eco-cf98e70d:0
[ 1365515ms] [ERROR] Failed to load resource: the server responded with a status of 401 () @ https://lms.entechai.ru/api/projects/eco-cf98e70d:0
[ 1365610ms] [ERROR] Failed to load resource: the server responded with a status of 401 () @ https://lms.entechai.ru/api/health:0
[ 1369506ms] [ERROR] Failed to load resource: the server responded with a status of 401 () @ https://lms.entechai.ru/api/projects/eco-cf98e70d:0
[ 1373502ms] [ERROR] Failed to load resource: the server responded with a status of 401 () @ https://lms.entechai.ru/api/projects/eco-cf98e70d:0
[ 1377536ms] [ERROR] Failed to load resource: the server responded with a status of 401 () @ https://lms.entechai.ru/api/projects/eco-cf98e70d:0
[ 1380563ms] [ERROR] Failed to load resource: the server responded with a status of 401 () @ https://lms.entechai.ru/api/health:0
[ 1381502ms] [ERROR] Failed to load resource: the server responded with a status of 401 () @ https://lms.entechai.ru/api/projects/eco-cf98e70d:0
[ 1385499ms] [ERROR] Failed to load resource: the server responded with a status of 401 () @ https://lms.entechai.ru/api/projects/eco-cf98e70d:0
[ 1389584ms] [ERROR] Failed to load resource: the server responded with a status of 401 () @ https://lms.entechai.ru/api/projects/eco-cf98e70d:0
[ 1393540ms] [ERROR] Failed to load resource: the server responded with a status of 401 () @ https://lms.entechai.ru/api/projects/eco-cf98e70d:0
[ 1395575ms] [ERROR] Failed to load resource: the server responded with a status of 401 () @ https://lms.entechai.ru/api/health:0
[ 1397506ms] [ERROR] Failed to load resource: the server responded with a status of 401 () @ https://lms.entechai.ru/api/projects/eco-cf98e70d:0
[ 1401534ms] [ERROR] Failed to load resource: the server responded with a status of 401 () @ https://lms.entechai.ru/api/projects/eco-cf98e70d:0
[ 1405499ms] [ERROR] Failed to load resource: the server responded with a status of 401 () @ https://lms.entechai.ru/api/projects/eco-cf98e70d:0
[ 1409506ms] [ERROR] Failed to load resource: the server responded with a status of 401 () @ https://lms.entechai.ru/api/projects/eco-cf98e70d:0
[ 1410563ms] [ERROR] Failed to load resource: the server responded with a status of 401 () @ https://lms.entechai.ru/api/health:0
[ 1413499ms] [ERROR] Failed to load resource: the server responded with a status of 401 () @ https://lms.entechai.ru/api/projects/eco-cf98e70d:0
[ 1417514ms] [ERROR] Failed to load resource: the server responded with a status of 401 () @ https://lms.entechai.ru/api/projects/eco-cf98e70d:0
[ 1421553ms] [ERROR] Failed to load resource: the server responded with a status of 401 () @ https://lms.entechai.ru/api/projects/eco-cf98e70d:0
[ 1425647ms] [ERROR] Failed to load resource: the server responded with a status of 401 () @ https://lms.entechai.ru/api/projects/eco-cf98e70d:0
[ 1425651ms] [ERROR] Failed to load resource: the server responded with a status of 401 () @ https://lms.entechai.ru/api/health:0
[ 1429507ms] [ERROR] Failed to load resource: the server responded with a status of 401 () @ https://lms.entechai.ru/api/projects/eco-cf98e70d:0
[ 1433591ms] [ERROR] Failed to load resource: the server responded with a status of 401 () @ https://lms.entechai.ru/api/projects/eco-cf98e70d:0
[ 1437501ms] [ERROR] Failed to load resource: the server responded with a status of 401 () @ https://lms.entechai.ru/api/projects/eco-cf98e70d:0
[ 1440564ms] [ERROR] Failed to load resource: the server responded with a status of 401 () @ https://lms.entechai.ru/api/health:0
[ 1441504ms] [ERROR] Failed to load resource: the server responded with a status of 401 () @ https://lms.entechai.ru/api/projects/eco-cf98e70d:0
[ 1445509ms] [ERROR] Failed to load resource: the server responded with a status of 401 () @ https://lms.entechai.ru/api/projects/eco-cf98e70d:0
[ 1449505ms] [ERROR] Failed to load resource: the server responded with a status of 401 () @ https://lms.entechai.ru/api/projects/eco-cf98e70d:0
[ 1453546ms] [ERROR] Failed to load resource: the server responded with a status of 401 () @ https://lms.entechai.ru/api/projects/eco-cf98e70d:0
[ 1455642ms] [ERROR] Failed to load resource: the server responded with a status of 401 () @ https://lms.entechai.ru/api/health:0
[ 1457526ms] [ERROR] Failed to load resource: the server responded with a status of 401 () @ https://lms.entechai.ru/api/projects/eco-cf98e70d:0
[ 1461507ms] [ERROR] Failed to load resource: the server responded with a status of 401 () @ https://lms.entechai.ru/api/projects/eco-cf98e70d:0
[ 1465498ms] [ERROR] Failed to load resource: the server responded with a status of 401 () @ https://lms.entechai.ru/api/projects/eco-cf98e70d:0
[ 1469502ms] [ERROR] Failed to load resource: the server responded with a status of 401 () @ https://lms.entechai.ru/api/projects/eco-cf98e70d:0
[ 1470572ms] [ERROR] Failed to load resource: the server responded with a status of 401 () @ https://lms.entechai.ru/api/health:0
[ 1473512ms] [ERROR] Failed to load resource: the server responded with a status of 401 () @ https://lms.entechai.ru/api/projects/eco-cf98e70d:0
[ 1477506ms] [ERROR] Failed to load resource: the server responded with a status of 401 () @ https://lms.entechai.ru/api/projects/eco-cf98e70d:0
[ 1481505ms] [ERROR] Failed to load resource: the server responded with a status of 401 () @ https://lms.entechai.ru/api/projects/eco-cf98e70d:0
[ 1485504ms] [ERROR] Failed to load resource: the server responded with a status of 401 () @ https://lms.entechai.ru/api/projects/eco-cf98e70d:0
[ 1485584ms] [ERROR] Failed to load resource: the server responded with a status of 401 () @ https://lms.entechai.ru/api/health:0
[ 1489509ms] [ERROR] Failed to load resource: the server responded with a status of 401 () @ https://lms.entechai.ru/api/projects/eco-cf98e70d:0
[ 1493500ms] [ERROR] Failed to load resource: the server responded with a status of 401 () @ https://lms.entechai.ru/api/projects/eco-cf98e70d:0
[ 1497626ms] [ERROR] Failed to load resource: the server responded with a status of 401 () @ https://lms.entechai.ru/api/projects/eco-cf98e70d:0
[ 1500581ms] [ERROR] Failed to load resource: the server responded with a status of 401 () @ https://lms.entechai.ru/api/health:0
[ 1501782ms] [ERROR] Failed to load resource: the server responded with a status of 401 () @ https://lms.entechai.ru/api/projects/eco-cf98e70d:0
[ 1505498ms] [ERROR] Failed to load resource: the server responded with a status of 401 () @ https://lms.entechai.ru/api/projects/eco-cf98e70d:0
[ 1509501ms] [ERROR] Failed to load resource: the server responded with a status of 401 () @ https://lms.entechai.ru/api/projects/eco-cf98e70d:0
[ 1513501ms] [ERROR] Failed to load resource: the server responded with a status of 401 () @ https://lms.entechai.ru/api/projects/eco-cf98e70d:0
[ 1515583ms] [ERROR] Failed to load resource: the server responded with a status of 401 () @ https://lms.entechai.ru/api/health:0
[ 1517653ms] [ERROR] Failed to load resource: the server responded with a status of 401 () @ https://lms.entechai.ru/api/projects/eco-cf98e70d:0
[ 1521524ms] [ERROR] Failed to load resource: the server responded with a status of 401 () @ https://lms.entechai.ru/api/projects/eco-cf98e70d:0
[ 1525501ms] [ERROR] Failed to load resource: the server responded with a status of 401 () @ https://lms.entechai.ru/api/projects/eco-cf98e70d:0
[ 1529504ms] [ERROR] Failed to load resource: the server responded with a status of 401 () @ https://lms.entechai.ru/api/projects/eco-cf98e70d:0
[ 1530591ms] [ERROR] Failed to load resource: the server responded with a status of 401 () @ https://lms.entechai.ru/api/health:0
[ 1533499ms] [ERROR] Failed to load resource: the server responded with a status of 401 () @ https://lms.entechai.ru/api/projects/eco-cf98e70d:0
[ 1537507ms] [ERROR] Failed to load resource: the server responded with a status of 401 () @ https://lms.entechai.ru/api/projects/eco-cf98e70d:0
[ 1541600ms] [ERROR] Failed to load resource: the server responded with a status of 401 () @ https://lms.entechai.ru/api/projects/eco-cf98e70d:0
[ 1545501ms] [ERROR] Failed to load resource: the server responded with a status of 401 () @ https://lms.entechai.ru/api/projects/eco-cf98e70d:0
[ 1545588ms] [ERROR] Failed to load resource: the server responded with a status of 401 () @ https://lms.entechai.ru/api/health:0
[ 1549514ms] [ERROR] Failed to load resource: the server responded with a status of 401 () @ https://lms.entechai.ru/api/projects/eco-cf98e70d:0
[ 1553506ms] [ERROR] Failed to load resource: the server responded with a status of 401 () @ https://lms.entechai.ru/api/projects/eco-cf98e70d:0
[ 1557499ms] [ERROR] Failed to load resource: the server responded with a status of 401 () @ https://lms.entechai.ru/api/projects/eco-cf98e70d:0
[ 1560574ms] [ERROR] Failed to load resource: the server responded with a status of 401 () @ https://lms.entechai.ru/api/health:0
[ 1561568ms] [ERROR] Failed to load resource: the server responded with a status of 401 () @ https://lms.entechai.ru/api/projects/eco-cf98e70d:0
[ 1565499ms] [ERROR] Failed to load resource: the server responded with a status of 401 () @ https://lms.entechai.ru/api/projects/eco-cf98e70d:0
[ 1569498ms] [ERROR] Failed to load resource: the server responded with a status of 401 () @ https://lms.entechai.ru/api/projects/eco-cf98e70d:0
[ 1573502ms] [ERROR] Failed to load resource: the server responded with a status of 401 () @ https://lms.entechai.ru/api/projects/eco-cf98e70d:0
[ 1575606ms] [ERROR] Failed to load resource: the server responded with a status of 401 () @ https://lms.entechai.ru/api/health:0
[ 1577531ms] [ERROR] Failed to load resource: the server responded with a status of 401 () @ https://lms.entechai.ru/api/projects/eco-cf98e70d:0
[ 1581498ms] [ERROR] Failed to load resource: the server responded with a status of 401 () @ https://lms.entechai.ru/api/projects/eco-cf98e70d:0
[ 1585500ms] [ERROR] Failed to load resource: the server responded with a status of 401 () @ https://lms.entechai.ru/api/projects/eco-cf98e70d:0
[ 1589498ms] [ERROR] Failed to load resource: the server responded with a status of 401 () @ https://lms.entechai.ru/api/projects/eco-cf98e70d:0
[ 1590581ms] [ERROR] Failed to load resource: the server responded with a status of 401 () @ https://lms.entechai.ru/api/health:0
[ 1593549ms] [ERROR] Failed to load resource: the server responded with a status of 401 () @ https://lms.entechai.ru/api/projects/eco-cf98e70d:0
[ 1597524ms] [ERROR] Failed to load resource: the server responded with a status of 401 () @ https://lms.entechai.ru/api/projects/eco-cf98e70d:0
[ 1601501ms] [ERROR] Failed to load resource: the server responded with a status of 401 () @ https://lms.entechai.ru/api/projects/eco-cf98e70d:0
[ 1605591ms] [ERROR] Failed to load resource: the server responded with a status of 401 () @ https://lms.entechai.ru/api/health:0
[ 1605600ms] [ERROR] Failed to load resource: the server responded with a status of 401 () @ https://lms.entechai.ru/api/projects/eco-cf98e70d:0
[ 1609523ms] [ERROR] Failed to load resource: the server responded with a status of 401 () @ https://lms.entechai.ru/api/projects/eco-cf98e70d:0
[ 1613500ms] [ERROR] Failed to load resource: the server responded with a status of 401 () @ https://lms.entechai.ru/api/projects/eco-cf98e70d:0
[ 1617507ms] [ERROR] Failed to load resource: the server responded with a status of 401 () @ https://lms.entechai.ru/api/projects/eco-cf98e70d:0
[ 1620582ms] [ERROR] Failed to load resource: the server responded with a status of 401 () @ https://lms.entechai.ru/api/health:0
[ 1621504ms] [ERROR] Failed to load resource: the server responded with a status of 401 () @ https://lms.entechai.ru/api/projects/eco-cf98e70d:0
[ 1625618ms] [ERROR] Failed to load resource: the server responded with a status of 401 () @ https://lms.entechai.ru/api/projects/eco-cf98e70d:0
[ 1629500ms] [ERROR] Failed to load resource: the server responded with a status of 401 () @ https://lms.entechai.ru/api/projects/eco-cf98e70d:0
[ 1633502ms] [ERROR] Failed to load resource: the server responded with a status of 401 () @ https://lms.entechai.ru/api/projects/eco-cf98e70d:0
[ 1635568ms] [ERROR] Failed to load resource: the server responded with a status of 401 () @ https://lms.entechai.ru/api/health:0
[ 1637499ms] [ERROR] Failed to load resource: the server responded with a status of 401 () @ https://lms.entechai.ru/api/projects/eco-cf98e70d:0
[ 1641588ms] [ERROR] Failed to load resource: the server responded with a status of 401 () @ https://lms.entechai.ru/api/projects/eco-cf98e70d:0
[ 1645786ms] [ERROR] Failed to load resource: the server responded with a status of 401 () @ https://lms.entechai.ru/api/projects/eco-cf98e70d:0
[ 1649662ms] [ERROR] Failed to load resource: the server responded with a status of 401 () @ https://lms.entechai.ru/api/projects/eco-cf98e70d:0
[ 1650656ms] [ERROR] Failed to load resource: the server responded with a status of 401 () @ https://lms.entechai.ru/api/health:0
[ 1653539ms] [ERROR] Failed to load resource: the server responded with a status of 401 () @ https://lms.entechai.ru/api/projects/eco-cf98e70d:0
[ 1657498ms] [ERROR] Failed to load resource: the server responded with a status of 401 () @ https://lms.entechai.ru/api/projects/eco-cf98e70d:0
[ 1661497ms] [ERROR] Failed to load resource: the server responded with a status of 401 () @ https://lms.entechai.ru/api/projects/eco-cf98e70d:0
[ 1665540ms] [ERROR] Failed to load resource: the server responded with a status of 401 () @ https://lms.entechai.ru/api/projects/eco-cf98e70d:0
[ 1665567ms] [ERROR] Failed to load resource: the server responded with a status of 401 () @ https://lms.entechai.ru/api/health:0
[ 1669557ms] [ERROR] Failed to load resource: the server responded with a status of 401 () @ https://lms.entechai.ru/api/projects/eco-cf98e70d:0
[ 1673723ms] [ERROR] Failed to load resource: the server responded with a status of 401 () @ https://lms.entechai.ru/api/projects/eco-cf98e70d:0
[ 1677498ms] [ERROR] Failed to load resource: the server responded with a status of 401 () @ https://lms.entechai.ru/api/projects/eco-cf98e70d:0
[ 1680583ms] [ERROR] Failed to load resource: the server responded with a status of 401 () @ https://lms.entechai.ru/api/health:0
[ 1681509ms] [ERROR] Failed to load resource: the server responded with a status of 401 () @ https://lms.entechai.ru/api/projects/eco-cf98e70d:0
[ 1685514ms] [ERROR] Failed to load resource: the server responded with a status of 401 () @ https://lms.entechai.ru/api/projects/eco-cf98e70d:0
[ 1689497ms] [ERROR] Failed to load resource: the server responded with a status of 401 () @ https://lms.entechai.ru/api/projects/eco-cf98e70d:0
[ 1693502ms] [ERROR] Failed to load resource: the server responded with a status of 401 () @ https://lms.entechai.ru/api/projects/eco-cf98e70d:0
[ 1695563ms] [ERROR] Failed to load resource: the server responded with a status of 401 () @ https://lms.entechai.ru/api/health:0
[ 1697517ms] [ERROR] Failed to load resource: the server responded with a status of 401 () @ https://lms.entechai.ru/api/projects/eco-cf98e70d:0
[ 1701553ms] [ERROR] Failed to load resource: the server responded with a status of 401 () @ https://lms.entechai.ru/api/projects/eco-cf98e70d:0
[ 1705500ms] [ERROR] Failed to load resource: the server responded with a status of 401 () @ https://lms.entechai.ru/api/projects/eco-cf98e70d:0
[ 1709500ms] [ERROR] Failed to load resource: the server responded with a status of 401 () @ https://lms.entechai.ru/api/projects/eco-cf98e70d:0
[ 1710591ms] [ERROR] Failed to load resource: the server responded with a status of 401 () @ https://lms.entechai.ru/api/health:0
[ 1713597ms] [ERROR] Failed to load resource: the server responded with a status of 401 () @ https://lms.entechai.ru/api/projects/eco-cf98e70d:0
[ 1717622ms] [ERROR] Failed to load resource: the server responded with a status of 401 () @ https://lms.entechai.ru/api/projects/eco-cf98e70d:0
[ 1721522ms] [ERROR] Failed to load resource: the server responded with a status of 401 () @ https://lms.entechai.ru/api/projects/eco-cf98e70d:0
[ 1725543ms] [ERROR] Failed to load resource: the server responded with a status of 401 () @ https://lms.entechai.ru/api/projects/eco-cf98e70d:0
[ 1725571ms] [ERROR] Failed to load resource: the server responded with a status of 401 () @ https://lms.entechai.ru/api/health:0
[ 1729629ms] [ERROR] Failed to load resource: the server responded with a status of 401 () @ https://lms.entechai.ru/api/projects/eco-cf98e70d:0
[ 1733553ms] [ERROR] Failed to load resource: the server responded with a status of 401 () @ https://lms.entechai.ru/api/projects/eco-cf98e70d:0
[ 1737510ms] [ERROR] Failed to load resource: the server responded with a status of 401 () @ https://lms.entechai.ru/api/projects/eco-cf98e70d:0
[ 1740565ms] [ERROR] Failed to load resource: the server responded with a status of 401 () @ https://lms.entechai.ru/api/health:0
[ 1741511ms] [ERROR] Failed to load resource: the server responded with a status of 401 () @ https://lms.entechai.ru/api/projects/eco-cf98e70d:0
[ 1745510ms] [ERROR] Failed to load resource: the server responded with a status of 401 () @ https://lms.entechai.ru/api/projects/eco-cf98e70d:0
[ 1749504ms] [ERROR] Failed to load resource: the server responded with a status of 401 () @ https://lms.entechai.ru/api/projects/eco-cf98e70d:0
[ 1753501ms] [ERROR] Failed to load resource: the server responded with a status of 401 () @ https://lms.entechai.ru/api/projects/eco-cf98e70d:0
[ 1755568ms] [ERROR] Failed to load resource: the server responded with a status of 401 () @ https://lms.entechai.ru/api/health:0
[ 1757501ms] [ERROR] Failed to load resource: the server responded with a status of 401 () @ https://lms.entechai.ru/api/projects/eco-cf98e70d:0
[ 1761518ms] [ERROR] Failed to load resource: the server responded with a status of 401 () @ https://lms.entechai.ru/api/projects/eco-cf98e70d:0
[ 1765501ms] [ERROR] Failed to load resource: the server responded with a status of 401 () @ https://lms.entechai.ru/api/projects/eco-cf98e70d:0
[ 1769503ms] [ERROR] Failed to load resource: the server responded with a status of 401 () @ https://lms.entechai.ru/api/projects/eco-cf98e70d:0
[ 1770570ms] [ERROR] Failed to load resource: the server responded with a status of 401 () @ https://lms.entechai.ru/api/health:0
[ 1773509ms] [ERROR] Failed to load resource: the server responded with a status of 401 () @ https://lms.entechai.ru/api/projects/eco-cf98e70d:0
[ 1777557ms] [ERROR] Failed to load resource: the server responded with a status of 401 () @ https://lms.entechai.ru/api/projects/eco-cf98e70d:0
[ 1781501ms] [ERROR] Failed to load resource: the server responded with a status of 401 () @ https://lms.entechai.ru/api/projects/eco-cf98e70d:0
[ 1785502ms] [ERROR] Failed to load resource: the server responded with a status of 401 () @ https://lms.entechai.ru/api/projects/eco-cf98e70d:0
[ 1785572ms] [ERROR] Failed to load resource: the server responded with a status of 401 () @ https://lms.entechai.ru/api/health:0
[ 1789498ms] [ERROR] Failed to load resource: the server responded with a status of 401 () @ https://lms.entechai.ru/api/projects/eco-cf98e70d:0
[ 1793503ms] [ERROR] Failed to load resource: the server responded with a status of 401 () @ https://lms.entechai.ru/api/projects/eco-cf98e70d:0
[ 1797510ms] [ERROR] Failed to load resource: the server responded with a status of 401 () @ https://lms.entechai.ru/api/projects/eco-cf98e70d:0
[ 1800629ms] [ERROR] Failed to load resource: the server responded with a status of 401 () @ https://lms.entechai.ru/api/health:0
[ 1801505ms] [ERROR] Failed to load resource: the server responded with a status of 401 () @ https://lms.entechai.ru/api/projects/eco-cf98e70d:0
[ 1805502ms] [ERROR] Failed to load resource: the server responded with a status of 401 () @ https://lms.entechai.ru/api/projects/eco-cf98e70d:0
[ 1809518ms] [ERROR] Failed to load resource: the server responded with a status of 401 () @ https://lms.entechai.ru/api/projects/eco-cf98e70d:0
[ 1813500ms] [ERROR] Failed to load resource: the server responded with a status of 401 () @ https://lms.entechai.ru/api/projects/eco-cf98e70d:0
[ 1815634ms] [ERROR] Failed to load resource: the server responded with a status of 401 () @ https://lms.entechai.ru/api/health:0
[ 1817815ms] [ERROR] Failed to load resource: the server responded with a status of 401 () @ https://lms.entechai.ru/api/projects/eco-cf98e70d:0
[ 1821700ms] [ERROR] Failed to load resource: the server responded with a status of 401 () @ https://lms.entechai.ru/api/projects/eco-cf98e70d:0
[ 1825537ms] [ERROR] Failed to load resource: the server responded with a status of 401 () @ https://lms.entechai.ru/api/projects/eco-cf98e70d:0
[ 1829550ms] [ERROR] Failed to load resource: the server responded with a status of 401 () @ https://lms.entechai.ru/api/projects/eco-cf98e70d:0
[ 1830612ms] [ERROR] Failed to load resource: the server responded with a status of 401 () @ https://lms.entechai.ru/api/health:0
[ 1833499ms] [ERROR] Failed to load resource: the server responded with a status of 401 () @ https://lms.entechai.ru/api/projects/eco-cf98e70d:0
[ 1837499ms] [ERROR] Failed to load resource: the server responded with a status of 401 () @ https://lms.entechai.ru/api/projects/eco-cf98e70d:0
[ 1841526ms] [ERROR] Failed to load resource: the server responded with a status of 401 () @ https://lms.entechai.ru/api/projects/eco-cf98e70d:0
[ 1845524ms] [ERROR] Failed to load resource: the server responded with a status of 401 () @ https://lms.entechai.ru/api/projects/eco-cf98e70d:0
[ 1845559ms] [ERROR] Failed to load resource: the server responded with a status of 401 () @ https://lms.entechai.ru/api/health:0
[ 1849498ms] [ERROR] Failed to load resource: the server responded with a status of 401 () @ https://lms.entechai.ru/api/projects/eco-cf98e70d:0
[ 1853552ms] [ERROR] Failed to load resource: the server responded with a status of 401 () @ https://lms.entechai.ru/api/projects/eco-cf98e70d:0
[ 1857504ms] [ERROR] Failed to load resource: the server responded with a status of 401 () @ https://lms.entechai.ru/api/projects/eco-cf98e70d:0
[ 1860561ms] [ERROR] Failed to load resource: the server responded with a status of 401 () @ https://lms.entechai.ru/api/health:0
[ 1861504ms] [ERROR] Failed to load resource: the server responded with a status of 401 () @ https://lms.entechai.ru/api/projects/eco-cf98e70d:0
[ 1865614ms] [ERROR] Failed to load resource: the server responded with a status of 401 () @ https://lms.entechai.ru/api/projects/eco-cf98e70d:0
[ 1869500ms] [ERROR] Failed to load resource: the server responded with a status of 401 () @ https://lms.entechai.ru/api/projects/eco-cf98e70d:0
[ 1873514ms] [ERROR] Failed to load resource: the server responded with a status of 401 () @ https://lms.entechai.ru/api/projects/eco-cf98e70d:0
[ 1875582ms] [ERROR] Failed to load resource: the server responded with a status of 401 () @ https://lms.entechai.ru/api/health:0
[ 1877502ms] [ERROR] Failed to load resource: the server responded with a status of 401 () @ https://lms.entechai.ru/api/projects/eco-cf98e70d:0
[ 1881503ms] [ERROR] Failed to load resource: the server responded with a status of 401 () @ https://lms.entechai.ru/api/projects/eco-cf98e70d:0
[ 1885562ms] [ERROR] Failed to load resource: the server responded with a status of 401 () @ https://lms.entechai.ru/api/projects/eco-cf98e70d:0
[ 1889498ms] [ERROR] Failed to load resource: the server responded with a status of 401 () @ https://lms.entechai.ru/api/projects/eco-cf98e70d:0
[ 1890578ms] [ERROR] Failed to load resource: the server responded with a status of 401 () @ https://lms.entechai.ru/api/health:0
[ 1893599ms] [ERROR] Failed to load resource: the server responded with a status of 401 () @ https://lms.entechai.ru/api/projects/eco-cf98e70d:0
[ 1897502ms] [ERROR] Failed to load resource: the server responded with a status of 401 () @ https://lms.entechai.ru/api/projects/eco-cf98e70d:0
[ 1901674ms] [ERROR] Failed to load resource: the server responded with a status of 401 () @ https://lms.entechai.ru/api/projects/eco-cf98e70d:0
[ 1905498ms] [ERROR] Failed to load resource: the server responded with a status of 401 () @ https://lms.entechai.ru/api/projects/eco-cf98e70d:0
[ 1905568ms] [ERROR] Failed to load resource: the server responded with a status of 401 () @ https://lms.entechai.ru/api/health:0
[ 1909529ms] [ERROR] Failed to load resource: the server responded with a status of 401 () @ https://lms.entechai.ru/api/projects/eco-cf98e70d:0
[ 1913498ms] [ERROR] Failed to load resource: the server responded with a status of 401 () @ https://lms.entechai.ru/api/projects/eco-cf98e70d:0
[ 1917504ms] [ERROR] Failed to load resource: the server responded with a status of 401 () @ https://lms.entechai.ru/api/projects/eco-cf98e70d:0
[ 1920593ms] [ERROR] Failed to load resource: the server responded with a status of 401 () @ https://lms.entechai.ru/api/health:0
[ 1921538ms] [ERROR] Failed to load resource: the server responded with a status of 401 () @ https://lms.entechai.ru/api/projects/eco-cf98e70d:0
[ 1925536ms] [ERROR] Failed to load resource: the server responded with a status of 401 () @ https://lms.entechai.ru/api/projects/eco-cf98e70d:0
[ 1929575ms] [ERROR] Failed to load resource: the server responded with a status of 401 () @ https://lms.entechai.ru/api/projects/eco-cf98e70d:0
[ 1933502ms] [ERROR] Failed to load resource: the server responded with a status of 401 () @ https://lms.entechai.ru/api/projects/eco-cf98e70d:0
[ 1935565ms] [ERROR] Failed to load resource: the server responded with a status of 401 () @ https://lms.entechai.ru/api/health:0
[ 1937506ms] [ERROR] Failed to load resource: the server responded with a status of 401 () @ https://lms.entechai.ru/api/projects/eco-cf98e70d:0
[ 1941513ms] [ERROR] Failed to load resource: the server responded with a status of 401 () @ https://lms.entechai.ru/api/projects/eco-cf98e70d:0
[ 1945520ms] [ERROR] Failed to load resource: the server responded with a status of 401 () @ https://lms.entechai.ru/api/projects/eco-cf98e70d:0
[ 1949531ms] [ERROR] Failed to load resource: the server responded with a status of 401 () @ https://lms.entechai.ru/api/projects/eco-cf98e70d:0
[ 1950574ms] [ERROR] Failed to load resource: the server responded with a status of 401 () @ https://lms.entechai.ru/api/health:0
[ 1953498ms] [ERROR] Failed to load resource: the server responded with a status of 401 () @ https://lms.entechai.ru/api/projects/eco-cf98e70d:0
[ 1957500ms] [ERROR] Failed to load resource: the server responded with a status of 401 () @ https://lms.entechai.ru/api/projects/eco-cf98e70d:0
[ 1961500ms] [ERROR] Failed to load resource: the server responded with a status of 401 () @ https://lms.entechai.ru/api/projects/eco-cf98e70d:0
[ 1965502ms] [ERROR] Failed to load resource: the server responded with a status of 401 () @ https://lms.entechai.ru/api/projects/eco-cf98e70d:0
[ 1965575ms] [ERROR] Failed to load resource: the server responded with a status of 401 () @ https://lms.entechai.ru/api/health:0
[ 1969594ms] [ERROR] Failed to load resource: the server responded with a status of 401 () @ https://lms.entechai.ru/api/projects/eco-cf98e70d:0
[ 1973616ms] [ERROR] Failed to load resource: the server responded with a status of 401 () @ https://lms.entechai.ru/api/projects/eco-cf98e70d:0
[ 1977498ms] [ERROR] Failed to load resource: the server responded with a status of 401 () @ https://lms.entechai.ru/api/projects/eco-cf98e70d:0
[ 1980558ms] [ERROR] Failed to load resource: the server responded with a status of 401 () @ https://lms.entechai.ru/api/health:0
[ 1981502ms] [ERROR] Failed to load resource: the server responded with a status of 401 () @ https://lms.entechai.ru/api/projects/eco-cf98e70d:0
[ 1985553ms] [ERROR] Failed to load resource: the server responded with a status of 401 () @ https://lms.entechai.ru/api/projects/eco-cf98e70d:0
[ 1989539ms] [ERROR] Failed to load resource: the server responded with a status of 401 () @ https://lms.entechai.ru/api/projects/eco-cf98e70d:0
[ 1993571ms] [ERROR] Failed to load resource: the server responded with a status of 401 () @ https://lms.entechai.ru/api/projects/eco-cf98e70d:0
[ 1995638ms] [ERROR] Failed to load resource: the server responded with a status of 401 () @ https://lms.entechai.ru/api/health:0
[ 1997502ms] [ERROR] Failed to load resource: the server responded with a status of 401 () @ https://lms.entechai.ru/api/projects/eco-cf98e70d:0
[ 2001509ms] [ERROR] Failed to load resource: the server responded with a status of 401 () @ https://lms.entechai.ru/api/projects/eco-cf98e70d:0
[ 2005501ms] [ERROR] Failed to load resource: the server responded with a status of 401 () @ https://lms.entechai.ru/api/projects/eco-cf98e70d:0
[ 2009500ms] [ERROR] Failed to load resource: the server responded with a status of 401 () @ https://lms.entechai.ru/api/projects/eco-cf98e70d:0
[ 2010564ms] [ERROR] Failed to load resource: the server responded with a status of 401 () @ https://lms.entechai.ru/api/health:0
[ 2013498ms] [ERROR] Failed to load resource: the server responded with a status of 401 () @ https://lms.entechai.ru/api/projects/eco-cf98e70d:0
[ 2017506ms] [ERROR] Failed to load resource: the server responded with a status of 401 () @ https://lms.entechai.ru/api/projects/eco-cf98e70d:0
[ 2021546ms] [ERROR] Failed to load resource: the server responded with a status of 401 () @ https://lms.entechai.ru/api/projects/eco-cf98e70d:0
[ 2025709ms] [ERROR] Failed to load resource: the server responded with a status of 401 () @ https://lms.entechai.ru/api/health:0
[ 2025716ms] [ERROR] Failed to load resource: the server responded with a status of 401 () @ https://lms.entechai.ru/api/projects/eco-cf98e70d:0
[ 2029523ms] [ERROR] Failed to load resource: the server responded with a status of 401 () @ https://lms.entechai.ru/api/projects/eco-cf98e70d:0
[ 2033565ms] [ERROR] Failed to load resource: the server responded with a status of 401 () @ https://lms.entechai.ru/api/projects/eco-cf98e70d:0
[ 2037618ms] [ERROR] Failed to load resource: the server responded with a status of 401 () @ https://lms.entechai.ru/api/projects/eco-cf98e70d:0
[ 2040564ms] [ERROR] Failed to load resource: the server responded with a status of 401 () @ https://lms.entechai.ru/api/health:0
[ 2041501ms] [ERROR] Failed to load resource: the server responded with a status of 401 () @ https://lms.entechai.ru/api/projects/eco-cf98e70d:0
[ 2045507ms] [ERROR] Failed to load resource: the server responded with a status of 401 () @ https://lms.entechai.ru/api/projects/eco-cf98e70d:0
[ 2049512ms] [ERROR] Failed to load resource: the server responded with a status of 401 () @ https://lms.entechai.ru/api/projects/eco-cf98e70d:0
[ 2053508ms] [ERROR] Failed to load resource: the server responded with a status of 401 () @ https://lms.entechai.ru/api/projects/eco-cf98e70d:0
[ 2055574ms] [ERROR] Failed to load resource: the server responded with a status of 401 () @ https://lms.entechai.ru/api/health:0
[ 2057606ms] [ERROR] Failed to load resource: the server responded with a status of 401 () @ https://lms.entechai.ru/api/projects/eco-cf98e70d:0
[ 2061501ms] [ERROR] Failed to load resource: the server responded with a status of 401 () @ https://lms.entechai.ru/api/projects/eco-cf98e70d:0
[ 2065582ms] [ERROR] Failed to load resource: the server responded with a status of 401 () @ https://lms.entechai.ru/api/projects/eco-cf98e70d:0
[ 2069523ms] [ERROR] Failed to load resource: the server responded with a status of 401 () @ https://lms.entechai.ru/api/projects/eco-cf98e70d:0
[ 2070567ms] [ERROR] Failed to load resource: the server responded with a status of 401 () @ https://lms.entechai.ru/api/health:0
[ 2073919ms] [ERROR] Failed to load resource: the server responded with a status of 401 () @ https://lms.entechai.ru/api/projects/eco-cf98e70d:0
[ 2077521ms] [ERROR] Failed to load resource: the server responded with a status of 401 () @ https://lms.entechai.ru/api/projects/eco-cf98e70d:0
[ 2081499ms] [ERROR] Failed to load resource: the server responded with a status of 401 () @ https://lms.entechai.ru/api/projects/eco-cf98e70d:0
[ 2085547ms] [ERROR] Failed to load resource: the server responded with a status of 401 () @ https://lms.entechai.ru/api/projects/eco-cf98e70d:0
[ 2085587ms] [ERROR] Failed to load resource: the server responded with a status of 401 () @ https://lms.entechai.ru/api/health:0
[ 2089508ms] [ERROR] Failed to load resource: the server responded with a status of 401 () @ https://lms.entechai.ru/api/projects/eco-cf98e70d:0
[ 2093506ms] [ERROR] Failed to load resource: the server responded with a status of 401 () @ https://lms.entechai.ru/api/projects/eco-cf98e70d:0
[ 2097501ms] [ERROR] Failed to load resource: the server responded with a status of 401 () @ https://lms.entechai.ru/api/projects/eco-cf98e70d:0
[ 2100565ms] [ERROR] Failed to load resource: the server responded with a status of 401 () @ https://lms.entechai.ru/api/health:0
[ 2101585ms] [ERROR] Failed to load resource: the server responded with a status of 401 () @ https://lms.entechai.ru/api/projects/eco-cf98e70d:0
[ 2105500ms] [ERROR] Failed to load resource: the server responded with a status of 401 () @ https://lms.entechai.ru/api/projects/eco-cf98e70d:0
[ 2109498ms] [ERROR] Failed to load resource: the server responded with a status of 401 () @ https://lms.entechai.ru/api/projects/eco-cf98e70d:0
[ 2113505ms] [ERROR] Failed to load resource: the server responded with a status of 401 () @ https://lms.entechai.ru/api/projects/eco-cf98e70d:0
[ 2115582ms] [ERROR] Failed to load resource: the server responded with a status of 401 () @ https://lms.entechai.ru/api/health:0
[ 2117521ms] [ERROR] Failed to load resource: the server responded with a status of 401 () @ https://lms.entechai.ru/api/projects/eco-cf98e70d:0
[ 2121505ms] [ERROR] Failed to load resource: the server responded with a status of 401 () @ https://lms.entechai.ru/api/projects/eco-cf98e70d:0
[ 2126791ms] [ERROR] Failed to load resource: the server responded with a status of 401 () @ https://lms.entechai.ru/api/projects/eco-cf98e70d:0
[ 2129525ms] [ERROR] Failed to load resource: the server responded with a status of 401 () @ https://lms.entechai.ru/api/projects/eco-cf98e70d:0
[ 2130603ms] [ERROR] Failed to load resource: the server responded with a status of 401 () @ https://lms.entechai.ru/api/health:0
[ 2133503ms] [ERROR] Failed to load resource: the server responded with a status of 401 () @ https://lms.entechai.ru/api/projects/eco-cf98e70d:0
[ 2137503ms] [ERROR] Failed to load resource: the server responded with a status of 401 () @ https://lms.entechai.ru/api/projects/eco-cf98e70d:0
[ 2141508ms] [ERROR] Failed to load resource: the server responded with a status of 401 () @ https://lms.entechai.ru/api/projects/eco-cf98e70d:0
[ 2145498ms] [ERROR] Failed to load resource: the server responded with a status of 401 () @ https://lms.entechai.ru/api/projects/eco-cf98e70d:0
[ 2145595ms] [ERROR] Failed to load resource: the server responded with a status of 401 () @ https://lms.entechai.ru/api/health:0
[ 2149539ms] [ERROR] Failed to load resource: the server responded with a status of 401 () @ https://lms.entechai.ru/api/projects/eco-cf98e70d:0
[ 2155176ms] [ERROR] Failed to load resource: the server responded with a status of 401 () @ https://lms.entechai.ru/api/projects/eco-cf98e70d:0
[ 2157575ms] [ERROR] Failed to load resource: the server responded with a status of 401 () @ https://lms.entechai.ru/api/projects/eco-cf98e70d:0
[ 2160567ms] [ERROR] Failed to load resource: the server responded with a status of 401 () @ https://lms.entechai.ru/api/health:0
[ 2161503ms] [ERROR] Failed to load resource: the server responded with a status of 401 () @ https://lms.entechai.ru/api/projects/eco-cf98e70d:0
[ 2165556ms] [ERROR] Failed to load resource: the server responded with a status of 401 () @ https://lms.entechai.ru/api/projects/eco-cf98e70d:0
[ 2169570ms] [ERROR] Failed to load resource: the server responded with a status of 401 () @ https://lms.entechai.ru/api/projects/eco-cf98e70d:0
[ 2173533ms] [ERROR] Failed to load resource: the server responded with a status of 401 () @ https://lms.entechai.ru/api/projects/eco-cf98e70d:0
[ 2175634ms] [ERROR] Failed to load resource: the server responded with a status of 401 () @ https://lms.entechai.ru/api/health:0
[ 2178060ms] [ERROR] Failed to load resource: net::ERR_NETWORK_CHANGED @ https://lms.entechai.ru/api/projects/eco-cf98e70d:0
[ 2181808ms] [ERROR] Failed to load resource: the server responded with a status of 401 () @ https://lms.entechai.ru/api/projects/eco-cf98e70d:0
[ 2185523ms] [ERROR] Failed to load resource: the server responded with a status of 401 () @ https://lms.entechai.ru/api/projects/eco-cf98e70d:0
[ 2189529ms] [ERROR] Failed to load resource: the server responded with a status of 401 () @ https://lms.entechai.ru/api/projects/eco-cf98e70d:0
[ 2190587ms] [ERROR] Failed to load resource: the server responded with a status of 401 () @ https://lms.entechai.ru/api/health:0
[ 2193681ms] [ERROR] Failed to load resource: the server responded with a status of 401 () @ https://lms.entechai.ru/api/projects/eco-cf98e70d:0
[ 2197531ms] [ERROR] Failed to load resource: the server responded with a status of 401 () @ https://lms.entechai.ru/api/projects/eco-cf98e70d:0
[ 2201524ms] [ERROR] Failed to load resource: the server responded with a status of 401 () @ https://lms.entechai.ru/api/projects/eco-cf98e70d:0
[ 2205612ms] [ERROR] Failed to load resource: the server responded with a status of 401 () @ https://lms.entechai.ru/api/projects/eco-cf98e70d:0
[ 2205778ms] [ERROR] Failed to load resource: the server responded with a status of 401 () @ https://lms.entechai.ru/api/health:0
[ 2209538ms] [ERROR] Failed to load resource: the server responded with a status of 401 () @ https://lms.entechai.ru/api/projects/eco-cf98e70d:0
[ 2213529ms] [ERROR] Failed to load resource: the server responded with a status of 401 () @ https://lms.entechai.ru/api/projects/eco-cf98e70d:0
[ 2217538ms] [ERROR] Failed to load resource: the server responded with a status of 401 () @ https://lms.entechai.ru/api/projects/eco-cf98e70d:0
[ 2220586ms] [ERROR] Failed to load resource: the server responded with a status of 401 () @ https://lms.entechai.ru/api/health:0
[ 2221522ms] [ERROR] Failed to load resource: the server responded with a status of 401 () @ https://lms.entechai.ru/api/projects/eco-cf98e70d:0
[ 2225520ms] [ERROR] Failed to load resource: the server responded with a status of 401 () @ https://lms.entechai.ru/api/projects/eco-cf98e70d:0
[ 2229525ms] [ERROR] Failed to load resource: the server responded with a status of 401 () @ https://lms.entechai.ru/api/projects/eco-cf98e70d:0
[ 2233642ms] [ERROR] Failed to load resource: the server responded with a status of 401 () @ https://lms.entechai.ru/api/projects/eco-cf98e70d:0
[ 2235591ms] [ERROR] Failed to load resource: the server responded with a status of 401 () @ https://lms.entechai.ru/api/health:0
[ 2237529ms] [ERROR] Failed to load resource: the server responded with a status of 401 () @ https://lms.entechai.ru/api/projects/eco-cf98e70d:0
[ 2241530ms] [ERROR] Failed to load resource: the server responded with a status of 401 () @ https://lms.entechai.ru/api/projects/eco-cf98e70d:0
[ 2245553ms] [ERROR] Failed to load resource: the server responded with a status of 401 () @ https://lms.entechai.ru/api/projects/eco-cf98e70d:0
[ 2249520ms] [ERROR] Failed to load resource: the server responded with a status of 401 () @ https://lms.entechai.ru/api/projects/eco-cf98e70d:0
[ 2250580ms] [ERROR] Failed to load resource: the server responded with a status of 401 () @ https://lms.entechai.ru/api/health:0
[ 2253532ms] [ERROR] Failed to load resource: the server responded with a status of 401 () @ https://lms.entechai.ru/api/projects/eco-cf98e70d:0
[ 2257532ms] [ERROR] Failed to load resource: the server responded with a status of 401 () @ https://lms.entechai.ru/api/projects/eco-cf98e70d:0
[ 2261542ms] [ERROR] Failed to load resource: the server responded with a status of 401 () @ https://lms.entechai.ru/api/projects/eco-cf98e70d:0
[ 2265544ms] [ERROR] Failed to load resource: the server responded with a status of 401 () @ https://lms.entechai.ru/api/projects/eco-cf98e70d:0
[ 2265603ms] [ERROR] Failed to load resource: the server responded with a status of 401 () @ https://lms.entechai.ru/api/health:0
[ 2269538ms] [ERROR] Failed to load resource: the server responded with a status of 401 () @ https://lms.entechai.ru/api/projects/eco-cf98e70d:0
[ 2273551ms] [ERROR] Failed to load resource: the server responded with a status of 401 () @ https://lms.entechai.ru/api/projects/eco-cf98e70d:0
[ 2277571ms] [ERROR] Failed to load resource: the server responded with a status of 401 () @ https://lms.entechai.ru/api/projects/eco-cf98e70d:0
[ 2280609ms] [ERROR] Failed to load resource: the server responded with a status of 401 () @ https://lms.entechai.ru/api/health:0
[ 2281528ms] [ERROR] Failed to load resource: the server responded with a status of 401 () @ https://lms.entechai.ru/api/projects/eco-cf98e70d:0
[ 2285562ms] [ERROR] Failed to load resource: the server responded with a status of 401 () @ https://lms.entechai.ru/api/projects/eco-cf98e70d:0
[ 2289529ms] [ERROR] Failed to load resource: the server responded with a status of 401 () @ https://lms.entechai.ru/api/projects/eco-cf98e70d:0
[ 2293559ms] [ERROR] Failed to load resource: the server responded with a status of 401 () @ https://lms.entechai.ru/api/projects/eco-cf98e70d:0
[ 2295588ms] [ERROR] Failed to load resource: the server responded with a status of 401 () @ https://lms.entechai.ru/api/health:0
[ 2297522ms] [ERROR] Failed to load resource: the server responded with a status of 401 () @ https://lms.entechai.ru/api/projects/eco-cf98e70d:0
[ 2301529ms] [ERROR] Failed to load resource: the server responded with a status of 401 () @ https://lms.entechai.ru/api/projects/eco-cf98e70d:0
[ 2305528ms] [ERROR] Failed to load resource: the server responded with a status of 401 () @ https://lms.entechai.ru/api/projects/eco-cf98e70d:0
[ 2309522ms] [ERROR] Failed to load resource: the server responded with a status of 401 () @ https://lms.entechai.ru/api/projects/eco-cf98e70d:0
[ 2310590ms] [ERROR] Failed to load resource: the server responded with a status of 401 () @ https://lms.entechai.ru/api/health:0
[ 2313568ms] [ERROR] Failed to load resource: the server responded with a status of 401 () @ https://lms.entechai.ru/api/projects/eco-cf98e70d:0
[ 2317550ms] [ERROR] Failed to load resource: the server responded with a status of 401 () @ https://lms.entechai.ru/api/projects/eco-cf98e70d:0
[ 2321522ms] [ERROR] Failed to load resource: the server responded with a status of 401 () @ https://lms.entechai.ru/api/projects/eco-cf98e70d:0
[ 2325615ms] [ERROR] Failed to load resource: the server responded with a status of 401 () @ https://lms.entechai.ru/api/projects/eco-cf98e70d:0
[ 2325617ms] [ERROR] Failed to load resource: the server responded with a status of 401 () @ https://lms.entechai.ru/api/health:0
[ 2329531ms] [ERROR] Failed to load resource: the server responded with a status of 401 () @ https://lms.entechai.ru/api/projects/eco-cf98e70d:0
[ 2333542ms] [ERROR] Failed to load resource: the server responded with a status of 401 () @ https://lms.entechai.ru/api/projects/eco-cf98e70d:0
[ 2337536ms] [ERROR] Failed to load resource: the server responded with a status of 401 () @ https://lms.entechai.ru/api/projects/eco-cf98e70d:0
[ 2340590ms] [ERROR] Failed to load resource: the server responded with a status of 401 () @ https://lms.entechai.ru/api/health:0
[ 2341536ms] [ERROR] Failed to load resource: the server responded with a status of 401 () @ https://lms.entechai.ru/api/projects/eco-cf98e70d:0
[ 2345538ms] [ERROR] Failed to load resource: the server responded with a status of 401 () @ https://lms.entechai.ru/api/projects/eco-cf98e70d:0
[ 2349526ms] [ERROR] Failed to load resource: the server responded with a status of 401 () @ https://lms.entechai.ru/api/projects/eco-cf98e70d:0
[ 2353633ms] [ERROR] Failed to load resource: the server responded with a status of 401 () @ https://lms.entechai.ru/api/projects/eco-cf98e70d:0
[ 2355603ms] [ERROR] Failed to load resource: the server responded with a status of 401 () @ https://lms.entechai.ru/api/health:0
[ 2357522ms] [ERROR] Failed to load resource: the server responded with a status of 401 () @ https://lms.entechai.ru/api/projects/eco-cf98e70d:0
[ 2361532ms] [ERROR] Failed to load resource: the server responded with a status of 401 () @ https://lms.entechai.ru/api/projects/eco-cf98e70d:0
[ 2365712ms] [ERROR] Failed to load resource: the server responded with a status of 401 () @ https://lms.entechai.ru/api/projects/eco-cf98e70d:0
[ 2369522ms] [ERROR] Failed to load resource: the server responded with a status of 401 () @ https://lms.entechai.ru/api/projects/eco-cf98e70d:0
[ 2370583ms] [ERROR] Failed to load resource: the server responded with a status of 401 () @ https://lms.entechai.ru/api/health:0
[ 2373527ms] [ERROR] Failed to load resource: the server responded with a status of 401 () @ https://lms.entechai.ru/api/projects/eco-cf98e70d:0
[ 2377522ms] [ERROR] Failed to load resource: the server responded with a status of 401 () @ https://lms.entechai.ru/api/projects/eco-cf98e70d:0
[ 2381525ms] [ERROR] Failed to load resource: the server responded with a status of 401 () @ https://lms.entechai.ru/api/projects/eco-cf98e70d:0
[ 2385529ms] [ERROR] Failed to load resource: the server responded with a status of 401 () @ https://lms.entechai.ru/api/projects/eco-cf98e70d:0
[ 2385609ms] [ERROR] Failed to load resource: the server responded with a status of 401 () @ https://lms.entechai.ru/api/health:0
[ 2389527ms] [ERROR] Failed to load resource: the server responded with a status of 401 () @ https://lms.entechai.ru/api/projects/eco-cf98e70d:0
[ 2393551ms] [ERROR] Failed to load resource: the server responded with a status of 401 () @ https://lms.entechai.ru/api/projects/eco-cf98e70d:0
[ 2397520ms] [ERROR] Failed to load resource: the server responded with a status of 401 () @ https://lms.entechai.ru/api/projects/eco-cf98e70d:0
[ 2400589ms] [ERROR] Failed to load resource: the server responded with a status of 401 () @ https://lms.entechai.ru/api/health:0
[ 2401521ms] [ERROR] Failed to load resource: the server responded with a status of 401 () @ https://lms.entechai.ru/api/projects/eco-cf98e70d:0
[ 2405603ms] [ERROR] Failed to load resource: the server responded with a status of 401 () @ https://lms.entechai.ru/api/projects/eco-cf98e70d:0
[ 2409527ms] [ERROR] Failed to load resource: the server responded with a status of 401 () @ https://lms.entechai.ru/api/projects/eco-cf98e70d:0
[ 2413539ms] [ERROR] Failed to load resource: the server responded with a status of 401 () @ https://lms.entechai.ru/api/projects/eco-cf98e70d:0
[ 2415605ms] [ERROR] Failed to load resource: the server responded with a status of 401 () @ https://lms.entechai.ru/api/health:0
[ 2417535ms] [ERROR] Failed to load resource: the server responded with a status of 401 () @ https://lms.entechai.ru/api/projects/eco-cf98e70d:0
[ 2421520ms] [ERROR] Failed to load resource: the server responded with a status of 401 () @ https://lms.entechai.ru/api/projects/eco-cf98e70d:0
[ 2425518ms] [ERROR] Failed to load resource: the server responded with a status of 401 () @ https://lms.entechai.ru/api/projects/eco-cf98e70d:0
[ 2429521ms] [ERROR] Failed to load resource: the server responded with a status of 401 () @ https://lms.entechai.ru/api/projects/eco-cf98e70d:0
[ 2430615ms] [ERROR] Failed to load resource: the server responded with a status of 401 () @ https://lms.entechai.ru/api/health:0
[ 2433528ms] [ERROR] Failed to load resource: the server responded with a status of 401 () @ https://lms.entechai.ru/api/projects/eco-cf98e70d:0
[ 2437530ms] [ERROR] Failed to load resource: the server responded with a status of 401 () @ https://lms.entechai.ru/api/projects/eco-cf98e70d:0
[ 2441533ms] [ERROR] Failed to load resource: the server responded with a status of 401 () @ https://lms.entechai.ru/api/projects/eco-cf98e70d:0
[ 2445543ms] [ERROR] Failed to load resource: the server responded with a status of 401 () @ https://lms.entechai.ru/api/projects/eco-cf98e70d:0
[ 2445580ms] [ERROR] Failed to load resource: the server responded with a status of 401 () @ https://lms.entechai.ru/api/health:0
[ 2449522ms] [ERROR] Failed to load resource: the server responded with a status of 401 () @ https://lms.entechai.ru/api/projects/eco-cf98e70d:0
[ 2453524ms] [ERROR] Failed to load resource: the server responded with a status of 401 () @ https://lms.entechai.ru/api/projects/eco-cf98e70d:0
[ 2457530ms] [ERROR] Failed to load resource: the server responded with a status of 401 () @ https://lms.entechai.ru/api/projects/eco-cf98e70d:0
[ 2460611ms] [ERROR] Failed to load resource: the server responded with a status of 401 () @ https://lms.entechai.ru/api/health:0
[ 2461526ms] [ERROR] Failed to load resource: the server responded with a status of 401 () @ https://lms.entechai.ru/api/projects/eco-cf98e70d:0
[ 2465522ms] [ERROR] Failed to load resource: the server responded with a status of 401 () @ https://lms.entechai.ru/api/projects/eco-cf98e70d:0
[ 2469527ms] [ERROR] Failed to load resource: the server responded with a status of 401 () @ https://lms.entechai.ru/api/projects/eco-cf98e70d:0
[ 2473818ms] [ERROR] Failed to load resource: the server responded with a status of 401 () @ https://lms.entechai.ru/api/projects/eco-cf98e70d:0
[ 2475601ms] [ERROR] Failed to load resource: the server responded with a status of 401 () @ https://lms.entechai.ru/api/health:0
[ 2477544ms] [ERROR] Failed to load resource: the server responded with a status of 401 () @ https://lms.entechai.ru/api/projects/eco-cf98e70d:0
[ 2481548ms] [ERROR] Failed to load resource: the server responded with a status of 401 () @ https://lms.entechai.ru/api/projects/eco-cf98e70d:0
[ 2485616ms] [ERROR] Failed to load resource: the server responded with a status of 401 () @ https://lms.entechai.ru/api/projects/eco-cf98e70d:0
[ 2489523ms] [ERROR] Failed to load resource: the server responded with a status of 401 () @ https://lms.entechai.ru/api/projects/eco-cf98e70d:0
[ 2490580ms] [ERROR] Failed to load resource: the server responded with a status of 401 () @ https://lms.entechai.ru/api/health:0
[ 2493523ms] [ERROR] Failed to load resource: the server responded with a status of 401 () @ https://lms.entechai.ru/api/projects/eco-cf98e70d:0
[ 2497524ms] [ERROR] Failed to load resource: the server responded with a status of 401 () @ https://lms.entechai.ru/api/projects/eco-cf98e70d:0
[ 2501535ms] [ERROR] Failed to load resource: the server responded with a status of 401 () @ https://lms.entechai.ru/api/projects/eco-cf98e70d:0
[ 2505531ms] [ERROR] Failed to load resource: the server responded with a status of 401 () @ https://lms.entechai.ru/api/projects/eco-cf98e70d:0
[ 2505589ms] [ERROR] Failed to load resource: the server responded with a status of 401 () @ https://lms.entechai.ru/api/health:0
[ 2509527ms] [ERROR] Failed to load resource: the server responded with a status of 401 () @ https://lms.entechai.ru/api/projects/eco-cf98e70d:0
[ 2513628ms] [ERROR] Failed to load resource: the server responded with a status of 401 () @ https://lms.entechai.ru/api/projects/eco-cf98e70d:0
[ 2517530ms] [ERROR] Failed to load resource: the server responded with a status of 401 () @ https://lms.entechai.ru/api/projects/eco-cf98e70d:0
[ 2520584ms] [ERROR] Failed to load resource: the server responded with a status of 401 () @ https://lms.entechai.ru/api/health:0
[ 2521522ms] [ERROR] Failed to load resource: the server responded with a status of 401 () @ https://lms.entechai.ru/api/projects/eco-cf98e70d:0
[ 2525614ms] [ERROR] Failed to load resource: the server responded with a status of 401 () @ https://lms.entechai.ru/api/projects/eco-cf98e70d:0
[ 2529525ms] [ERROR] Failed to load resource: the server responded with a status of 401 () @ https://lms.entechai.ru/api/projects/eco-cf98e70d:0
[ 2533529ms] [ERROR] Failed to load resource: the server responded with a status of 401 () @ https://lms.entechai.ru/api/projects/eco-cf98e70d:0
[ 2535600ms] [ERROR] Failed to load resource: the server responded with a status of 401 () @ https://lms.entechai.ru/api/health:0
[ 2537544ms] [ERROR] Failed to load resource: the server responded with a status of 401 () @ https://lms.entechai.ru/api/projects/eco-cf98e70d:0
[ 2541529ms] [ERROR] Failed to load resource: the server responded with a status of 401 () @ https://lms.entechai.ru/api/projects/eco-cf98e70d:0
[ 2545530ms] [ERROR] Failed to load resource: the server responded with a status of 401 () @ https://lms.entechai.ru/api/projects/eco-cf98e70d:0
[ 2549521ms] [ERROR] Failed to load resource: the server responded with a status of 401 () @ https://lms.entechai.ru/api/projects/eco-cf98e70d:0
[ 2550609ms] [ERROR] Failed to load resource: the server responded with a status of 401 () @ https://lms.entechai.ru/api/health:0
[ 2553526ms] [ERROR] Failed to load resource: the server responded with a status of 401 () @ https://lms.entechai.ru/api/projects/eco-cf98e70d:0
[ 2557524ms] [ERROR] Failed to load resource: the server responded with a status of 401 () @ https://lms.entechai.ru/api/projects/eco-cf98e70d:0
[ 2561537ms] [ERROR] Failed to load resource: the server responded with a status of 401 () @ https://lms.entechai.ru/api/projects/eco-cf98e70d:0
[ 2565526ms] [ERROR] Failed to load resource: the server responded with a status of 401 () @ https://lms.entechai.ru/api/projects/eco-cf98e70d:0
[ 2565581ms] [ERROR] Failed to load resource: the server responded with a status of 401 () @ https://lms.entechai.ru/api/health:0
[ 2569527ms] [ERROR] Failed to load resource: the server responded with a status of 401 () @ https://lms.entechai.ru/api/projects/eco-cf98e70d:0
[ 2573532ms] [ERROR] Failed to load resource: the server responded with a status of 401 () @ https://lms.entechai.ru/api/projects/eco-cf98e70d:0
[ 2577530ms] [ERROR] Failed to load resource: the server responded with a status of 401 () @ https://lms.entechai.ru/api/projects/eco-cf98e70d:0
[ 2580588ms] [ERROR] Failed to load resource: the server responded with a status of 401 () @ https://lms.entechai.ru/api/health:0
[ 2581535ms] [ERROR] Failed to load resource: the server responded with a status of 401 () @ https://lms.entechai.ru/api/projects/eco-cf98e70d:0
[ 2585521ms] [ERROR] Failed to load resource: the server responded with a status of 401 () @ https://lms.entechai.ru/api/projects/eco-cf98e70d:0
[ 2589530ms] [ERROR] Failed to load resource: the server responded with a status of 401 () @ https://lms.entechai.ru/api/projects/eco-cf98e70d:0
[ 2593529ms] [ERROR] Failed to load resource: the server responded with a status of 401 () @ https://lms.entechai.ru/api/projects/eco-cf98e70d:0
[ 2595589ms] [ERROR] Failed to load resource: the server responded with a status of 401 () @ https://lms.entechai.ru/api/health:0
[ 2597520ms] [ERROR] Failed to load resource: the server responded with a status of 401 () @ https://lms.entechai.ru/api/projects/eco-cf98e70d:0
[ 2601883ms] [ERROR] Failed to load resource: the server responded with a status of 401 () @ https://lms.entechai.ru/api/projects/eco-cf98e70d:0
[ 2605786ms] [ERROR] Failed to load resource: the server responded with a status of 401 () @ https://lms.entechai.ru/api/projects/eco-cf98e70d:0
[ 2609535ms] [ERROR] Failed to load resource: the server responded with a status of 401 () @ https://lms.entechai.ru/api/projects/eco-cf98e70d:0
[ 2610596ms] [ERROR] Failed to load resource: the server responded with a status of 401 () @ https://lms.entechai.ru/api/health:0
[ 2613554ms] [ERROR] Failed to load resource: the server responded with a status of 401 () @ https://lms.entechai.ru/api/projects/eco-cf98e70d:0
[ 2617522ms] [ERROR] Failed to load resource: the server responded with a status of 401 () @ https://lms.entechai.ru/api/projects/eco-cf98e70d:0
[ 2621523ms] [ERROR] Failed to load resource: the server responded with a status of 401 () @ https://lms.entechai.ru/api/projects/eco-cf98e70d:0
[ 2625542ms] [ERROR] Failed to load resource: the server responded with a status of 401 () @ https://lms.entechai.ru/api/projects/eco-cf98e70d:0
[ 2625590ms] [ERROR] Failed to load resource: the server responded with a status of 401 () @ https://lms.entechai.ru/api/health:0
[ 2629755ms] [ERROR] Failed to load resource: the server responded with a status of 401 () @ https://lms.entechai.ru/api/projects/eco-cf98e70d:0
[ 2633550ms] [ERROR] Failed to load resource: the server responded with a status of 401 () @ https://lms.entechai.ru/api/projects/eco-cf98e70d:0
[ 2637537ms] [ERROR] Failed to load resource: the server responded with a status of 401 () @ https://lms.entechai.ru/api/projects/eco-cf98e70d:0
[ 2640665ms] [ERROR] Failed to load resource: the server responded with a status of 401 () @ https://lms.entechai.ru/api/health:0
[ 2641529ms] [ERROR] Failed to load resource: the server responded with a status of 401 () @ https://lms.entechai.ru/api/projects/eco-cf98e70d:0
[ 2645662ms] [ERROR] Failed to load resource: the server responded with a status of 401 () @ https://lms.entechai.ru/api/projects/eco-cf98e70d:0
[ 2649542ms] [ERROR] Failed to load resource: the server responded with a status of 401 () @ https://lms.entechai.ru/api/projects/eco-cf98e70d:0
[ 2653534ms] [ERROR] Failed to load resource: the server responded with a status of 401 () @ https://lms.entechai.ru/api/projects/eco-cf98e70d:0
[ 2655606ms] [ERROR] Failed to load resource: the server responded with a status of 401 () @ https://lms.entechai.ru/api/health:0
[ 2657546ms] [ERROR] Failed to load resource: the server responded with a status of 401 () @ https://lms.entechai.ru/api/projects/eco-cf98e70d:0
[ 2661531ms] [ERROR] Failed to load resource: the server responded with a status of 401 () @ https://lms.entechai.ru/api/projects/eco-cf98e70d:0
[ 2665521ms] [ERROR] Failed to load resource: the server responded with a status of 401 () @ https://lms.entechai.ru/api/projects/eco-cf98e70d:0
[ 2669548ms] [ERROR] Failed to load resource: the server responded with a status of 401 () @ https://lms.entechai.ru/api/projects/eco-cf98e70d:0
[ 2670584ms] [ERROR] Failed to load resource: the server responded with a status of 401 () @ https://lms.entechai.ru/api/health:0
[ 2673551ms] [ERROR] Failed to load resource: the server responded with a status of 401 () @ https://lms.entechai.ru/api/projects/eco-cf98e70d:0
[ 2677522ms] [ERROR] Failed to load resource: the server responded with a status of 401 () @ https://lms.entechai.ru/api/projects/eco-cf98e70d:0
[ 2681530ms] [ERROR] Failed to load resource: the server responded with a status of 401 () @ https://lms.entechai.ru/api/projects/eco-cf98e70d:0
[ 2685664ms] [ERROR] Failed to load resource: the server responded with a status of 401 () @ https://lms.entechai.ru/api/projects/eco-cf98e70d:0
[ 2685714ms] [ERROR] Failed to load resource: the server responded with a status of 401 () @ https://lms.entechai.ru/api/health:0
[ 2689529ms] [ERROR] Failed to load resource: the server responded with a status of 401 () @ https://lms.entechai.ru/api/projects/eco-cf98e70d:0
[ 2693527ms] [ERROR] Failed to load resource: the server responded with a status of 401 () @ https://lms.entechai.ru/api/projects/eco-cf98e70d:0
[ 2697528ms] [ERROR] Failed to load resource: the server responded with a status of 401 () @ https://lms.entechai.ru/api/projects/eco-cf98e70d:0
[ 2700727ms] [ERROR] Failed to load resource: the server responded with a status of 401 () @ https://lms.entechai.ru/api/health:0
[ 2701532ms] [ERROR] Failed to load resource: the server responded with a status of 401 () @ https://lms.entechai.ru/api/projects/eco-cf98e70d:0
[ 2705520ms] [ERROR] Failed to load resource: the server responded with a status of 401 () @ https://lms.entechai.ru/api/projects/eco-cf98e70d:0
[ 2709526ms] [ERROR] Failed to load resource: the server responded with a status of 401 () @ https://lms.entechai.ru/api/projects/eco-cf98e70d:0
[ 2713710ms] [ERROR] Failed to load resource: the server responded with a status of 401 () @ https://lms.entechai.ru/api/projects/eco-cf98e70d:0
[ 2715602ms] [ERROR] Failed to load resource: the server responded with a status of 401 () @ https://lms.entechai.ru/api/health:0
[ 2717542ms] [ERROR] Failed to load resource: the server responded with a status of 401 () @ https://lms.entechai.ru/api/projects/eco-cf98e70d:0
[ 2721535ms] [ERROR] Failed to load resource: the server responded with a status of 401 () @ https://lms.entechai.ru/api/projects/eco-cf98e70d:0
[ 2725642ms] [ERROR] Failed to load resource: the server responded with a status of 401 () @ https://lms.entechai.ru/api/projects/eco-cf98e70d:0
[ 2729529ms] [ERROR] Failed to load resource: the server responded with a status of 401 () @ https://lms.entechai.ru/api/projects/eco-cf98e70d:0
[ 2730582ms] [ERROR] Failed to load resource: the server responded with a status of 401 () @ https://lms.entechai.ru/api/health:0
[ 2733549ms] [ERROR] Failed to load resource: the server responded with a status of 401 () @ https://lms.entechai.ru/api/projects/eco-cf98e70d:0
[ 2737538ms] [ERROR] Failed to load resource: the server responded with a status of 401 () @ https://lms.entechai.ru/api/projects/eco-cf98e70d:0
[ 2741523ms] [ERROR] Failed to load resource: the server responded with a status of 401 () @ https://lms.entechai.ru/api/projects/eco-cf98e70d:0
[ 2745534ms] [ERROR] Failed to load resource: the server responded with a status of 401 () @ https://lms.entechai.ru/api/projects/eco-cf98e70d:0
[ 2745588ms] [ERROR] Failed to load resource: the server responded with a status of 401 () @ https://lms.entechai.ru/api/health:0
[ 2749531ms] [ERROR] Failed to load resource: the server responded with a status of 401 () @ https://lms.entechai.ru/api/projects/eco-cf98e70d:0
[ 2753687ms] [ERROR] Failed to load resource: the server responded with a status of 401 () @ https://lms.entechai.ru/api/projects/eco-cf98e70d:0
[ 2757529ms] [ERROR] Failed to load resource: the server responded with a status of 401 () @ https://lms.entechai.ru/api/projects/eco-cf98e70d:0
[ 2760604ms] [ERROR] Failed to load resource: the server responded with a status of 401 () @ https://lms.entechai.ru/api/health:0
[ 2763713ms] [ERROR] Failed to load resource: the server responded with a status of 401 () @ https://lms.entechai.ru/api/projects/eco-cf98e70d:0
[ 2765629ms] [ERROR] Failed to load resource: the server responded with a status of 401 () @ https://lms.entechai.ru/api/projects/eco-cf98e70d:0
[ 2769545ms] [ERROR] Failed to load resource: the server responded with a status of 401 () @ https://lms.entechai.ru/api/projects/eco-cf98e70d:0
[ 2773544ms] [ERROR] Failed to load resource: the server responded with a status of 401 () @ https://lms.entechai.ru/api/projects/eco-cf98e70d:0
[ 2775590ms] [ERROR] Failed to load resource: the server responded with a status of 401 () @ https://lms.entechai.ru/api/health:0
[ 2777541ms] [ERROR] Failed to load resource: the server responded with a status of 401 () @ https://lms.entechai.ru/api/projects/eco-cf98e70d:0
[ 2781586ms] [ERROR] Failed to load resource: the server responded with a status of 401 () @ https://lms.entechai.ru/api/projects/eco-cf98e70d:0
[ 2785544ms] [ERROR] Failed to load resource: the server responded with a status of 401 () @ https://lms.entechai.ru/api/projects/eco-cf98e70d:0
[ 2789521ms] [ERROR] Failed to load resource: the server responded with a status of 401 () @ https://lms.entechai.ru/api/projects/eco-cf98e70d:0
[ 2790618ms] [ERROR] Failed to load resource: the server responded with a status of 401 () @ https://lms.entechai.ru/api/health:0
[ 2793543ms] [ERROR] Failed to load resource: the server responded with a status of 401 () @ https://lms.entechai.ru/api/projects/eco-cf98e70d:0
[ 2797533ms] [ERROR] Failed to load resource: the server responded with a status of 401 () @ https://lms.entechai.ru/api/projects/eco-cf98e70d:0
[ 2801561ms] [ERROR] Failed to load resource: the server responded with a status of 401 () @ https://lms.entechai.ru/api/projects/eco-cf98e70d:0
[ 2805534ms] [ERROR] Failed to load resource: the server responded with a status of 401 () @ https://lms.entechai.ru/api/projects/eco-cf98e70d:0
[ 2805591ms] [ERROR] Failed to load resource: the server responded with a status of 401 () @ https://lms.entechai.ru/api/health:0
[ 2809532ms] [ERROR] Failed to load resource: the server responded with a status of 401 () @ https://lms.entechai.ru/api/projects/eco-cf98e70d:0
[ 2813538ms] [ERROR] Failed to load resource: the server responded with a status of 401 () @ https://lms.entechai.ru/api/projects/eco-cf98e70d:0
[ 2817528ms] [ERROR] Failed to load resource: the server responded with a status of 401 () @ https://lms.entechai.ru/api/projects/eco-cf98e70d:0
[ 2820713ms] [ERROR] Failed to load resource: the server responded with a status of 401 () @ https://lms.entechai.ru/api/health:0
[ 2821531ms] [ERROR] Failed to load resource: the server responded with a status of 401 () @ https://lms.entechai.ru/api/projects/eco-cf98e70d:0
[ 2825522ms] [ERROR] Failed to load resource: the server responded with a status of 401 () @ https://lms.entechai.ru/api/projects/eco-cf98e70d:0
[ 2829529ms] [ERROR] Failed to load resource: the server responded with a status of 401 () @ https://lms.entechai.ru/api/projects/eco-cf98e70d:0
[ 2834203ms] [ERROR] Failed to load resource: the server responded with a status of 401 () @ https://lms.entechai.ru/api/projects/eco-cf98e70d:0
[ 2835812ms] [ERROR] Failed to load resource: the server responded with a status of 401 () @ https://lms.entechai.ru/api/health:0
[ 2837530ms] [ERROR] Failed to load resource: the server responded with a status of 401 () @ https://lms.entechai.ru/api/projects/eco-cf98e70d:0
[ 2841558ms] [ERROR] Failed to load resource: the server responded with a status of 401 () @ https://lms.entechai.ru/api/projects/eco-cf98e70d:0
[ 2845701ms] [ERROR] Failed to load resource: the server responded with a status of 401 () @ https://lms.entechai.ru/api/projects/eco-cf98e70d:0
[ 2849549ms] [ERROR] Failed to load resource: the server responded with a status of 401 () @ https://lms.entechai.ru/api/projects/eco-cf98e70d:0
[ 2850612ms] [ERROR] Failed to load resource: the server responded with a status of 401 () @ https://lms.entechai.ru/api/health:0
[ 2853528ms] [ERROR] Failed to load resource: the server responded with a status of 401 () @ https://lms.entechai.ru/api/projects/eco-cf98e70d:0
[ 2857520ms] [ERROR] Failed to load resource: the server responded with a status of 401 () @ https://lms.entechai.ru/api/projects/eco-cf98e70d:0
[ 2861550ms] [ERROR] Failed to load resource: the server responded with a status of 401 () @ https://lms.entechai.ru/api/projects/eco-cf98e70d:0
[ 2865544ms] [ERROR] Failed to load resource: the server responded with a status of 401 () @ https://lms.entechai.ru/api/projects/eco-cf98e70d:0
[ 2865654ms] [ERROR] Failed to load resource: the server responded with a status of 401 () @ https://lms.entechai.ru/api/health:0
[ 2869531ms] [ERROR] Failed to load resource: the server responded with a status of 401 () @ https://lms.entechai.ru/api/projects/eco-cf98e70d:0
[ 2873597ms] [ERROR] Failed to load resource: the server responded with a status of 401 () @ https://lms.entechai.ru/api/projects/eco-cf98e70d:0
[ 2877531ms] [ERROR] Failed to load resource: the server responded with a status of 401 () @ https://lms.entechai.ru/api/projects/eco-cf98e70d:0
[ 2880590ms] [ERROR] Failed to load resource: the server responded with a status of 401 () @ https://lms.entechai.ru/api/health:0
[ 2881531ms] [ERROR] Failed to load resource: the server responded with a status of 401 () @ https://lms.entechai.ru/api/projects/eco-cf98e70d:0
[ 2885530ms] [ERROR] Failed to load resource: the server responded with a status of 401 () @ https://lms.entechai.ru/api/projects/eco-cf98e70d:0
[ 2889543ms] [ERROR] Failed to load resource: the server responded with a status of 401 () @ https://lms.entechai.ru/api/projects/eco-cf98e70d:0
[ 2893555ms] [ERROR] Failed to load resource: the server responded with a status of 401 () @ https://lms.entechai.ru/api/projects/eco-cf98e70d:0
[ 2895597ms] [ERROR] Failed to load resource: the server responded with a status of 401 () @ https://lms.entechai.ru/api/health:0
[ 2897536ms] [ERROR] Failed to load resource: the server responded with a status of 401 () @ https://lms.entechai.ru/api/projects/eco-cf98e70d:0
[ 2901525ms] [ERROR] Failed to load resource: the server responded with a status of 401 () @ https://lms.entechai.ru/api/projects/eco-cf98e70d:0
[ 2905534ms] [ERROR] Failed to load resource: the server responded with a status of 401 () @ https://lms.entechai.ru/api/projects/eco-cf98e70d:0
[ 2909545ms] [ERROR] Failed to load resource: the server responded with a status of 401 () @ https://lms.entechai.ru/api/projects/eco-cf98e70d:0
[ 2910583ms] [ERROR] Failed to load resource: the server responded with a status of 401 () @ https://lms.entechai.ru/api/health:0
[ 2913593ms] [ERROR] Failed to load resource: the server responded with a status of 401 () @ https://lms.entechai.ru/api/projects/eco-cf98e70d:0
[ 2917536ms] [ERROR] Failed to load resource: the server responded with a status of 401 () @ https://lms.entechai.ru/api/projects/eco-cf98e70d:0
[ 2921555ms] [ERROR] Failed to load resource: the server responded with a status of 401 () @ https://lms.entechai.ru/api/projects/eco-cf98e70d:0
[ 2926137ms] [ERROR] Failed to load resource: the server responded with a status of 401 () @ https://lms.entechai.ru/api/health:0
[ 2926198ms] [ERROR] Failed to load resource: the server responded with a status of 401 () @ https://lms.entechai.ru/api/projects/eco-cf98e70d:0
[ 2930077ms] [ERROR] Failed to load resource: the server responded with a status of 401 () @ https://lms.entechai.ru/api/projects/eco-cf98e70d:0
[ 2934714ms] [ERROR] Failed to load resource: the server responded with a status of 401 () @ https://lms.entechai.ru/api/projects/eco-cf98e70d:0
[ 2945774ms] [ERROR] Failed to load resource: the server responded with a status of 401 () @ https://lms.entechai.ru/api/projects/eco-cf98e70d:0
[ 2945774ms] [ERROR] Failed to load resource: the server responded with a status of 401 () @ https://lms.entechai.ru/api/health:0
[ 2949652ms] [ERROR] Failed to load resource: the server responded with a status of 401 () @ https://lms.entechai.ru/api/projects/eco-cf98e70d:0
[ 2953701ms] [ERROR] Failed to load resource: the server responded with a status of 401 () @ https://lms.entechai.ru/api/projects/eco-cf98e70d:0
[ 2955584ms] [ERROR] Failed to load resource: the server responded with a status of 401 () @ https://lms.entechai.ru/api/health:0
[ 2957505ms] [ERROR] Failed to load resource: the server responded with a status of 401 () @ https://lms.entechai.ru/api/projects/eco-cf98e70d:0
[ 2961530ms] [ERROR] Failed to load resource: the server responded with a status of 401 () @ https://lms.entechai.ru/api/projects/eco-cf98e70d:0
[ 2966982ms] [ERROR] Failed to load resource: the server responded with a status of 401 () @ https://lms.entechai.ru/api/projects/eco-cf98e70d:0
[ 2977448ms] [ERROR] Failed to load resource: the server responded with a status of 401 () @ https://lms.entechai.ru/api/projects/eco-cf98e70d:0
[ 2977461ms] [ERROR] Failed to load resource: the server responded with a status of 401 () @ https://lms.entechai.ru/api/health:0
[ 2977528ms] [ERROR] Failed to load resource: the server responded with a status of 401 () @ https://lms.entechai.ru/api/projects/eco-cf98e70d:0
[ 2981696ms] [ERROR] Failed to load resource: the server responded with a status of 401 () @ https://lms.entechai.ru/api/projects/eco-cf98e70d:0
[ 2985517ms] [ERROR] Failed to load resource: the server responded with a status of 401 () @ https://lms.entechai.ru/api/projects/eco-cf98e70d:0
[ 2985570ms] [ERROR] Failed to load resource: the server responded with a status of 401 () @ https://lms.entechai.ru/api/health:0
[ 2989521ms] [ERROR] Failed to load resource: the server responded with a status of 401 () @ https://lms.entechai.ru/api/projects/eco-cf98e70d:0
[ 2993514ms] [ERROR] Failed to load resource: the server responded with a status of 401 () @ https://lms.entechai.ru/api/projects/eco-cf98e70d:0
[ 2997505ms] [ERROR] Failed to load resource: the server responded with a status of 401 () @ https://lms.entechai.ru/api/projects/eco-cf98e70d:0
[ 3000563ms] [ERROR] Failed to load resource: the server responded with a status of 401 () @ https://lms.entechai.ru/api/health:0
[ 3001509ms] [ERROR] Failed to load resource: the server responded with a status of 401 () @ https://lms.entechai.ru/api/projects/eco-cf98e70d:0
[ 3005514ms] [ERROR] Failed to load resource: the server responded with a status of 401 () @ https://lms.entechai.ru/api/projects/eco-cf98e70d:0
[ 3009518ms] [ERROR] Failed to load resource: the server responded with a status of 401 () @ https://lms.entechai.ru/api/projects/eco-cf98e70d:0
[ 3013500ms] [ERROR] Failed to load resource: the server responded with a status of 401 () @ https://lms.entechai.ru/api/projects/eco-cf98e70d:0
[ 3015601ms] [ERROR] Failed to load resource: the server responded with a status of 401 () @ https://lms.entechai.ru/api/health:0
[ 3017502ms] [ERROR] Failed to load resource: the server responded with a status of 401 () @ https://lms.entechai.ru/api/projects/eco-cf98e70d:0
[ 3021629ms] [ERROR] Failed to load resource: the server responded with a status of 401 () @ https://lms.entechai.ru/api/projects/eco-cf98e70d:0
[ 3025504ms] [ERROR] Failed to load resource: the server responded with a status of 401 () @ https://lms.entechai.ru/api/projects/eco-cf98e70d:0
[ 3029512ms] [ERROR] Failed to load resource: the server responded with a status of 401 () @ https://lms.entechai.ru/api/projects/eco-cf98e70d:0
[ 3030590ms] [ERROR] Failed to load resource: the server responded with a status of 401 () @ https://lms.entechai.ru/api/health:0
[ 3033620ms] [ERROR] Failed to load resource: the server responded with a status of 401 () @ https://lms.entechai.ru/api/projects/eco-cf98e70d:0
[ 3037519ms] [ERROR] Failed to load resource: the server responded with a status of 401 () @ https://lms.entechai.ru/api/projects/eco-cf98e70d:0
[ 3041513ms] [ERROR] Failed to load resource: the server responded with a status of 401 () @ https://lms.entechai.ru/api/projects/eco-cf98e70d:0
[ 3045502ms] [ERROR] Failed to load resource: the server responded with a status of 401 () @ https://lms.entechai.ru/api/projects/eco-cf98e70d:0
[ 3045582ms] [ERROR] Failed to load resource: the server responded with a status of 401 () @ https://lms.entechai.ru/api/health:0
[ 3049508ms] [ERROR] Failed to load resource: the server responded with a status of 401 () @ https://lms.entechai.ru/api/projects/eco-cf98e70d:0
[ 3053509ms] [ERROR] Failed to load resource: the server responded with a status of 401 () @ https://lms.entechai.ru/api/projects/eco-cf98e70d:0
[ 3057512ms] [ERROR] Failed to load resource: the server responded with a status of 401 () @ https://lms.entechai.ru/api/projects/eco-cf98e70d:0
[ 3060664ms] [ERROR] Failed to load resource: the server responded with a status of 401 () @ https://lms.entechai.ru/api/health:0
[ 3061509ms] [ERROR] Failed to load resource: the server responded with a status of 401 () @ https://lms.entechai.ru/api/projects/eco-cf98e70d:0
[ 3065510ms] [ERROR] Failed to load resource: the server responded with a status of 401 () @ https://lms.entechai.ru/api/projects/eco-cf98e70d:0
[ 3069506ms] [ERROR] Failed to load resource: the server responded with a status of 401 () @ https://lms.entechai.ru/api/projects/eco-cf98e70d:0
[ 3073559ms] [ERROR] Failed to load resource: the server responded with a status of 401 () @ https://lms.entechai.ru/api/projects/eco-cf98e70d:0
[ 3075573ms] [ERROR] Failed to load resource: the server responded with a status of 401 () @ https://lms.entechai.ru/api/health:0
[ 3077506ms] [ERROR] Failed to load resource: the server responded with a status of 401 () @ https://lms.entechai.ru/api/projects/eco-cf98e70d:0
[ 3081502ms] [ERROR] Failed to load resource: the server responded with a status of 401 () @ https://lms.entechai.ru/api/projects/eco-cf98e70d:0
[ 3085502ms] [ERROR] Failed to load resource: the server responded with a status of 401 () @ https://lms.entechai.ru/api/projects/eco-cf98e70d:0
[ 3089510ms] [ERROR] Failed to load resource: the server responded with a status of 401 () @ https://lms.entechai.ru/api/projects/eco-cf98e70d:0
[ 3090565ms] [ERROR] Failed to load resource: the server responded with a status of 401 () @ https://lms.entechai.ru/api/health:0
[ 3093790ms] [ERROR] Failed to load resource: the server responded with a status of 401 () @ https://lms.entechai.ru/api/projects/eco-cf98e70d:0
[ 3097705ms] [ERROR] Failed to load resource: the server responded with a status of 401 () @ https://lms.entechai.ru/api/projects/eco-cf98e70d:0
[ 3101716ms] [ERROR] Failed to load resource: the server responded with a status of 401 () @ https://lms.entechai.ru/api/projects/eco-cf98e70d:0
[ 3105550ms] [ERROR] Failed to load resource: the server responded with a status of 401 () @ https://lms.entechai.ru/api/projects/eco-cf98e70d:0
[ 3105574ms] [ERROR] Failed to load resource: the server responded with a status of 401 () @ https://lms.entechai.ru/api/health:0
[ 3109522ms] [ERROR] Failed to load resource: the server responded with a status of 401 () @ https://lms.entechai.ru/api/projects/eco-cf98e70d:0
[ 3113512ms] [ERROR] Failed to load resource: the server responded with a status of 401 () @ https://lms.entechai.ru/api/projects/eco-cf98e70d:0
[ 3117522ms] [ERROR] Failed to load resource: the server responded with a status of 401 () @ https://lms.entechai.ru/api/projects/eco-cf98e70d:0
[ 3120594ms] [ERROR] Failed to load resource: the server responded with a status of 401 () @ https://lms.entechai.ru/api/health:0
[ 3121511ms] [ERROR] Failed to load resource: the server responded with a status of 401 () @ https://lms.entechai.ru/api/projects/eco-cf98e70d:0
[ 3125508ms] [ERROR] Failed to load resource: the server responded with a status of 401 () @ https://lms.entechai.ru/api/projects/eco-cf98e70d:0
[ 3129563ms] [ERROR] Failed to load resource: the server responded with a status of 401 () @ https://lms.entechai.ru/api/projects/eco-cf98e70d:0
[ 3133518ms] [ERROR] Failed to load resource: the server responded with a status of 401 () @ https://lms.entechai.ru/api/projects/eco-cf98e70d:0
[ 3135584ms] [ERROR] Failed to load resource: the server responded with a status of 401 () @ https://lms.entechai.ru/api/health:0
[ 3137506ms] [ERROR] Failed to load resource: the server responded with a status of 401 () @ https://lms.entechai.ru/api/projects/eco-cf98e70d:0
[ 3141635ms] [ERROR] Failed to load resource: the server responded with a status of 401 () @ https://lms.entechai.ru/api/projects/eco-cf98e70d:0
[ 3146932ms] [ERROR] Failed to load resource: the server responded with a status of 401 () @ https://lms.entechai.ru/api/projects/eco-cf98e70d:0
[ 3150847ms] [ERROR] Failed to load resource: the server responded with a status of 401 () @ https://lms.entechai.ru/api/projects/eco-cf98e70d:0
[ 3150852ms] [ERROR] Failed to load resource: the server responded with a status of 401 () @ https://lms.entechai.ru/api/health:0
[ 3153780ms] [ERROR] Failed to load resource: the server responded with a status of 401 () @ https://lms.entechai.ru/api/projects/eco-cf98e70d:0
[ 3157803ms] [ERROR] Failed to load resource: the server responded with a status of 401 () @ https://lms.entechai.ru/api/projects/eco-cf98e70d:0
[ 3161515ms] [ERROR] Failed to load resource: the server responded with a status of 401 () @ https://lms.entechai.ru/api/projects/eco-cf98e70d:0
[ 3165522ms] [ERROR] Failed to load resource: the server responded with a status of 401 () @ https://lms.entechai.ru/api/projects/eco-cf98e70d:0
[ 3165590ms] [ERROR] Failed to load resource: the server responded with a status of 401 () @ https://lms.entechai.ru/api/health:0
[ 3169511ms] [ERROR] Failed to load resource: the server responded with a status of 401 () @ https://lms.entechai.ru/api/projects/eco-cf98e70d:0
[ 3173501ms] [ERROR] Failed to load resource: the server responded with a status of 401 () @ https://lms.entechai.ru/api/projects/eco-cf98e70d:0
[ 3177624ms] [ERROR] Failed to load resource: the server responded with a status of 401 () @ https://lms.entechai.ru/api/projects/eco-cf98e70d:0
[ 3180847ms] [ERROR] Failed to load resource: the server responded with a status of 401 () @ https://lms.entechai.ru/api/health:0
[ 3181542ms] [ERROR] Failed to load resource: the server responded with a status of 401 () @ https://lms.entechai.ru/api/projects/eco-cf98e70d:0
[ 3185526ms] [ERROR] Failed to load resource: the server responded with a status of 401 () @ https://lms.entechai.ru/api/projects/eco-cf98e70d:0
[ 3189501ms] [ERROR] Failed to load resource: the server responded with a status of 401 () @ https://lms.entechai.ru/api/projects/eco-cf98e70d:0
[ 3193503ms] [ERROR] Failed to load resource: the server responded with a status of 401 () @ https://lms.entechai.ru/api/projects/eco-cf98e70d:0
[ 3195691ms] [ERROR] Failed to load resource: the server responded with a status of 401 () @ https://lms.entechai.ru/api/health:0
[ 3197501ms] [ERROR] Failed to load resource: the server responded with a status of 401 () @ https://lms.entechai.ru/api/projects/eco-cf98e70d:0
[ 3201511ms] [ERROR] Failed to load resource: the server responded with a status of 401 () @ https://lms.entechai.ru/api/projects/eco-cf98e70d:0
[ 3205510ms] [ERROR] Failed to load resource: the server responded with a status of 401 () @ https://lms.entechai.ru/api/projects/eco-cf98e70d:0
[ 3209682ms] [ERROR] Failed to load resource: the server responded with a status of 401 () @ https://lms.entechai.ru/api/projects/eco-cf98e70d:0
[ 3210581ms] [ERROR] Failed to load resource: the server responded with a status of 401 () @ https://lms.entechai.ru/api/health:0
[ 3213528ms] [ERROR] Failed to load resource: the server responded with a status of 401 () @ https://lms.entechai.ru/api/projects/eco-cf98e70d:0
[ 3217508ms] [ERROR] Failed to load resource: the server responded with a status of 401 () @ https://lms.entechai.ru/api/projects/eco-cf98e70d:0
[ 3221614ms] [ERROR] Failed to load resource: the server responded with a status of 401 () @ https://lms.entechai.ru/api/projects/eco-cf98e70d:0
[ 3225502ms] [ERROR] Failed to load resource: the server responded with a status of 401 () @ https://lms.entechai.ru/api/projects/eco-cf98e70d:0
[ 3225560ms] [ERROR] Failed to load resource: the server responded with a status of 401 () @ https://lms.entechai.ru/api/health:0
[ 3229510ms] [ERROR] Failed to load resource: the server responded with a status of 401 () @ https://lms.entechai.ru/api/projects/eco-cf98e70d:0
[ 3233513ms] [ERROR] Failed to load resource: the server responded with a status of 401 () @ https://lms.entechai.ru/api/projects/eco-cf98e70d:0
[ 3237503ms] [ERROR] Failed to load resource: the server responded with a status of 401 () @ https://lms.entechai.ru/api/projects/eco-cf98e70d:0
[ 3240566ms] [ERROR] Failed to load resource: the server responded with a status of 401 () @ https://lms.entechai.ru/api/health:0
[ 3241502ms] [ERROR] Failed to load resource: the server responded with a status of 401 () @ https://lms.entechai.ru/api/projects/eco-cf98e70d:0
[ 3245558ms] [ERROR] Failed to load resource: the server responded with a status of 401 () @ https://lms.entechai.ru/api/projects/eco-cf98e70d:0
[ 3249633ms] [ERROR] Failed to load resource: the server responded with a status of 401 () @ https://lms.entechai.ru/api/projects/eco-cf98e70d:0
[ 3253509ms] [ERROR] Failed to load resource: the server responded with a status of 401 () @ https://lms.entechai.ru/api/projects/eco-cf98e70d:0
[ 3255564ms] [ERROR] Failed to load resource: the server responded with a status of 401 () @ https://lms.entechai.ru/api/health:0
[ 3257511ms] [ERROR] Failed to load resource: the server responded with a status of 401 () @ https://lms.entechai.ru/api/projects/eco-cf98e70d:0
[ 3261650ms] [ERROR] Failed to load resource: the server responded with a status of 401 () @ https://lms.entechai.ru/api/projects/eco-cf98e70d:0
[ 3265502ms] [ERROR] Failed to load resource: the server responded with a status of 401 () @ https://lms.entechai.ru/api/projects/eco-cf98e70d:0
[ 3269514ms] [ERROR] Failed to load resource: the server responded with a status of 401 () @ https://lms.entechai.ru/api/projects/eco-cf98e70d:0
[ 3270595ms] [ERROR] Failed to load resource: the server responded with a status of 401 () @ https://lms.entechai.ru/api/health:0
[ 3274556ms] [ERROR] Failed to load resource: the server responded with a status of 401 () @ https://lms.entechai.ru/api/projects/eco-cf98e70d:0
[ 3278034ms] [ERROR] Failed to load resource: the server responded with a status of 401 () @ https://lms.entechai.ru/api/projects/eco-cf98e70d:0
[ 3282348ms] [ERROR] Failed to load resource: the server responded with a status of 401 () @ https://lms.entechai.ru/api/projects/eco-cf98e70d:0
[ 3287272ms] [ERROR] Failed to load resource: the server responded with a status of 401 () @ https://lms.entechai.ru/api/projects/eco-cf98e70d:0
[ 3287272ms] [ERROR] Failed to load resource: the server responded with a status of 401 () @ https://lms.entechai.ru/api/health:0
[ 3289614ms] [ERROR] Failed to load resource: the server responded with a status of 401 () @ https://lms.entechai.ru/api/projects/eco-cf98e70d:0
[ 3293664ms] [ERROR] Failed to load resource: the server responded with a status of 401 () @ https://lms.entechai.ru/api/projects/eco-cf98e70d:0
[ 3299454ms] [ERROR] Failed to load resource: the server responded with a status of 401 () @ https://lms.entechai.ru/api/projects/eco-cf98e70d:0
[ 3300583ms] [ERROR] Failed to load resource: the server responded with a status of 401 () @ https://lms.entechai.ru/api/health:0
[ 3301588ms] [ERROR] Failed to load resource: the server responded with a status of 401 () @ https://lms.entechai.ru/api/projects/eco-cf98e70d:0
[ 3305504ms] [ERROR] Failed to load resource: the server responded with a status of 401 () @ https://lms.entechai.ru/api/projects/eco-cf98e70d:0
[ 3309517ms] [ERROR] Failed to load resource: the server responded with a status of 401 () @ https://lms.entechai.ru/api/projects/eco-cf98e70d:0
[ 3313507ms] [ERROR] Failed to load resource: the server responded with a status of 401 () @ https://lms.entechai.ru/api/projects/eco-cf98e70d:0
[ 3315718ms] [ERROR] Failed to load resource: the server responded with a status of 401 () @ https://lms.entechai.ru/api/health:0
[ 3317537ms] [ERROR] Failed to load resource: the server responded with a status of 401 () @ https://lms.entechai.ru/api/projects/eco-cf98e70d:0
[ 3324417ms] [ERROR] Failed to load resource: the server responded with a status of 401 () @ https://lms.entechai.ru/api/projects/eco-cf98e70d:0
[ 3325604ms] [ERROR] Failed to load resource: the server responded with a status of 401 () @ https://lms.entechai.ru/api/projects/eco-cf98e70d:0
[ 3329827ms] [ERROR] Failed to load resource: the server responded with a status of 401 () @ https://lms.entechai.ru/api/projects/eco-cf98e70d:0
[ 3330616ms] [ERROR] Failed to load resource: the server responded with a status of 401 () @ https://lms.entechai.ru/api/health:0
[ 3333510ms] [ERROR] Failed to load resource: the server responded with a status of 401 () @ https://lms.entechai.ru/api/projects/eco-cf98e70d:0
[ 3337522ms] [ERROR] Failed to load resource: the server responded with a status of 401 () @ https://lms.entechai.ru/api/projects/eco-cf98e70d:0
[ 3341519ms] [ERROR] Failed to load resource: the server responded with a status of 401 () @ https://lms.entechai.ru/api/projects/eco-cf98e70d:0
[ 3345696ms] [ERROR] Failed to load resource: the server responded with a status of 401 () @ https://lms.entechai.ru/api/projects/eco-cf98e70d:0
[ 3345697ms] [ERROR] Failed to load resource: the server responded with a status of 401 () @ https://lms.entechai.ru/api/health:0
[ 3349509ms] [ERROR] Failed to load resource: the server responded with a status of 401 () @ https://lms.entechai.ru/api/projects/eco-cf98e70d:0
[ 3353849ms] [ERROR] Failed to load resource: the server responded with a status of 401 () @ https://lms.entechai.ru/api/projects/eco-cf98e70d:0
[ 3357614ms] [ERROR] Failed to load resource: the server responded with a status of 401 () @ https://lms.entechai.ru/api/projects/eco-cf98e70d:0
[ 3360562ms] [ERROR] Failed to load resource: the server responded with a status of 401 () @ https://lms.entechai.ru/api/health:0
[ 3361521ms] [ERROR] Failed to load resource: the server responded with a status of 401 () @ https://lms.entechai.ru/api/projects/eco-cf98e70d:0
[ 3365523ms] [ERROR] Failed to load resource: the server responded with a status of 401 () @ https://lms.entechai.ru/api/projects/eco-cf98e70d:0
[ 3369630ms] [ERROR] Failed to load resource: the server responded with a status of 401 () @ https://lms.entechai.ru/api/projects/eco-cf98e70d:0
[ 3373510ms] [ERROR] Failed to load resource: the server responded with a status of 401 () @ https://lms.entechai.ru/api/projects/eco-cf98e70d:0
[ 3375588ms] [ERROR] Failed to load resource: the server responded with a status of 401 () @ https://lms.entechai.ru/api/health:0
[ 3377513ms] [ERROR] Failed to load resource: the server responded with a status of 401 () @ https://lms.entechai.ru/api/projects/eco-cf98e70d:0
[ 3381844ms] [ERROR] Failed to load resource: the server responded with a status of 401 () @ https://lms.entechai.ru/api/projects/eco-cf98e70d:0
[ 3385534ms] [ERROR] Failed to load resource: the server responded with a status of 401 () @ https://lms.entechai.ru/api/projects/eco-cf98e70d:0
[ 3389503ms] [ERROR] Failed to load resource: the server responded with a status of 401 () @ https://lms.entechai.ru/api/projects/eco-cf98e70d:0
[ 3390560ms] [ERROR] Failed to load resource: the server responded with a status of 401 () @ https://lms.entechai.ru/api/health:0
[ 3393501ms] [ERROR] Failed to load resource: the server responded with a status of 401 () @ https://lms.entechai.ru/api/projects/eco-cf98e70d:0
[ 3397521ms] [ERROR] Failed to load resource: the server responded with a status of 401 () @ https://lms.entechai.ru/api/projects/eco-cf98e70d:0
[ 3401653ms] [ERROR] Failed to load resource: the server responded with a status of 401 () @ https://lms.entechai.ru/api/projects/eco-cf98e70d:0
[ 3405519ms] [ERROR] Failed to load resource: the server responded with a status of 401 () @ https://lms.entechai.ru/api/projects/eco-cf98e70d:0
[ 3405579ms] [ERROR] Failed to load resource: the server responded with a status of 401 () @ https://lms.entechai.ru/api/health:0
[ 3409555ms] [ERROR] Failed to load resource: the server responded with a status of 401 () @ https://lms.entechai.ru/api/projects/eco-cf98e70d:0
[ 3413501ms] [ERROR] Failed to load resource: the server responded with a status of 401 () @ https://lms.entechai.ru/api/projects/eco-cf98e70d:0
[ 3417564ms] [ERROR] Failed to load resource: the server responded with a status of 401 () @ https://lms.entechai.ru/api/projects/eco-cf98e70d:0
[ 3421003ms] [ERROR] Failed to load resource: the server responded with a status of 401 () @ https://lms.entechai.ru/api/health:0
[ 3422519ms] [ERROR] Failed to load resource: the server responded with a status of 401 () @ https://lms.entechai.ru/api/projects/eco-cf98e70d:0
[ 3425526ms] [ERROR] Failed to load resource: the server responded with a status of 401 () @ https://lms.entechai.ru/api/projects/eco-cf98e70d:0
[ 3448122ms] [ERROR] Failed to load resource: net::ERR_CONNECTION_CLOSED @ https://lms.entechai.ru/api/projects/eco-cf98e70d:0
[ 3448123ms] [ERROR] Failed to load resource: net::ERR_NAME_NOT_RESOLVED @ https://lms.entechai.ru/api/health:0
[ 3448123ms] [ERROR] Failed to load resource: net::ERR_NAME_NOT_RESOLVED @ https://lms.entechai.ru/api/projects/eco-cf98e70d:0
[ 3448157ms] [ERROR] Failed to load resource: net::ERR_NAME_NOT_RESOLVED @ https://lms.entechai.ru/api/projects/eco-cf98e70d:0
[ 3448157ms] [ERROR] Failed to load resource: net::ERR_NAME_NOT_RESOLVED @ https://lms.entechai.ru/api/projects/eco-cf98e70d:0
[ 3448157ms] [ERROR] Failed to load resource: net::ERR_NAME_NOT_RESOLVED @ https://lms.entechai.ru/api/projects/eco-cf98e70d:0
[ 3449694ms] [ERROR] Failed to load resource: net::ERR_NAME_NOT_RESOLVED @ https://lms.entechai.ru/api/projects/eco-cf98e70d:0
[ 3452756ms] [ERROR] Failed to load resource: the server responded with a status of 401 () @ https://lms.entechai.ru/api/health:0
[ 3453493ms] [ERROR] Failed to load resource: the server responded with a status of 401 () @ https://lms.entechai.ru/api/projects/eco-cf98e70d:0
[ 3457672ms] [ERROR] Failed to load resource: the server responded with a status of 401 () @ https://lms.entechai.ru/api/projects/eco-cf98e70d:0
[ 3461498ms] [ERROR] Failed to load resource: the server responded with a status of 401 () @ https://lms.entechai.ru/api/projects/eco-cf98e70d:0
[ 3465530ms] [ERROR] Failed to load resource: the server responded with a status of 401 () @ https://lms.entechai.ru/api/projects/eco-cf98e70d:0
[ 3465670ms] [ERROR] Failed to load resource: the server responded with a status of 401 () @ https://lms.entechai.ru/api/health:0
[ 3469482ms] [ERROR] Failed to load resource: the server responded with a status of 401 () @ https://lms.entechai.ru/api/projects/eco-cf98e70d:0
[ 3473633ms] [ERROR] Failed to load resource: the server responded with a status of 401 () @ https://lms.entechai.ru/api/projects/eco-cf98e70d:0
[ 3477486ms] [ERROR] Failed to load resource: the server responded with a status of 401 () @ https://lms.entechai.ru/api/projects/eco-cf98e70d:0
[ 3480645ms] [ERROR] Failed to load resource: the server responded with a status of 401 () @ https://lms.entechai.ru/api/health:0
[ 3481480ms] [ERROR] Failed to load resource: the server responded with a status of 401 () @ https://lms.entechai.ru/api/projects/eco-cf98e70d:0
[ 3485485ms] [ERROR] Failed to load resource: the server responded with a status of 401 () @ https://lms.entechai.ru/api/projects/eco-cf98e70d:0
[ 3489503ms] [ERROR] Failed to load resource: the server responded with a status of 401 () @ https://lms.entechai.ru/api/projects/eco-cf98e70d:0
[ 3493486ms] [ERROR] Failed to load resource: the server responded with a status of 401 () @ https://lms.entechai.ru/api/projects/eco-cf98e70d:0
[ 3495549ms] [ERROR] Failed to load resource: the server responded with a status of 401 () @ https://lms.entechai.ru/api/health:0
[ 3497485ms] [ERROR] Failed to load resource: the server responded with a status of 401 () @ https://lms.entechai.ru/api/projects/eco-cf98e70d:0
[ 3501721ms] [ERROR] Failed to load resource: the server responded with a status of 401 () @ https://lms.entechai.ru/api/projects/eco-cf98e70d:0
[ 3505491ms] [ERROR] Failed to load resource: the server responded with a status of 401 () @ https://lms.entechai.ru/api/projects/eco-cf98e70d:0
[ 3509481ms] [ERROR] Failed to load resource: the server responded with a status of 401 () @ https://lms.entechai.ru/api/projects/eco-cf98e70d:0
[ 3510547ms] [ERROR] Failed to load resource: the server responded with a status of 401 () @ https://lms.entechai.ru/api/health:0
[ 3513530ms] [ERROR] Failed to load resource: the server responded with a status of 401 () @ https://lms.entechai.ru/api/projects/eco-cf98e70d:0
[ 3517486ms] [ERROR] Failed to load resource: the server responded with a status of 401 () @ https://lms.entechai.ru/api/projects/eco-cf98e70d:0
[ 3521500ms] [ERROR] Failed to load resource: the server responded with a status of 401 () @ https://lms.entechai.ru/api/projects/eco-cf98e70d:0
[ 3525486ms] [ERROR] Failed to load resource: the server responded with a status of 401 () @ https://lms.entechai.ru/api/projects/eco-cf98e70d:0
[ 3525545ms] [ERROR] Failed to load resource: the server responded with a status of 401 () @ https://lms.entechai.ru/api/health:0
[ 3529486ms] [ERROR] Failed to load resource: the server responded with a status of 401 () @ https://lms.entechai.ru/api/projects/eco-cf98e70d:0
[ 3533481ms] [ERROR] Failed to load resource: the server responded with a status of 401 () @ https://lms.entechai.ru/api/projects/eco-cf98e70d:0
[ 3537493ms] [ERROR] Failed to load resource: the server responded with a status of 401 () @ https://lms.entechai.ru/api/projects/eco-cf98e70d:0
[ 3540543ms] [ERROR] Failed to load resource: the server responded with a status of 401 () @ https://lms.entechai.ru/api/health:0
[ 3541482ms] [ERROR] Failed to load resource: the server responded with a status of 401 () @ https://lms.entechai.ru/api/projects/eco-cf98e70d:0
[ 3545584ms] [ERROR] Failed to load resource: the server responded with a status of 401 () @ https://lms.entechai.ru/api/projects/eco-cf98e70d:0
[ 3549482ms] [ERROR] Failed to load resource: the server responded with a status of 401 () @ https://lms.entechai.ru/api/projects/eco-cf98e70d:0
[ 3553497ms] [ERROR] Failed to load resource: the server responded with a status of 401 () @ https://lms.entechai.ru/api/projects/eco-cf98e70d:0
[ 3555551ms] [ERROR] Failed to load resource: the server responded with a status of 401 () @ https://lms.entechai.ru/api/health:0
[ 3557482ms] [ERROR] Failed to load resource: the server responded with a status of 401 () @ https://lms.entechai.ru/api/projects/eco-cf98e70d:0
[ 3561476ms] [ERROR] Failed to load resource: the server responded with a status of 401 () @ https://lms.entechai.ru/api/projects/eco-cf98e70d:0
[ 3565568ms] [ERROR] Failed to load resource: the server responded with a status of 401 () @ https://lms.entechai.ru/api/projects/eco-cf98e70d:0
[ 3569483ms] [ERROR] Failed to load resource: the server responded with a status of 401 () @ https://lms.entechai.ru/api/projects/eco-cf98e70d:0
[ 3570568ms] [ERROR] Failed to load resource: the server responded with a status of 401 () @ https://lms.entechai.ru/api/health:0
[ 3573479ms] [ERROR] Failed to load resource: the server responded with a status of 401 () @ https://lms.entechai.ru/api/projects/eco-cf98e70d:0
[ 3577532ms] [ERROR] Failed to load resource: the server responded with a status of 401 () @ https://lms.entechai.ru/api/projects/eco-cf98e70d:0
[ 3581492ms] [ERROR] Failed to load resource: the server responded with a status of 401 () @ https://lms.entechai.ru/api/projects/eco-cf98e70d:0
[ 3585484ms] [ERROR] Failed to load resource: the server responded with a status of 401 () @ https://lms.entechai.ru/api/projects/eco-cf98e70d:0
[ 3585546ms] [ERROR] Failed to load resource: the server responded with a status of 401 () @ https://lms.entechai.ru/api/health:0
[ 3589486ms] [ERROR] Failed to load resource: the server responded with a status of 401 () @ https://lms.entechai.ru/api/projects/eco-cf98e70d:0
[ 3593503ms] [ERROR] Failed to load resource: the server responded with a status of 401 () @ https://lms.entechai.ru/api/projects/eco-cf98e70d:0
[ 3597481ms] [ERROR] Failed to load resource: the server responded with a status of 401 () @ https://lms.entechai.ru/api/projects/eco-cf98e70d:0
[ 3600545ms] [ERROR] Failed to load resource: the server responded with a status of 401 () @ https://lms.entechai.ru/api/health:0
[ 3601517ms] [ERROR] Failed to load resource: the server responded with a status of 401 () @ https://lms.entechai.ru/api/projects/eco-cf98e70d:0
[ 3605487ms] [ERROR] Failed to load resource: the server responded with a status of 401 () @ https://lms.entechai.ru/api/projects/eco-cf98e70d:0
[ 3609548ms] [ERROR] Failed to load resource: the server responded with a status of 401 () @ https://lms.entechai.ru/api/projects/eco-cf98e70d:0
[ 3613606ms] [ERROR] Failed to load resource: the server responded with a status of 401 () @ https://lms.entechai.ru/api/projects/eco-cf98e70d:0
[ 3615547ms] [ERROR] Failed to load resource: the server responded with a status of 401 () @ https://lms.entechai.ru/api/health:0
[ 3617485ms] [ERROR] Failed to load resource: the server responded with a status of 401 () @ https://lms.entechai.ru/api/projects/eco-cf98e70d:0
[ 3621481ms] [ERROR] Failed to load resource: the server responded with a status of 401 () @ https://lms.entechai.ru/api/projects/eco-cf98e70d:0
[ 3625480ms] [ERROR] Failed to load resource: the server responded with a status of 401 () @ https://lms.entechai.ru/api/projects/eco-cf98e70d:0
[ 3629499ms] [ERROR] Failed to load resource: the server responded with a status of 401 () @ https://lms.entechai.ru/api/projects/eco-cf98e70d:0
[ 3630550ms] [ERROR] Failed to load resource: the server responded with a status of 401 () @ https://lms.entechai.ru/api/health:0
[ 3633481ms] [ERROR] Failed to load resource: the server responded with a status of 401 () @ https://lms.entechai.ru/api/projects/eco-cf98e70d:0
[ 3637481ms] [ERROR] Failed to load resource: the server responded with a status of 401 () @ https://lms.entechai.ru/api/projects/eco-cf98e70d:0
[ 3641480ms] [ERROR] Failed to load resource: the server responded with a status of 401 () @ https://lms.entechai.ru/api/projects/eco-cf98e70d:0
[ 3645482ms] [ERROR] Failed to load resource: the server responded with a status of 401 () @ https://lms.entechai.ru/api/projects/eco-cf98e70d:0
[ 3645551ms] [ERROR] Failed to load resource: the server responded with a status of 401 () @ https://lms.entechai.ru/api/health:0
[ 3649479ms] [ERROR] Failed to load resource: the server responded with a status of 401 () @ https://lms.entechai.ru/api/projects/eco-cf98e70d:0
[ 3653502ms] [ERROR] Failed to load resource: the server responded with a status of 401 () @ https://lms.entechai.ru/api/projects/eco-cf98e70d:0
[ 3657480ms] [ERROR] Failed to load resource: the server responded with a status of 401 () @ https://lms.entechai.ru/api/projects/eco-cf98e70d:0
[ 3660542ms] [ERROR] Failed to load resource: the server responded with a status of 401 () @ https://lms.entechai.ru/api/health:0
[ 3661495ms] [ERROR] Failed to load resource: the server responded with a status of 401 () @ https://lms.entechai.ru/api/projects/eco-cf98e70d:0
[ 3665492ms] [ERROR] Failed to load resource: the server responded with a status of 401 () @ https://lms.entechai.ru/api/projects/eco-cf98e70d:0
[ 3669500ms] [ERROR] Failed to load resource: the server responded with a status of 401 () @ https://lms.entechai.ru/api/projects/eco-cf98e70d:0
[ 3673552ms] [ERROR] Failed to load resource: the server responded with a status of 401 () @ https://lms.entechai.ru/api/projects/eco-cf98e70d:0
[ 3675643ms] [ERROR] Failed to load resource: the server responded with a status of 401 () @ https://lms.entechai.ru/api/health:0
[ 3677492ms] [ERROR] Failed to load resource: the server responded with a status of 401 () @ https://lms.entechai.ru/api/projects/eco-cf98e70d:0
[ 3681488ms] [ERROR] Failed to load resource: the server responded with a status of 401 () @ https://lms.entechai.ru/api/projects/eco-cf98e70d:0
[ 3685501ms] [ERROR] Failed to load resource: the server responded with a status of 401 () @ https://lms.entechai.ru/api/projects/eco-cf98e70d:0
[ 3689482ms] [ERROR] Failed to load resource: the server responded with a status of 401 () @ https://lms.entechai.ru/api/projects/eco-cf98e70d:0
[ 3690546ms] [ERROR] Failed to load resource: the server responded with a status of 401 () @ https://lms.entechai.ru/api/health:0
[ 3693479ms] [ERROR] Failed to load resource: the server responded with a status of 401 () @ https://lms.entechai.ru/api/projects/eco-cf98e70d:0
[ 3697500ms] [ERROR] Failed to load resource: the server responded with a status of 401 () @ https://lms.entechai.ru/api/projects/eco-cf98e70d:0
[ 3701477ms] [ERROR] Failed to load resource: the server responded with a status of 401 () @ https://lms.entechai.ru/api/projects/eco-cf98e70d:0
[ 3705477ms] [ERROR] Failed to load resource: the server responded with a status of 401 () @ https://lms.entechai.ru/api/projects/eco-cf98e70d:0
[ 3705542ms] [ERROR] Failed to load resource: the server responded with a status of 401 () @ https://lms.entechai.ru/api/health:0
[ 3709498ms] [ERROR] Failed to load resource: the server responded with a status of 401 () @ https://lms.entechai.ru/api/projects/eco-cf98e70d:0
[ 3713492ms] [ERROR] Failed to load resource: the server responded with a status of 401 () @ https://lms.entechai.ru/api/projects/eco-cf98e70d:0
[ 3717561ms] [ERROR] Failed to load resource: the server responded with a status of 401 () @ https://lms.entechai.ru/api/projects/eco-cf98e70d:0
[ 3720559ms] [ERROR] Failed to load resource: the server responded with a status of 401 () @ https://lms.entechai.ru/api/health:0
[ 3721478ms] [ERROR] Failed to load resource: the server responded with a status of 401 () @ https://lms.entechai.ru/api/projects/eco-cf98e70d:0
[ 3725497ms] [ERROR] Failed to load resource: the server responded with a status of 401 () @ https://lms.entechai.ru/api/projects/eco-cf98e70d:0
[ 3729477ms] [ERROR] Failed to load resource: the server responded with a status of 401 () @ https://lms.entechai.ru/api/projects/eco-cf98e70d:0
[ 3733493ms] [ERROR] Failed to load resource: the server responded with a status of 401 () @ https://lms.entechai.ru/api/projects/eco-cf98e70d:0
[ 3735543ms] [ERROR] Failed to load resource: the server responded with a status of 401 () @ https://lms.entechai.ru/api/health:0
[ 3737509ms] [ERROR] Failed to load resource: the server responded with a status of 401 () @ https://lms.entechai.ru/api/projects/eco-cf98e70d:0
[ 3741570ms] [ERROR] Failed to load resource: the server responded with a status of 401 () @ https://lms.entechai.ru/api/projects/eco-cf98e70d:0
[ 3745492ms] [ERROR] Failed to load resource: the server responded with a status of 401 () @ https://lms.entechai.ru/api/projects/eco-cf98e70d:0
[ 3749485ms] [ERROR] Failed to load resource: the server responded with a status of 401 () @ https://lms.entechai.ru/api/projects/eco-cf98e70d:0
[ 3750569ms] [ERROR] Failed to load resource: the server responded with a status of 401 () @ https://lms.entechai.ru/api/health:0
[ 3754240ms] [ERROR] Failed to load resource: the server responded with a status of 401 () @ https://lms.entechai.ru/api/projects/eco-cf98e70d:0
[ 3757476ms] [ERROR] Failed to load resource: the server responded with a status of 401 () @ https://lms.entechai.ru/api/projects/eco-cf98e70d:0
[ 3828323ms] [ERROR] Failed to load resource: net::ERR_NAME_NOT_RESOLVED @ https://lms.entechai.ru/api/projects/eco-cf98e70d:0
[ 3832610ms] [ERROR] Failed to load resource: net::ERR_NAME_NOT_RESOLVED @ https://lms.entechai.ru/api/projects/eco-cf98e70d:0
[ 3832637ms] [ERROR] Failed to load resource: net::ERR_NAME_NOT_RESOLVED @ https://lms.entechai.ru/api/health:0
[ 3836264ms] [ERROR] Failed to load resource: net::ERR_NAME_NOT_RESOLVED @ https://lms.entechai.ru/api/projects/eco-cf98e70d:0
[ 3840265ms] [ERROR] Failed to load resource: net::ERR_NAME_NOT_RESOLVED @ https://lms.entechai.ru/api/projects/eco-cf98e70d:0
[ 3844265ms] [ERROR] Failed to load resource: net::ERR_NAME_NOT_RESOLVED @ https://lms.entechai.ru/api/projects/eco-cf98e70d:0
[ 3847328ms] [ERROR] Failed to load resource: net::ERR_NAME_NOT_RESOLVED @ https://lms.entechai.ru/api/health:0
[ 3895785ms] [ERROR] Failed to load resource: net::ERR_NAME_NOT_RESOLVED @ https://lms.entechai.ru/api/projects/eco-cf98e70d:0
[ 3902486ms] [ERROR] Failed to load resource: the server responded with a status of 401 () @ https://lms.entechai.ru/api/projects/eco-cf98e70d:0
[ 3903816ms] [ERROR] Failed to load resource: the server responded with a status of 401 () @ https://lms.entechai.ru/api/projects/eco-cf98e70d:0
[ 3907811ms] [ERROR] Failed to load resource: the server responded with a status of 401 () @ https://lms.entechai.ru/api/projects/eco-cf98e70d:0
[ 3909877ms] [ERROR] Failed to load resource: the server responded with a status of 401 () @ https://lms.entechai.ru/api/health:0
[ 3911814ms] [ERROR] Failed to load resource: the server responded with a status of 401 () @ https://lms.entechai.ru/api/projects/eco-cf98e70d:0
[ 3915809ms] [ERROR] Failed to load resource: the server responded with a status of 401 () @ https://lms.entechai.ru/api/projects/eco-cf98e70d:0
[ 3919832ms] [ERROR] Failed to load resource: the server responded with a status of 401 () @ https://lms.entechai.ru/api/projects/eco-cf98e70d:0
[ 3923956ms] [ERROR] Failed to load resource: the server responded with a status of 401 () @ https://lms.entechai.ru/api/projects/eco-cf98e70d:0
[ 4090928ms] [ERROR] Failed to load resource: the server responded with a status of 401 () @ https://lms.entechai.ru/api/health:0
[ 4090937ms] [ERROR] Failed to load resource: the server responded with a status of 401 () @ https://lms.entechai.ru/api/projects/eco-cf98e70d:0
[ 4093153ms] [ERROR] Failed to load resource: the server responded with a status of 401 () @ https://lms.entechai.ru/api/projects/eco-cf98e70d:0
[ 4097019ms] [ERROR] Failed to load resource: the server responded with a status of 401 () @ https://lms.entechai.ru/api/projects/eco-cf98e70d:0
[ 4100934ms] [ERROR] Failed to load resource: the server responded with a status of 401 () @ https://lms.entechai.ru/api/projects/eco-cf98e70d:0
[ 4100991ms] [ERROR] Failed to load resource: the server responded with a status of 401 () @ https://lms.entechai.ru/api/health:0
[ 4104930ms] [ERROR] Failed to load resource: the server responded with a status of 401 () @ https://lms.entechai.ru/api/projects/eco-cf98e70d:0
[ 4108930ms] [ERROR] Failed to load resource: the server responded with a status of 401 () @ https://lms.entechai.ru/api/projects/eco-cf98e70d:0
[ 4112931ms] [ERROR] Failed to load resource: the server responded with a status of 401 () @ https://lms.entechai.ru/api/projects/eco-cf98e70d:0
[ 4116001ms] [ERROR] Failed to load resource: the server responded with a status of 401 () @ https://lms.entechai.ru/api/health:0
[ 4116969ms] [ERROR] Failed to load resource: the server responded with a status of 401 () @ https://lms.entechai.ru/api/projects/eco-cf98e70d:0
[ 4120927ms] [ERROR] Failed to load resource: the server responded with a status of 401 () @ https://lms.entechai.ru/api/projects/eco-cf98e70d:0
[ 4124928ms] [ERROR] Failed to load resource: the server responded with a status of 401 () @ https://lms.entechai.ru/api/projects/eco-cf98e70d:0
[ 4128999ms] [ERROR] Failed to load resource: the server responded with a status of 401 () @ https://lms.entechai.ru/api/projects/eco-cf98e70d:0
[ 4130996ms] [ERROR] Failed to load resource: the server responded with a status of 401 () @ https://lms.entechai.ru/api/health:0
[ 4132930ms] [ERROR] Failed to load resource: the server responded with a status of 401 () @ https://lms.entechai.ru/api/projects/eco-cf98e70d:0
[ 4136926ms] [ERROR] Failed to load resource: the server responded with a status of 401 () @ https://lms.entechai.ru/api/projects/eco-cf98e70d:0
[ 4140928ms] [ERROR] Failed to load resource: the server responded with a status of 401 () @ https://lms.entechai.ru/api/projects/eco-cf98e70d:0
[ 4144928ms] [ERROR] Failed to load resource: the server responded with a status of 401 () @ https://lms.entechai.ru/api/projects/eco-cf98e70d:0
[ 4145999ms] [ERROR] Failed to load resource: the server responded with a status of 401 () @ https://lms.entechai.ru/api/health:0
[ 4148952ms] [ERROR] Failed to load resource: the server responded with a status of 401 () @ https://lms.entechai.ru/api/projects/eco-cf98e70d:0
[ 4152927ms] [ERROR] Failed to load resource: the server responded with a status of 401 () @ https://lms.entechai.ru/api/projects/eco-cf98e70d:0
[ 4156927ms] [ERROR] Failed to load resource: the server responded with a status of 401 () @ https://lms.entechai.ru/api/projects/eco-cf98e70d:0
[ 4161009ms] [ERROR] Failed to load resource: the server responded with a status of 401 () @ https://lms.entechai.ru/api/projects/eco-cf98e70d:0
[ 4161146ms] [ERROR] Failed to load resource: the server responded with a status of 401 () @ https://lms.entechai.ru/api/health:0
[ 4164932ms] [ERROR] Failed to load resource: the server responded with a status of 401 () @ https://lms.entechai.ru/api/projects/eco-cf98e70d:0
[ 4168929ms] [ERROR] Failed to load resource: the server responded with a status of 401 () @ https://lms.entechai.ru/api/projects/eco-cf98e70d:0
[ 4172932ms] [ERROR] Failed to load resource: the server responded with a status of 401 () @ https://lms.entechai.ru/api/projects/eco-cf98e70d:0
[ 4176021ms] [ERROR] Failed to load resource: the server responded with a status of 401 () @ https://lms.entechai.ru/api/health:0
[ 4176928ms] [ERROR] Failed to load resource: the server responded with a status of 401 () @ https://lms.entechai.ru/api/projects/eco-cf98e70d:0
[ 4180937ms] [ERROR] Failed to load resource: the server responded with a status of 401 () @ https://lms.entechai.ru/api/projects/eco-cf98e70d:0
[ 4184932ms] [ERROR] Failed to load resource: the server responded with a status of 401 () @ https://lms.entechai.ru/api/projects/eco-cf98e70d:0
[ 4189087ms] [ERROR] Failed to load resource: the server responded with a status of 401 () @ https://lms.entechai.ru/api/projects/eco-cf98e70d:0
[ 4190990ms] [ERROR] Failed to load resource: the server responded with a status of 401 () @ https://lms.entechai.ru/api/health:0
[ 4193004ms] [ERROR] Failed to load resource: the server responded with a status of 401 () @ https://lms.entechai.ru/api/projects/eco-cf98e70d:0
[ 4196988ms] [ERROR] Failed to load resource: the server responded with a status of 401 () @ https://lms.entechai.ru/api/projects/eco-cf98e70d:0
[ 4201032ms] [ERROR] Failed to load resource: the server responded with a status of 401 () @ https://lms.entechai.ru/api/projects/eco-cf98e70d:0
[ 4205021ms] [ERROR] Failed to load resource: the server responded with a status of 401 () @ https://lms.entechai.ru/api/projects/eco-cf98e70d:0
[ 4206071ms] [ERROR] Failed to load resource: the server responded with a status of 401 () @ https://lms.entechai.ru/api/health:0
[ 4208930ms] [ERROR] Failed to load resource: the server responded with a status of 401 () @ https://lms.entechai.ru/api/projects/eco-cf98e70d:0
[ 4212930ms] [ERROR] Failed to load resource: the server responded with a status of 401 () @ https://lms.entechai.ru/api/projects/eco-cf98e70d:0
[ 4216931ms] [ERROR] Failed to load resource: the server responded with a status of 401 () @ https://lms.entechai.ru/api/projects/eco-cf98e70d:0
[ 4221091ms] [ERROR] Failed to load resource: the server responded with a status of 401 () @ https://lms.entechai.ru/api/health:0
[ 4221096ms] [ERROR] Failed to load resource: the server responded with a status of 401 () @ https://lms.entechai.ru/api/projects/eco-cf98e70d:0
[ 4224975ms] [ERROR] Failed to load resource: the server responded with a status of 401 () @ https://lms.entechai.ru/api/projects/eco-cf98e70d:0
[ 4228928ms] [ERROR] Failed to load resource: the server responded with a status of 401 () @ https://lms.entechai.ru/api/projects/eco-cf98e70d:0
[ 4232928ms] [ERROR] Failed to load resource: the server responded with a status of 401 () @ https://lms.entechai.ru/api/projects/eco-cf98e70d:0
[ 4235997ms] [ERROR] Failed to load resource: the server responded with a status of 401 () @ https://lms.entechai.ru/api/health:0
[ 4237004ms] [ERROR] Failed to load resource: the server responded with a status of 401 () @ https://lms.entechai.ru/api/projects/eco-cf98e70d:0
[ 4240926ms] [ERROR] Failed to load resource: the server responded with a status of 401 () @ https://lms.entechai.ru/api/projects/eco-cf98e70d:0
[ 4244928ms] [ERROR] Failed to load resource: the server responded with a status of 401 () @ https://lms.entechai.ru/api/projects/eco-cf98e70d:0
[ 4248935ms] [ERROR] Failed to load resource: the server responded with a status of 401 () @ https://lms.entechai.ru/api/projects/eco-cf98e70d:0
[ 4250993ms] [ERROR] Failed to load resource: the server responded with a status of 401 () @ https://lms.entechai.ru/api/health:0
[ 4252929ms] [ERROR] Failed to load resource: the server responded with a status of 401 () @ https://lms.entechai.ru/api/projects/eco-cf98e70d:0
[ 4256955ms] [ERROR] Failed to load resource: the server responded with a status of 401 () @ https://lms.entechai.ru/api/projects/eco-cf98e70d:0
[ 4260925ms] [ERROR] Failed to load resource: the server responded with a status of 401 () @ https://lms.entechai.ru/api/projects/eco-cf98e70d:0
[ 4264925ms] [ERROR] Failed to load resource: the server responded with a status of 401 () @ https://lms.entechai.ru/api/projects/eco-cf98e70d:0
[ 4265989ms] [ERROR] Failed to load resource: the server responded with a status of 401 () @ https://lms.entechai.ru/api/health:0
[ 4269015ms] [ERROR] Failed to load resource: the server responded with a status of 401 () @ https://lms.entechai.ru/api/projects/eco-cf98e70d:0
[ 4272926ms] [ERROR] Failed to load resource: the server responded with a status of 401 () @ https://lms.entechai.ru/api/projects/eco-cf98e70d:0
[ 4276929ms] [ERROR] Failed to load resource: the server responded with a status of 401 () @ https://lms.entechai.ru/api/projects/eco-cf98e70d:0
[ 4280927ms] [ERROR] Failed to load resource: the server responded with a status of 401 () @ https://lms.entechai.ru/api/projects/eco-cf98e70d:0
[ 4281071ms] [ERROR] Failed to load resource: the server responded with a status of 401 () @ https://lms.entechai.ru/api/health:0
[ 4285072ms] [ERROR] Failed to load resource: the server responded with a status of 401 () @ https://lms.entechai.ru/api/projects/eco-cf98e70d:0
[ 4288940ms] [ERROR] Failed to load resource: the server responded with a status of 401 () @ https://lms.entechai.ru/api/projects/eco-cf98e70d:0
[ 4292935ms] [ERROR] Failed to load resource: the server responded with a status of 401 () @ https://lms.entechai.ru/api/projects/eco-cf98e70d:0
[ 4295991ms] [ERROR] Failed to load resource: the server responded with a status of 401 () @ https://lms.entechai.ru/api/health:0
[ 4296967ms] [ERROR] Failed to load resource: the server responded with a status of 401 () @ https://lms.entechai.ru/api/projects/eco-cf98e70d:0
[ 4300997ms] [ERROR] Failed to load resource: the server responded with a status of 401 () @ https://lms.entechai.ru/api/projects/eco-cf98e70d:0
[ 4304925ms] [ERROR] Failed to load resource: the server responded with a status of 401 () @ https://lms.entechai.ru/api/projects/eco-cf98e70d:0
[ 4308928ms] [ERROR] Failed to load resource: the server responded with a status of 401 () @ https://lms.entechai.ru/api/projects/eco-cf98e70d:0
[ 4311121ms] [ERROR] Failed to load resource: the server responded with a status of 401 () @ https://lms.entechai.ru/api/health:0
[ 4312931ms] [ERROR] Failed to load resource: the server responded with a status of 401 () @ https://lms.entechai.ru/api/projects/eco-cf98e70d:0
[ 4316925ms] [ERROR] Failed to load resource: the server responded with a status of 401 () @ https://lms.entechai.ru/api/projects/eco-cf98e70d:0
[ 4320926ms] [ERROR] Failed to load resource: the server responded with a status of 401 () @ https://lms.entechai.ru/api/projects/eco-cf98e70d:0
[ 4324929ms] [ERROR] Failed to load resource: the server responded with a status of 401 () @ https://lms.entechai.ru/api/projects/eco-cf98e70d:0
[ 4325991ms] [ERROR] Failed to load resource: the server responded with a status of 401 () @ https://lms.entechai.ru/api/health:0
[ 4328929ms] [ERROR] Failed to load resource: the server responded with a status of 401 () @ https://lms.entechai.ru/api/projects/eco-cf98e70d:0
[ 4332978ms] [ERROR] Failed to load resource: the server responded with a status of 401 () @ https://lms.entechai.ru/api/projects/eco-cf98e70d:0
[ 4336948ms] [ERROR] Failed to load resource: the server responded with a status of 401 () @ https://lms.entechai.ru/api/projects/eco-cf98e70d:0
[ 4340933ms] [ERROR] Failed to load resource: the server responded with a status of 401 () @ https://lms.entechai.ru/api/projects/eco-cf98e70d:0
[ 4340987ms] [ERROR] Failed to load resource: the server responded with a status of 401 () @ https://lms.entechai.ru/api/health:0
[ 4345004ms] [ERROR] Failed to load resource: the server responded with a status of 401 () @ https://lms.entechai.ru/api/projects/eco-cf98e70d:0
[ 4348927ms] [ERROR] Failed to load resource: the server responded with a status of 401 () @ https://lms.entechai.ru/api/projects/eco-cf98e70d:0
[ 4353034ms] [ERROR] Failed to load resource: the server responded with a status of 401 () @ https://lms.entechai.ru/api/projects/eco-cf98e70d:0
[ 4356048ms] [ERROR] Failed to load resource: the server responded with a status of 401 () @ https://lms.entechai.ru/api/health:0
[ 4356923ms] [ERROR] Failed to load resource: the server responded with a status of 401 () @ https://lms.entechai.ru/api/projects/eco-cf98e70d:0
[ 4360925ms] [ERROR] Failed to load resource: the server responded with a status of 401 () @ https://lms.entechai.ru/api/projects/eco-cf98e70d:0
[ 4365095ms] [ERROR] Failed to load resource: the server responded with a status of 401 () @ https://lms.entechai.ru/api/projects/eco-cf98e70d:0
[ 4368929ms] [ERROR] Failed to load resource: the server responded with a status of 401 () @ https://lms.entechai.ru/api/projects/eco-cf98e70d:0
[ 4370989ms] [ERROR] Failed to load resource: the server responded with a status of 401 () @ https://lms.entechai.ru/api/health:0
[ 4372928ms] [ERROR] Failed to load resource: the server responded with a status of 401 () @ https://lms.entechai.ru/api/projects/eco-cf98e70d:0
[ 4376988ms] [ERROR] Failed to load resource: the server responded with a status of 401 () @ https://lms.entechai.ru/api/projects/eco-cf98e70d:0
[ 4380932ms] [ERROR] Failed to load resource: the server responded with a status of 401 () @ https://lms.entechai.ru/api/projects/eco-cf98e70d:0
[ 4384927ms] [ERROR] Failed to load resource: the server responded with a status of 401 () @ https://lms.entechai.ru/api/projects/eco-cf98e70d:0
[ 4385989ms] [ERROR] Failed to load resource: the server responded with a status of 401 () @ https://lms.entechai.ru/api/health:0
[ 4388933ms] [ERROR] Failed to load resource: the server responded with a status of 401 () @ https://lms.entechai.ru/api/projects/eco-cf98e70d:0
[ 4393047ms] [ERROR] Failed to load resource: the server responded with a status of 401 () @ https://lms.entechai.ru/api/projects/eco-cf98e70d:0
[ 4396942ms] [ERROR] Failed to load resource: the server responded with a status of 401 () @ https://lms.entechai.ru/api/projects/eco-cf98e70d:0
[ 4400928ms] [ERROR] Failed to load resource: the server responded with a status of 401 () @ https://lms.entechai.ru/api/projects/eco-cf98e70d:0
[ 4400988ms] [ERROR] Failed to load resource: the server responded with a status of 401 () @ https://lms.entechai.ru/api/health:0
[ 4404924ms] [ERROR] Failed to load resource: the server responded with a status of 401 () @ https://lms.entechai.ru/api/projects/eco-cf98e70d:0
[ 4409001ms] [ERROR] Failed to load resource: the server responded with a status of 401 () @ https://lms.entechai.ru/api/projects/eco-cf98e70d:0
[ 4412928ms] [ERROR] Failed to load resource: the server responded with a status of 401 () @ https://lms.entechai.ru/api/projects/eco-cf98e70d:0
[ 4415996ms] [ERROR] Failed to load resource: the server responded with a status of 401 () @ https://lms.entechai.ru/api/health:0
[ 4416923ms] [ERROR] Failed to load resource: the server responded with a status of 401 () @ https://lms.entechai.ru/api/projects/eco-cf98e70d:0
[ 4421058ms] [ERROR] Failed to load resource: the server responded with a status of 401 () @ https://lms.entechai.ru/api/projects/eco-cf98e70d:0
[ 4424921ms] [ERROR] Failed to load resource: the server responded with a status of 401 () @ https://lms.entechai.ru/api/projects/eco-cf98e70d:0
[ 4428927ms] [ERROR] Failed to load resource: the server responded with a status of 401 () @ https://lms.entechai.ru/api/projects/eco-cf98e70d:0
[ 4431018ms] [ERROR] Failed to load resource: the server responded with a status of 401 () @ https://lms.entechai.ru/api/health:0
[ 4433086ms] [ERROR] Failed to load resource: the server responded with a status of 401 () @ https://lms.entechai.ru/api/projects/eco-cf98e70d:0
[ 4436949ms] [ERROR] Failed to load resource: the server responded with a status of 401 () @ https://lms.entechai.ru/api/projects/eco-cf98e70d:0
[ 4440980ms] [ERROR] Failed to load resource: the server responded with a status of 401 () @ https://lms.entechai.ru/api/projects/eco-cf98e70d:0
[ 4444927ms] [ERROR] Failed to load resource: the server responded with a status of 401 () @ https://lms.entechai.ru/api/projects/eco-cf98e70d:0
[ 4445992ms] [ERROR] Failed to load resource: the server responded with a status of 401 () @ https://lms.entechai.ru/api/health:0
[ 4448929ms] [ERROR] Failed to load resource: the server responded with a status of 401 () @ https://lms.entechai.ru/api/projects/eco-cf98e70d:0
[ 4453011ms] [ERROR] Failed to load resource: the server responded with a status of 401 () @ https://lms.entechai.ru/api/projects/eco-cf98e70d:0
[ 4456936ms] [ERROR] Failed to load resource: the server responded with a status of 401 () @ https://lms.entechai.ru/api/projects/eco-cf98e70d:0
[ 4461040ms] [ERROR] Failed to load resource: the server responded with a status of 401 () @ https://lms.entechai.ru/api/projects/eco-cf98e70d:0
[ 4461203ms] [ERROR] Failed to load resource: the server responded with a status of 401 () @ https://lms.entechai.ru/api/health:0
[ 4464925ms] [ERROR] Failed to load resource: the server responded with a status of 401 () @ https://lms.entechai.ru/api/projects/eco-cf98e70d:0
[ 4468932ms] [ERROR] Failed to load resource: the server responded with a status of 401 () @ https://lms.entechai.ru/api/projects/eco-cf98e70d:0
[ 4472969ms] [ERROR] Failed to load resource: the server responded with a status of 401 () @ https://lms.entechai.ru/api/projects/eco-cf98e70d:0
[ 4476078ms] [ERROR] Failed to load resource: the server responded with a status of 401 () @ https://lms.entechai.ru/api/health:0
[ 4476924ms] [ERROR] Failed to load resource: the server responded with a status of 401 () @ https://lms.entechai.ru/api/projects/eco-cf98e70d:0
[ 4480930ms] [ERROR] Failed to load resource: the server responded with a status of 401 () @ https://lms.entechai.ru/api/projects/eco-cf98e70d:0
[ 4484992ms] [ERROR] Failed to load resource: the server responded with a status of 401 () @ https://lms.entechai.ru/api/projects/eco-cf98e70d:0
[ 4488951ms] [ERROR] Failed to load resource: the server responded with a status of 401 () @ https://lms.entechai.ru/api/projects/eco-cf98e70d:0
[ 4490990ms] [ERROR] Failed to load resource: the server responded with a status of 401 () @ https://lms.entechai.ru/api/health:0
[ 4492925ms] [ERROR] Failed to load resource: the server responded with a status of 401 () @ https://lms.entechai.ru/api/projects/eco-cf98e70d:0
[ 4496931ms] [ERROR] Failed to load resource: the server responded with a status of 401 () @ https://lms.entechai.ru/api/projects/eco-cf98e70d:0
[ 4501044ms] [ERROR] Failed to load resource: the server responded with a status of 401 () @ https://lms.entechai.ru/api/projects/eco-cf98e70d:0
[ 4504944ms] [ERROR] Failed to load resource: the server responded with a status of 401 () @ https://lms.entechai.ru/api/projects/eco-cf98e70d:0
[ 4506024ms] [ERROR] Failed to load resource: the server responded with a status of 401 () @ https://lms.entechai.ru/api/health:0
[ 4508925ms] [ERROR] Failed to load resource: the server responded with a status of 401 () @ https://lms.entechai.ru/api/projects/eco-cf98e70d:0
[ 4512934ms] [ERROR] Failed to load resource: the server responded with a status of 401 () @ https://lms.entechai.ru/api/projects/eco-cf98e70d:0
[ 4517002ms] [ERROR] Failed to load resource: the server responded with a status of 401 () @ https://lms.entechai.ru/api/projects/eco-cf98e70d:0
[ 4520925ms] [ERROR] Failed to load resource: the server responded with a status of 401 () @ https://lms.entechai.ru/api/projects/eco-cf98e70d:0
[ 4520989ms] [ERROR] Failed to load resource: the server responded with a status of 401 () @ https://lms.entechai.ru/api/health:0
[ 4524931ms] [ERROR] Failed to load resource: the server responded with a status of 401 () @ https://lms.entechai.ru/api/projects/eco-cf98e70d:0
[ 4529059ms] [ERROR] Failed to load resource: the server responded with a status of 401 () @ https://lms.entechai.ru/api/projects/eco-cf98e70d:0
[ 4532933ms] [ERROR] Failed to load resource: the server responded with a status of 401 () @ https://lms.entechai.ru/api/projects/eco-cf98e70d:0
[ 4535988ms] [ERROR] Failed to load resource: the server responded with a status of 401 () @ https://lms.entechai.ru/api/health:0
[ 4536929ms] [ERROR] Failed to load resource: the server responded with a status of 401 () @ https://lms.entechai.ru/api/projects/eco-cf98e70d:0
[ 4540924ms] [ERROR] Failed to load resource: the server responded with a status of 401 () @ https://lms.entechai.ru/api/projects/eco-cf98e70d:0
[ 4544923ms] [ERROR] Failed to load resource: the server responded with a status of 401 () @ https://lms.entechai.ru/api/projects/eco-cf98e70d:0
[ 4548988ms] [ERROR] Failed to load resource: the server responded with a status of 401 () @ https://lms.entechai.ru/api/projects/eco-cf98e70d:0
[ 4551052ms] [ERROR] Failed to load resource: the server responded with a status of 401 () @ https://lms.entechai.ru/api/health:0
[ 4552923ms] [ERROR] Failed to load resource: the server responded with a status of 401 () @ https://lms.entechai.ru/api/projects/eco-cf98e70d:0
[ 4562182ms] [ERROR] Failed to load resource: the server responded with a status of 401 () @ https://lms.entechai.ru/api/projects/eco-cf98e70d:0
[ 4562195ms] [ERROR] Failed to load resource: the server responded with a status of 401 () @ https://lms.entechai.ru/api/projects/eco-cf98e70d:0
[ 4569409ms] [ERROR] Failed to load resource: the server responded with a status of 401 () @ https://lms.entechai.ru/api/projects/eco-cf98e70d:0
[ 4569411ms] [ERROR] Failed to load resource: the server responded with a status of 401 () @ https://lms.entechai.ru/api/health:0
[ 4569411ms] [ERROR] Failed to load resource: the server responded with a status of 401 () @ https://lms.entechai.ru/api/projects/eco-cf98e70d:0
[ 4572953ms] [ERROR] Failed to load resource: the server responded with a status of 401 () @ https://lms.entechai.ru/api/projects/eco-cf98e70d:0
[ 4576930ms] [ERROR] Failed to load resource: the server responded with a status of 401 () @ https://lms.entechai.ru/api/projects/eco-cf98e70d:0
[ 4580965ms] [ERROR] Failed to load resource: the server responded with a status of 401 () @ https://lms.entechai.ru/api/projects/eco-cf98e70d:0
[ 4580986ms] [ERROR] Failed to load resource: the server responded with a status of 401 () @ https://lms.entechai.ru/api/health:0
[ 4584932ms] [ERROR] Failed to load resource: the server responded with a status of 401 () @ https://lms.entechai.ru/api/projects/eco-cf98e70d:0
[ 4588922ms] [ERROR] Failed to load resource: the server responded with a status of 401 () @ https://lms.entechai.ru/api/projects/eco-cf98e70d:0
[ 4592997ms] [ERROR] Failed to load resource: the server responded with a status of 401 () @ https://lms.entechai.ru/api/projects/eco-cf98e70d:0
[ 4596146ms] [ERROR] Failed to load resource: the server responded with a status of 401 () @ https://lms.entechai.ru/api/health:0
[ 4596920ms] [ERROR] Failed to load resource: the server responded with a status of 401 () @ https://lms.entechai.ru/api/projects/eco-cf98e70d:0
[ 4600926ms] [ERROR] Failed to load resource: the server responded with a status of 401 () @ https://lms.entechai.ru/api/projects/eco-cf98e70d:0
[ 4604925ms] [ERROR] Failed to load resource: the server responded with a status of 401 () @ https://lms.entechai.ru/api/projects/eco-cf98e70d:0
[ 4608922ms] [ERROR] Failed to load resource: the server responded with a status of 401 () @ https://lms.entechai.ru/api/projects/eco-cf98e70d:0
[ 4611148ms] [ERROR] Failed to load resource: the server responded with a status of 401 () @ https://lms.entechai.ru/api/health:0
[ 4612949ms] [ERROR] Failed to load resource: the server responded with a status of 401 () @ https://lms.entechai.ru/api/projects/eco-cf98e70d:0
[ 4616927ms] [ERROR] Failed to load resource: the server responded with a status of 401 () @ https://lms.entechai.ru/api/projects/eco-cf98e70d:0
[ 4620922ms] [ERROR] Failed to load resource: the server responded with a status of 401 () @ https://lms.entechai.ru/api/projects/eco-cf98e70d:0
[ 4625007ms] [ERROR] Failed to load resource: the server responded with a status of 401 () @ https://lms.entechai.ru/api/projects/eco-cf98e70d:0
[ 4626053ms] [ERROR] Failed to load resource: the server responded with a status of 401 () @ https://lms.entechai.ru/api/health:0
[ 4628925ms] [ERROR] Failed to load resource: the server responded with a status of 401 () @ https://lms.entechai.ru/api/projects/eco-cf98e70d:0
[ 4636517ms] [ERROR] Failed to load resource: the server responded with a status of 401 () @ https://lms.entechai.ru/api/projects/eco-cf98e70d:0
[ 4636922ms] [ERROR] Failed to load resource: the server responded with a status of 401 () @ https://lms.entechai.ru/api/projects/eco-cf98e70d:0
[ 4643519ms] [ERROR] Failed to load resource: the server responded with a status of 401 () @ https://lms.entechai.ru/api/projects/eco-cf98e70d:0
[ 4643520ms] [ERROR] Failed to load resource: the server responded with a status of 401 () @ https://lms.entechai.ru/api/health:0
[ 4644936ms] [ERROR] Failed to load resource: the server responded with a status of 401 () @ https://lms.entechai.ru/api/projects/eco-cf98e70d:0
[ 4648936ms] [ERROR] Failed to load resource: the server responded with a status of 401 () @ https://lms.entechai.ru/api/projects/eco-cf98e70d:0
[ 4653092ms] [ERROR] Failed to load resource: the server responded with a status of 401 () @ https://lms.entechai.ru/api/projects/eco-cf98e70d:0
[ 4655985ms] [ERROR] Failed to load resource: the server responded with a status of 401 () @ https://lms.entechai.ru/api/health:0
[ 4656991ms] [ERROR] Failed to load resource: the server responded with a status of 401 () @ https://lms.entechai.ru/api/projects/eco-cf98e70d:0
[ 4660923ms] [ERROR] Failed to load resource: the server responded with a status of 401 () @ https://lms.entechai.ru/api/projects/eco-cf98e70d:0
[ 4665015ms] [ERROR] Failed to load resource: the server responded with a status of 401 () @ https://lms.entechai.ru/api/projects/eco-cf98e70d:0
[ 4668924ms] [ERROR] Failed to load resource: the server responded with a status of 401 () @ https://lms.entechai.ru/api/projects/eco-cf98e70d:0
[ 4670981ms] [ERROR] Failed to load resource: the server responded with a status of 401 () @ https://lms.entechai.ru/api/health:0
[ 4672924ms] [ERROR] Failed to load resource: the server responded with a status of 401 () @ https://lms.entechai.ru/api/projects/eco-cf98e70d:0
[ 4676924ms] [ERROR] Failed to load resource: the server responded with a status of 401 () @ https://lms.entechai.ru/api/projects/eco-cf98e70d:0
[ 4680947ms] [ERROR] Failed to load resource: the server responded with a status of 401 () @ https://lms.entechai.ru/api/projects/eco-cf98e70d:0
[ 4684924ms] [ERROR] Failed to load resource: the server responded with a status of 401 () @ https://lms.entechai.ru/api/projects/eco-cf98e70d:0
[ 4685985ms] [ERROR] Failed to load resource: the server responded with a status of 401 () @ https://lms.entechai.ru/api/health:0
[ 4688971ms] [ERROR] Failed to load resource: the server responded with a status of 401 () @ https://lms.entechai.ru/api/projects/eco-cf98e70d:0
[ 4692972ms] [ERROR] Failed to load resource: the server responded with a status of 401 () @ https://lms.entechai.ru/api/projects/eco-cf98e70d:0
[ 4696928ms] [ERROR] Failed to load resource: the server responded with a status of 401 () @ https://lms.entechai.ru/api/projects/eco-cf98e70d:0
[ 4701000ms] [ERROR] Failed to load resource: the server responded with a status of 401 () @ https://lms.entechai.ru/api/projects/eco-cf98e70d:0
[ 4701029ms] [ERROR] Failed to load resource: the server responded with a status of 401 () @ https://lms.entechai.ru/api/health:0
[ 4704921ms] [ERROR] Failed to load resource: the server responded with a status of 401 () @ https://lms.entechai.ru/api/projects/eco-cf98e70d:0
[ 4708922ms] [ERROR] Failed to load resource: the server responded with a status of 401 () @ https://lms.entechai.ru/api/projects/eco-cf98e70d:0
[ 4712925ms] [ERROR] Failed to load resource: the server responded with a status of 401 () @ https://lms.entechai.ru/api/projects/eco-cf98e70d:0
[ 4715987ms] [ERROR] Failed to load resource: the server responded with a status of 401 () @ https://lms.entechai.ru/api/health:0
[ 4716922ms] [ERROR] Failed to load resource: the server responded with a status of 401 () @ https://lms.entechai.ru/api/projects/eco-cf98e70d:0
[ 4720951ms] [ERROR] Failed to load resource: the server responded with a status of 401 () @ https://lms.entechai.ru/api/projects/eco-cf98e70d:0
[ 4724933ms] [ERROR] Failed to load resource: the server responded with a status of 401 () @ https://lms.entechai.ru/api/projects/eco-cf98e70d:0
[ 4728923ms] [ERROR] Failed to load resource: the server responded with a status of 401 () @ https://lms.entechai.ru/api/projects/eco-cf98e70d:0
[ 4730987ms] [ERROR] Failed to load resource: the server responded with a status of 401 () @ https://lms.entechai.ru/api/health:0
[ 4733009ms] [ERROR] Failed to load resource: the server responded with a status of 401 () @ https://lms.entechai.ru/api/projects/eco-cf98e70d:0
[ 4736923ms] [ERROR] Failed to load resource: the server responded with a status of 401 () @ https://lms.entechai.ru/api/projects/eco-cf98e70d:0
[ 4740922ms] [ERROR] Failed to load resource: the server responded with a status of 401 () @ https://lms.entechai.ru/api/projects/eco-cf98e70d:0
[ 4744925ms] [ERROR] Failed to load resource: the server responded with a status of 401 () @ https://lms.entechai.ru/api/projects/eco-cf98e70d:0
[ 4745984ms] [ERROR] Failed to load resource: the server responded with a status of 401 () @ https://lms.entechai.ru/api/health:0
[ 4748920ms] [ERROR] Failed to load resource: the server responded with a status of 401 () @ https://lms.entechai.ru/api/projects/eco-cf98e70d:0
[ 4752939ms] [ERROR] Failed to load resource: the server responded with a status of 401 () @ https://lms.entechai.ru/api/projects/eco-cf98e70d:0
[ 4756921ms] [ERROR] Failed to load resource: the server responded with a status of 401 () @ https://lms.entechai.ru/api/projects/eco-cf98e70d:0
[ 4760964ms] [ERROR] Failed to load resource: the server responded with a status of 401 () @ https://lms.entechai.ru/api/projects/eco-cf98e70d:0
[ 4761097ms] [ERROR] Failed to load resource: the server responded with a status of 401 () @ https://lms.entechai.ru/api/health:0
[ 4764992ms] [ERROR] Failed to load resource: the server responded with a status of 401 () @ https://lms.entechai.ru/api/projects/eco-cf98e70d:0
[ 4768920ms] [ERROR] Failed to load resource: the server responded with a status of 401 () @ https://lms.entechai.ru/api/projects/eco-cf98e70d:0
[ 4772922ms] [ERROR] Failed to load resource: the server responded with a status of 401 () @ https://lms.entechai.ru/api/projects/eco-cf98e70d:0
[ 4776003ms] [ERROR] Failed to load resource: the server responded with a status of 401 () @ https://lms.entechai.ru/api/health:0
[ 4776922ms] [ERROR] Failed to load resource: the server responded with a status of 401 () @ https://lms.entechai.ru/api/projects/eco-cf98e70d:0
[ 4780921ms] [ERROR] Failed to load resource: the server responded with a status of 401 () @ https://lms.entechai.ru/api/projects/eco-cf98e70d:0
[ 4784923ms] [ERROR] Failed to load resource: the server responded with a status of 401 () @ https://lms.entechai.ru/api/projects/eco-cf98e70d:0
[ 4788922ms] [ERROR] Failed to load resource: the server responded with a status of 401 () @ https://lms.entechai.ru/api/projects/eco-cf98e70d:0
[ 4790989ms] [ERROR] Failed to load resource: the server responded with a status of 401 () @ https://lms.entechai.ru/api/health:0
[ 4792920ms] [ERROR] Failed to load resource: the server responded with a status of 401 () @ https://lms.entechai.ru/api/projects/eco-cf98e70d:0
[ 4796978ms] [ERROR] Failed to load resource: the server responded with a status of 401 () @ https://lms.entechai.ru/api/projects/eco-cf98e70d:0
[ 4801137ms] [ERROR] Failed to load resource: the server responded with a status of 401 () @ https://lms.entechai.ru/api/projects/eco-cf98e70d:0
[ 4804929ms] [ERROR] Failed to load resource: the server responded with a status of 401 () @ https://lms.entechai.ru/api/projects/eco-cf98e70d:0
[ 4805985ms] [ERROR] Failed to load resource: the server responded with a status of 401 () @ https://lms.entechai.ru/api/health:0
[ 4809003ms] [ERROR] Failed to load resource: the server responded with a status of 401 () @ https://lms.entechai.ru/api/projects/eco-cf98e70d:0
[ 4812924ms] [ERROR] Failed to load resource: the server responded with a status of 401 () @ https://lms.entechai.ru/api/projects/eco-cf98e70d:0
[ 4816922ms] [ERROR] Failed to load resource: the server responded with a status of 401 () @ https://lms.entechai.ru/api/projects/eco-cf98e70d:0
[ 4820919ms] [ERROR] Failed to load resource: the server responded with a status of 401 () @ https://lms.entechai.ru/api/projects/eco-cf98e70d:0
[ 4821062ms] [ERROR] Failed to load resource: the server responded with a status of 401 () @ https://lms.entechai.ru/api/health:0
[ 4824920ms] [ERROR] Failed to load resource: the server responded with a status of 401 () @ https://lms.entechai.ru/api/projects/eco-cf98e70d:0
[ 4829089ms] [ERROR] Failed to load resource: the server responded with a status of 401 () @ https://lms.entechai.ru/api/projects/eco-cf98e70d:0
[ 4832936ms] [ERROR] Failed to load resource: the server responded with a status of 401 () @ https://lms.entechai.ru/api/projects/eco-cf98e70d:0
[ 4835987ms] [ERROR] Failed to load resource: the server responded with a status of 401 () @ https://lms.entechai.ru/api/health:0
[ 4836922ms] [ERROR] Failed to load resource: the server responded with a status of 401 () @ https://lms.entechai.ru/api/projects/eco-cf98e70d:0
[ 4840986ms] [ERROR] Failed to load resource: the server responded with a status of 401 () @ https://lms.entechai.ru/api/projects/eco-cf98e70d:0
[ 4844921ms] [ERROR] Failed to load resource: the server responded with a status of 401 () @ https://lms.entechai.ru/api/projects/eco-cf98e70d:0
[ 4848924ms] [ERROR] Failed to load resource: the server responded with a status of 401 () @ https://lms.entechai.ru/api/projects/eco-cf98e70d:0
[ 4850982ms] [ERROR] Failed to load resource: the server responded with a status of 401 () @ https://lms.entechai.ru/api/health:0
[ 4852920ms] [ERROR] Failed to load resource: the server responded with a status of 401 () @ https://lms.entechai.ru/api/projects/eco-cf98e70d:0
[ 4856918ms] [ERROR] Failed to load resource: the server responded with a status of 401 () @ https://lms.entechai.ru/api/projects/eco-cf98e70d:0
[ 4860954ms] [ERROR] Failed to load resource: the server responded with a status of 401 () @ https://lms.entechai.ru/api/projects/eco-cf98e70d:0
[ 4864931ms] [ERROR] Failed to load resource: the server responded with a status of 401 () @ https://lms.entechai.ru/api/projects/eco-cf98e70d:0
[ 4865982ms] [ERROR] Failed to load resource: the server responded with a status of 401 () @ https://lms.entechai.ru/api/health:0
[ 4869115ms] [ERROR] Failed to load resource: the server responded with a status of 401 () @ https://lms.entechai.ru/api/projects/eco-cf98e70d:0
[ 4872994ms] [ERROR] Failed to load resource: the server responded with a status of 401 () @ https://lms.entechai.ru/api/projects/eco-cf98e70d:0
[ 4876921ms] [ERROR] Failed to load resource: the server responded with a status of 401 () @ https://lms.entechai.ru/api/projects/eco-cf98e70d:0
[ 4880923ms] [ERROR] Failed to load resource: the server responded with a status of 401 () @ https://lms.entechai.ru/api/projects/eco-cf98e70d:0
[ 4880990ms] [ERROR] Failed to load resource: the server responded with a status of 401 () @ https://lms.entechai.ru/api/health:0
[ 4884920ms] [ERROR] Failed to load resource: the server responded with a status of 401 () @ https://lms.entechai.ru/api/projects/eco-cf98e70d:0
[ 4888924ms] [ERROR] Failed to load resource: the server responded with a status of 401 () @ https://lms.entechai.ru/api/projects/eco-cf98e70d:0
[ 4892923ms] [ERROR] Failed to load resource: the server responded with a status of 401 () @ https://lms.entechai.ru/api/projects/eco-cf98e70d:0
[ 4896089ms] [ERROR] Failed to load resource: the server responded with a status of 401 () @ https://lms.entechai.ru/api/health:0
[ 4896920ms] [ERROR] Failed to load resource: the server responded with a status of 401 () @ https://lms.entechai.ru/api/projects/eco-cf98e70d:0
[ 4900918ms] [ERROR] Failed to load resource: the server responded with a status of 401 () @ https://lms.entechai.ru/api/projects/eco-cf98e70d:0
[ 4904979ms] [ERROR] Failed to load resource: the server responded with a status of 401 () @ https://lms.entechai.ru/api/projects/eco-cf98e70d:0
[ 4908920ms] [ERROR] Failed to load resource: the server responded with a status of 401 () @ https://lms.entechai.ru/api/projects/eco-cf98e70d:0
[ 4911072ms] [ERROR] Failed to load resource: the server responded with a status of 401 () @ https://lms.entechai.ru/api/health:0
[ 4912921ms] [ERROR] Failed to load resource: the server responded with a status of 401 () @ https://lms.entechai.ru/api/projects/eco-cf98e70d:0
[ 4917003ms] [ERROR] Failed to load resource: the server responded with a status of 401 () @ https://lms.entechai.ru/api/projects/eco-cf98e70d:0
[ 4920922ms] [ERROR] Failed to load resource: the server responded with a status of 401 () @ https://lms.entechai.ru/api/projects/eco-cf98e70d:0
[ 4924979ms] [ERROR] Failed to load resource: the server responded with a status of 401 () @ https://lms.entechai.ru/api/projects/eco-cf98e70d:0
[ 4925985ms] [ERROR] Failed to load resource: the server responded with a status of 401 () @ https://lms.entechai.ru/api/health:0
[ 4928920ms] [ERROR] Failed to load resource: the server responded with a status of 401 () @ https://lms.entechai.ru/api/projects/eco-cf98e70d:0
[ 4932922ms] [ERROR] Failed to load resource: the server responded with a status of 401 () @ https://lms.entechai.ru/api/projects/eco-cf98e70d:0
[ 4936961ms] [ERROR] Failed to load resource: the server responded with a status of 401 () @ https://lms.entechai.ru/api/projects/eco-cf98e70d:0
[ 4940921ms] [ERROR] Failed to load resource: the server responded with a status of 401 () @ https://lms.entechai.ru/api/projects/eco-cf98e70d:0
[ 4940982ms] [ERROR] Failed to load resource: the server responded with a status of 401 () @ https://lms.entechai.ru/api/health:0
[ 4944925ms] [ERROR] Failed to load resource: the server responded with a status of 401 () @ https://lms.entechai.ru/api/projects/eco-cf98e70d:0
[ 4949004ms] [ERROR] Failed to load resource: the server responded with a status of 401 () @ https://lms.entechai.ru/api/projects/eco-cf98e70d:0
[ 4952918ms] [ERROR] Failed to load resource: the server responded with a status of 401 () @ https://lms.entechai.ru/api/projects/eco-cf98e70d:0
[ 4955982ms] [ERROR] Failed to load resource: the server responded with a status of 401 () @ https://lms.entechai.ru/api/health:0
[ 4956921ms] [ERROR] Failed to load resource: the server responded with a status of 401 () @ https://lms.entechai.ru/api/projects/eco-cf98e70d:0
[ 4960920ms] [ERROR] Failed to load resource: the server responded with a status of 401 () @ https://lms.entechai.ru/api/projects/eco-cf98e70d:0
[ 4964923ms] [ERROR] Failed to load resource: the server responded with a status of 401 () @ https://lms.entechai.ru/api/projects/eco-cf98e70d:0
[ 4968939ms] [ERROR] Failed to load resource: the server responded with a status of 401 () @ https://lms.entechai.ru/api/projects/eco-cf98e70d:0
[ 4971096ms] [ERROR] Failed to load resource: the server responded with a status of 401 () @ https://lms.entechai.ru/api/health:0
[ 4972923ms] [ERROR] Failed to load resource: the server responded with a status of 401 () @ https://lms.entechai.ru/api/projects/eco-cf98e70d:0
[ 4976922ms] [ERROR] Failed to load resource: the server responded with a status of 401 () @ https://lms.entechai.ru/api/projects/eco-cf98e70d:0
[ 4981000ms] [ERROR] Failed to load resource: the server responded with a status of 401 () @ https://lms.entechai.ru/api/projects/eco-cf98e70d:0
[ 4984919ms] [ERROR] Failed to load resource: the server responded with a status of 401 () @ https://lms.entechai.ru/api/projects/eco-cf98e70d:0
[ 4985986ms] [ERROR] Failed to load resource: the server responded with a status of 401 () @ https://lms.entechai.ru/api/health:0
[ 4988924ms] [ERROR] Failed to load resource: the server responded with a status of 401 () @ https://lms.entechai.ru/api/projects/eco-cf98e70d:0
[ 4992986ms] [ERROR] Failed to load resource: the server responded with a status of 401 () @ https://lms.entechai.ru/api/projects/eco-cf98e70d:0
[ 4996988ms] [ERROR] Failed to load resource: the server responded with a status of 401 () @ https://lms.entechai.ru/api/projects/eco-cf98e70d:0
[ 5000985ms] [ERROR] Failed to load resource: the server responded with a status of 401 () @ https://lms.entechai.ru/api/projects/eco-cf98e70d:0
[ 5001042ms] [ERROR] Failed to load resource: the server responded with a status of 401 () @ https://lms.entechai.ru/api/health:0
[ 5004986ms] [ERROR] Failed to load resource: the server responded with a status of 401 () @ https://lms.entechai.ru/api/projects/eco-cf98e70d:0
[ 5008982ms] [ERROR] Failed to load resource: the server responded with a status of 401 () @ https://lms.entechai.ru/api/projects/eco-cf98e70d:0
[ 5013041ms] [ERROR] Failed to load resource: the server responded with a status of 401 () @ https://lms.entechai.ru/api/projects/eco-cf98e70d:0
[ 5016048ms] [ERROR] Failed to load resource: the server responded with a status of 401 () @ https://lms.entechai.ru/api/health:0
[ 5016980ms] [ERROR] Failed to load resource: the server responded with a status of 401 () @ https://lms.entechai.ru/api/projects/eco-cf98e70d:0
[ 5021071ms] [ERROR] Failed to load resource: the server responded with a status of 401 () @ https://lms.entechai.ru/api/projects/eco-cf98e70d:0
[ 5025072ms] [ERROR] Failed to load resource: the server responded with a status of 401 () @ https://lms.entechai.ru/api/projects/eco-cf98e70d:0
[ 5029622ms] [ERROR] Failed to load resource: the server responded with a status of 401 () @ https://lms.entechai.ru/api/projects/eco-cf98e70d:0
[ 5031042ms] [ERROR] Failed to load resource: the server responded with a status of 401 () @ https://lms.entechai.ru/api/health:0
[ 5033101ms] [ERROR] Failed to load resource: the server responded with a status of 401 () @ https://lms.entechai.ru/api/projects/eco-cf98e70d:0
[ 5036978ms] [ERROR] Failed to load resource: the server responded with a status of 401 () @ https://lms.entechai.ru/api/projects/eco-cf98e70d:0
[ 5040980ms] [ERROR] Failed to load resource: the server responded with a status of 401 () @ https://lms.entechai.ru/api/projects/eco-cf98e70d:0
[ 5045025ms] [ERROR] Failed to load resource: the server responded with a status of 401 () @ https://lms.entechai.ru/api/projects/eco-cf98e70d:0
[ 5046214ms] [ERROR] Failed to load resource: the server responded with a status of 401 () @ https://lms.entechai.ru/api/health:0
[ 5048985ms] [ERROR] Failed to load resource: the server responded with a status of 401 () @ https://lms.entechai.ru/api/projects/eco-cf98e70d:0
[ 5052984ms] [ERROR] Failed to load resource: the server responded with a status of 401 () @ https://lms.entechai.ru/api/projects/eco-cf98e70d:0
[ 5057053ms] [ERROR] Failed to load resource: the server responded with a status of 401 () @ https://lms.entechai.ru/api/projects/eco-cf98e70d:0
[ 5061081ms] [ERROR] Failed to load resource: the server responded with a status of 401 () @ https://lms.entechai.ru/api/health:0
[ 5061087ms] [ERROR] Failed to load resource: the server responded with a status of 401 () @ https://lms.entechai.ru/api/projects/eco-cf98e70d:0
[ 5064984ms] [ERROR] Failed to load resource: the server responded with a status of 401 () @ https://lms.entechai.ru/api/projects/eco-cf98e70d:0
[ 5068985ms] [ERROR] Failed to load resource: the server responded with a status of 401 () @ https://lms.entechai.ru/api/projects/eco-cf98e70d:0
[ 5072984ms] [ERROR] Failed to load resource: the server responded with a status of 401 () @ https://lms.entechai.ru/api/projects/eco-cf98e70d:0
[ 5076042ms] [ERROR] Failed to load resource: the server responded with a status of 401 () @ https://lms.entechai.ru/api/health:0
[ 5077007ms] [ERROR] Failed to load resource: the server responded with a status of 401 () @ https://lms.entechai.ru/api/projects/eco-cf98e70d:0
[ 5080981ms] [ERROR] Failed to load resource: the server responded with a status of 401 () @ https://lms.entechai.ru/api/projects/eco-cf98e70d:0
[ 5084990ms] [ERROR] Failed to load resource: the server responded with a status of 401 () @ https://lms.entechai.ru/api/projects/eco-cf98e70d:0
[ 5089203ms] [ERROR] Failed to load resource: the server responded with a status of 401 () @ https://lms.entechai.ru/api/projects/eco-cf98e70d:0
[ 5091131ms] [ERROR] Failed to load resource: the server responded with a status of 401 () @ https://lms.entechai.ru/api/health:0
[ 5092983ms] [ERROR] Failed to load resource: the server responded with a status of 401 () @ https://lms.entechai.ru/api/projects/eco-cf98e70d:0
[ 5096985ms] [ERROR] Failed to load resource: the server responded with a status of 401 () @ https://lms.entechai.ru/api/projects/eco-cf98e70d:0
[ 5101124ms] [ERROR] Failed to load resource: the server responded with a status of 401 () @ https://lms.entechai.ru/api/projects/eco-cf98e70d:0
[ 5104985ms] [ERROR] Failed to load resource: the server responded with a status of 401 () @ https://lms.entechai.ru/api/projects/eco-cf98e70d:0
[ 5106055ms] [ERROR] Failed to load resource: the server responded with a status of 401 () @ https://lms.entechai.ru/api/health:0
[ 5108991ms] [ERROR] Failed to load resource: the server responded with a status of 401 () @ https://lms.entechai.ru/api/projects/eco-cf98e70d:0
[ 5112984ms] [ERROR] Failed to load resource: the server responded with a status of 401 () @ https://lms.entechai.ru/api/projects/eco-cf98e70d:0
[ 5116980ms] [ERROR] Failed to load resource: the server responded with a status of 401 () @ https://lms.entechai.ru/api/projects/eco-cf98e70d:0
[ 5121049ms] [ERROR] Failed to load resource: the server responded with a status of 401 () @ https://lms.entechai.ru/api/health:0
[ 5121055ms] [ERROR] Failed to load resource: the server responded with a status of 401 () @ https://lms.entechai.ru/api/projects/eco-cf98e70d:0
[ 5124983ms] [ERROR] Failed to load resource: the server responded with a status of 401 () @ https://lms.entechai.ru/api/projects/eco-cf98e70d:0
[ 5129078ms] [ERROR] Failed to load resource: the server responded with a status of 401 () @ https://lms.entechai.ru/api/projects/eco-cf98e70d:0
[ 5132980ms] [ERROR] Failed to load resource: the server responded with a status of 401 () @ https://lms.entechai.ru/api/projects/eco-cf98e70d:0
[ 5136044ms] [ERROR] Failed to load resource: the server responded with a status of 401 () @ https://lms.entechai.ru/api/health:0
[ 5136982ms] [ERROR] Failed to load resource: the server responded with a status of 401 () @ https://lms.entechai.ru/api/projects/eco-cf98e70d:0
[ 5141000ms] [ERROR] Failed to load resource: the server responded with a status of 401 () @ https://lms.entechai.ru/api/projects/eco-cf98e70d:0
[ 5144983ms] [ERROR] Failed to load resource: the server responded with a status of 401 () @ https://lms.entechai.ru/api/projects/eco-cf98e70d:0
[ 5148979ms] [ERROR] Failed to load resource: the server responded with a status of 401 () @ https://lms.entechai.ru/api/projects/eco-cf98e70d:0
[ 5151044ms] [ERROR] Failed to load resource: the server responded with a status of 401 () @ https://lms.entechai.ru/api/health:0
[ 5153029ms] [ERROR] Failed to load resource: the server responded with a status of 401 () @ https://lms.entechai.ru/api/projects/eco-cf98e70d:0
[ 5156985ms] [ERROR] Failed to load resource: the server responded with a status of 401 () @ https://lms.entechai.ru/api/projects/eco-cf98e70d:0
[ 5160985ms] [ERROR] Failed to load resource: the server responded with a status of 401 () @ https://lms.entechai.ru/api/projects/eco-cf98e70d:0
[ 5165090ms] [ERROR] Failed to load resource: the server responded with a status of 401 () @ https://lms.entechai.ru/api/projects/eco-cf98e70d:0
[ 5166143ms] [ERROR] Failed to load resource: the server responded with a status of 401 () @ https://lms.entechai.ru/api/health:0
[ 5169061ms] [ERROR] Failed to load resource: the server responded with a status of 401 () @ https://lms.entechai.ru/api/projects/eco-cf98e70d:0
[ 5176886ms] [ERROR] Failed to load resource: the server responded with a status of 401 () @ https://lms.entechai.ru/api/projects/eco-cf98e70d:0
[ 5176984ms] [ERROR] Failed to load resource: the server responded with a status of 401 () @ https://lms.entechai.ru/api/projects/eco-cf98e70d:0
[ 5180986ms] [ERROR] Failed to load resource: the server responded with a status of 401 () @ https://lms.entechai.ru/api/projects/eco-cf98e70d:0
[ 5181049ms] [ERROR] Failed to load resource: the server responded with a status of 401 () @ https://lms.entechai.ru/api/health:0
[ 5185013ms] [ERROR] Failed to load resource: the server responded with a status of 401 () @ https://lms.entechai.ru/api/projects/eco-cf98e70d:0
[ 5188978ms] [ERROR] Failed to load resource: the server responded with a status of 401 () @ https://lms.entechai.ru/api/projects/eco-cf98e70d:0
[ 5192985ms] [ERROR] Failed to load resource: the server responded with a status of 401 () @ https://lms.entechai.ru/api/projects/eco-cf98e70d:0
[ 5196143ms] [ERROR] Failed to load resource: the server responded with a status of 401 () @ https://lms.entechai.ru/api/health:0
[ 5197068ms] [ERROR] Failed to load resource: the server responded with a status of 401 () @ https://lms.entechai.ru/api/projects/eco-cf98e70d:0
[ 5200983ms] [ERROR] Failed to load resource: the server responded with a status of 401 () @ https://lms.entechai.ru/api/projects/eco-cf98e70d:0
[ 5204983ms] [ERROR] Failed to load resource: the server responded with a status of 401 () @ https://lms.entechai.ru/api/projects/eco-cf98e70d:0
[ 5208982ms] [ERROR] Failed to load resource: the server responded with a status of 401 () @ https://lms.entechai.ru/api/projects/eco-cf98e70d:0
[ 5211050ms] [ERROR] Failed to load resource: the server responded with a status of 401 () @ https://lms.entechai.ru/api/health:0
[ 5212984ms] [ERROR] Failed to load resource: the server responded with a status of 401 () @ https://lms.entechai.ru/api/projects/eco-cf98e70d:0
[ 5216995ms] [ERROR] Failed to load resource: the server responded with a status of 401 () @ https://lms.entechai.ru/api/projects/eco-cf98e70d:0
[ 5220981ms] [ERROR] Failed to load resource: the server responded with a status of 401 () @ https://lms.entechai.ru/api/projects/eco-cf98e70d:0
[ 5225135ms] [ERROR] Failed to load resource: the server responded with a status of 401 () @ https://lms.entechai.ru/api/projects/eco-cf98e70d:0
[ 5226078ms] [ERROR] Failed to load resource: the server responded with a status of 401 () @ https://lms.entechai.ru/api/health:0
[ 5229058ms] [ERROR] Failed to load resource: the server responded with a status of 401 () @ https://lms.entechai.ru/api/projects/eco-cf98e70d:0
[ 5232981ms] [ERROR] Failed to load resource: the server responded with a status of 401 () @ https://lms.entechai.ru/api/projects/eco-cf98e70d:0
[ 5240044ms] [ERROR] Failed to load resource: the server responded with a status of 401 () @ https://lms.entechai.ru/api/projects/eco-cf98e70d:0
[ 5240985ms] [ERROR] Failed to load resource: the server responded with a status of 401 () @ https://lms.entechai.ru/api/projects/eco-cf98e70d:0
[ 5241115ms] [ERROR] Failed to load resource: the server responded with a status of 401 () @ https://lms.entechai.ru/api/health:0
[ 5244988ms] [ERROR] Failed to load resource: the server responded with a status of 401 () @ https://lms.entechai.ru/api/projects/eco-cf98e70d:0
[ 5248985ms] [ERROR] Failed to load resource: the server responded with a status of 401 () @ https://lms.entechai.ru/api/projects/eco-cf98e70d:0
[ 5252985ms] [ERROR] Failed to load resource: the server responded with a status of 401 () @ https://lms.entechai.ru/api/projects/eco-cf98e70d:0
[ 5256048ms] [ERROR] Failed to load resource: the server responded with a status of 401 () @ https://lms.entechai.ru/api/health:0
[ 5256984ms] [ERROR] Failed to load resource: the server responded with a status of 401 () @ https://lms.entechai.ru/api/projects/eco-cf98e70d:0
[ 5261038ms] [ERROR] Failed to load resource: the server responded with a status of 401 () @ https://lms.entechai.ru/api/projects/eco-cf98e70d:0
[ 5264984ms] [ERROR] Failed to load resource: the server responded with a status of 401 () @ https://lms.entechai.ru/api/projects/eco-cf98e70d:0
[ 5269104ms] [ERROR] Failed to load resource: the server responded with a status of 401 () @ https://lms.entechai.ru/api/projects/eco-cf98e70d:0
[ 5271044ms] [ERROR] Failed to load resource: the server responded with a status of 401 () @ https://lms.entechai.ru/api/health:0
[ 5273067ms] [ERROR] Failed to load resource: the server responded with a status of 401 () @ https://lms.entechai.ru/api/projects/eco-cf98e70d:0
[ 5277082ms] [ERROR] Failed to load resource: the server responded with a status of 401 () @ https://lms.entechai.ru/api/projects/eco-cf98e70d:0
[ 5280992ms] [ERROR] Failed to load resource: the server responded with a status of 401 () @ https://lms.entechai.ru/api/projects/eco-cf98e70d:0
[ 5284992ms] [ERROR] Failed to load resource: the server responded with a status of 401 () @ https://lms.entechai.ru/api/projects/eco-cf98e70d:0
[ 5286171ms] [ERROR] Failed to load resource: the server responded with a status of 401 () @ https://lms.entechai.ru/api/health:0
[ 5289018ms] [ERROR] Failed to load resource: the server responded with a status of 401 () @ https://lms.entechai.ru/api/projects/eco-cf98e70d:0
[ 5293019ms] [ERROR] Failed to load resource: the server responded with a status of 401 () @ https://lms.entechai.ru/api/projects/eco-cf98e70d:0
[ 5296985ms] [ERROR] Failed to load resource: the server responded with a status of 401 () @ https://lms.entechai.ru/api/projects/eco-cf98e70d:0
[ 5300997ms] [ERROR] Failed to load resource: the server responded with a status of 401 () @ https://lms.entechai.ru/api/projects/eco-cf98e70d:0
[ 5301046ms] [ERROR] Failed to load resource: the server responded with a status of 401 () @ https://lms.entechai.ru/api/health:0
[ 5305046ms] [ERROR] Failed to load resource: the server responded with a status of 401 () @ https://lms.entechai.ru/api/projects/eco-cf98e70d:0
[ 5308981ms] [ERROR] Failed to load resource: the server responded with a status of 401 () @ https://lms.entechai.ru/api/projects/eco-cf98e70d:0
[ 5312986ms] [ERROR] Failed to load resource: the server responded with a status of 401 () @ https://lms.entechai.ru/api/projects/eco-cf98e70d:0
[ 5316114ms] [ERROR] Failed to load resource: the server responded with a status of 401 () @ https://lms.entechai.ru/api/health:0
[ 5316979ms] [ERROR] Failed to load resource: the server responded with a status of 401 () @ https://lms.entechai.ru/api/projects/eco-cf98e70d:0
[ 5320984ms] [ERROR] Failed to load resource: the server responded with a status of 401 () @ https://lms.entechai.ru/api/projects/eco-cf98e70d:0
[ 5325002ms] [ERROR] Failed to load resource: the server responded with a status of 401 () @ https://lms.entechai.ru/api/projects/eco-cf98e70d:0
[ 5328991ms] [ERROR] Failed to load resource: the server responded with a status of 401 () @ https://lms.entechai.ru/api/projects/eco-cf98e70d:0
[ 5331047ms] [ERROR] Failed to load resource: the server responded with a status of 401 () @ https://lms.entechai.ru/api/health:0
[ 5332987ms] [ERROR] Failed to load resource: the server responded with a status of 401 () @ https://lms.entechai.ru/api/projects/eco-cf98e70d:0
[ 5337059ms] [ERROR] Failed to load resource: the server responded with a status of 401 () @ https://lms.entechai.ru/api/projects/eco-cf98e70d:0
[ 5340988ms] [ERROR] Failed to load resource: the server responded with a status of 401 () @ https://lms.entechai.ru/api/projects/eco-cf98e70d:0
[ 5345094ms] [ERROR] Failed to load resource: the server responded with a status of 401 () @ https://lms.entechai.ru/api/projects/eco-cf98e70d:0
[ 5346064ms] [ERROR] Failed to load resource: the server responded with a status of 401 () @ https://lms.entechai.ru/api/health:0
[ 5348986ms] [ERROR] Failed to load resource: the server responded with a status of 401 () @ https://lms.entechai.ru/api/projects/eco-cf98e70d:0
[ 5352982ms] [ERROR] Failed to load resource: the server responded with a status of 401 () @ https://lms.entechai.ru/api/projects/eco-cf98e70d:0
[ 5357117ms] [ERROR] Failed to load resource: the server responded with a status of 401 () @ https://lms.entechai.ru/api/projects/eco-cf98e70d:0
[ 5361050ms] [ERROR] Failed to load resource: the server responded with a status of 401 () @ https://lms.entechai.ru/api/projects/eco-cf98e70d:0
[ 5361147ms] [ERROR] Failed to load resource: the server responded with a status of 401 () @ https://lms.entechai.ru/api/health:0
[ 5364984ms] [ERROR] Failed to load resource: the server responded with a status of 401 () @ https://lms.entechai.ru/api/projects/eco-cf98e70d:0
[ 5369045ms] [ERROR] Failed to load resource: the server responded with a status of 401 () @ https://lms.entechai.ru/api/projects/eco-cf98e70d:0
[ 5372985ms] [ERROR] Failed to load resource: the server responded with a status of 401 () @ https://lms.entechai.ru/api/projects/eco-cf98e70d:0
[ 5376052ms] [ERROR] Failed to load resource: the server responded with a status of 401 () @ https://lms.entechai.ru/api/health:0
[ 5376988ms] [ERROR] Failed to load resource: the server responded with a status of 401 () @ https://lms.entechai.ru/api/projects/eco-cf98e70d:0
[ 5381073ms] [ERROR] Failed to load resource: the server responded with a status of 401 () @ https://lms.entechai.ru/api/projects/eco-cf98e70d:0
[ 5385099ms] [ERROR] Failed to load resource: the server responded with a status of 401 () @ https://lms.entechai.ru/api/projects/eco-cf98e70d:0
[ 5388986ms] [ERROR] Failed to load resource: the server responded with a status of 401 () @ https://lms.entechai.ru/api/projects/eco-cf98e70d:0
[ 5391061ms] [ERROR] Failed to load resource: the server responded with a status of 401 () @ https://lms.entechai.ru/api/health:0
[ 5392987ms] [ERROR] Failed to load resource: the server responded with a status of 401 () @ https://lms.entechai.ru/api/projects/eco-cf98e70d:0
[ 5396986ms] [ERROR] Failed to load resource: the server responded with a status of 401 () @ https://lms.entechai.ru/api/projects/eco-cf98e70d:0
[ 5401024ms] [ERROR] Failed to load resource: the server responded with a status of 401 () @ https://lms.entechai.ru/api/projects/eco-cf98e70d:0
[ 5404981ms] [ERROR] Failed to load resource: the server responded with a status of 401 () @ https://lms.entechai.ru/api/projects/eco-cf98e70d:0
[ 5406101ms] [ERROR] Failed to load resource: the server responded with a status of 401 () @ https://lms.entechai.ru/api/health:0
[ 5408989ms] [ERROR] Failed to load resource: the server responded with a status of 401 () @ https://lms.entechai.ru/api/projects/eco-cf98e70d:0
[ 5413218ms] [ERROR] Failed to load resource: the server responded with a status of 401 () @ https://lms.entechai.ru/api/projects/eco-cf98e70d:0
[ 5416984ms] [ERROR] Failed to load resource: the server responded with a status of 401 () @ https://lms.entechai.ru/api/projects/eco-cf98e70d:0
[ 5420982ms] [ERROR] Failed to load resource: the server responded with a status of 401 () @ https://lms.entechai.ru/api/projects/eco-cf98e70d:0
[ 5421044ms] [ERROR] Failed to load resource: the server responded with a status of 401 () @ https://lms.entechai.ru/api/health:0
[ 5425109ms] [ERROR] Failed to load resource: the server responded with a status of 401 () @ https://lms.entechai.ru/api/projects/eco-cf98e70d:0
[ 5428982ms] [ERROR] Failed to load resource: the server responded with a status of 401 () @ https://lms.entechai.ru/api/projects/eco-cf98e70d:0
[ 5433005ms] [ERROR] Failed to load resource: the server responded with a status of 401 () @ https://lms.entechai.ru/api/projects/eco-cf98e70d:0
[ 5436118ms] [ERROR] Failed to load resource: the server responded with a status of 401 () @ https://lms.entechai.ru/api/health:0
[ 5436983ms] [ERROR] Failed to load resource: the server responded with a status of 401 () @ https://lms.entechai.ru/api/projects/eco-cf98e70d:0
[ 5440985ms] [ERROR] Failed to load resource: the server responded with a status of 401 () @ https://lms.entechai.ru/api/projects/eco-cf98e70d:0
[ 5445065ms] [ERROR] Failed to load resource: the server responded with a status of 401 () @ https://lms.entechai.ru/api/projects/eco-cf98e70d:0
[ 5448986ms] [ERROR] Failed to load resource: the server responded with a status of 401 () @ https://lms.entechai.ru/api/projects/eco-cf98e70d:0
[ 5451047ms] [ERROR] Failed to load resource: the server responded with a status of 401 () @ https://lms.entechai.ru/api/health:0
[ 5453229ms] [ERROR] Failed to load resource: the server responded with a status of 401 () @ https://lms.entechai.ru/api/projects/eco-cf98e70d:0
[ 5456984ms] [ERROR] Failed to load resource: the server responded with a status of 401 () @ https://lms.entechai.ru/api/projects/eco-cf98e70d:0
[ 5460983ms] [ERROR] Failed to load resource: the server responded with a status of 401 () @ https://lms.entechai.ru/api/projects/eco-cf98e70d:0
[ 5464994ms] [ERROR] Failed to load resource: the server responded with a status of 401 () @ https://lms.entechai.ru/api/projects/eco-cf98e70d:0
[ 5466171ms] [ERROR] Failed to load resource: the server responded with a status of 401 () @ https://lms.entechai.ru/api/health:0
[ 5468986ms] [ERROR] Failed to load resource: the server responded with a status of 401 () @ https://lms.entechai.ru/api/projects/eco-cf98e70d:0
[ 5472983ms] [ERROR] Failed to load resource: the server responded with a status of 401 () @ https://lms.entechai.ru/api/projects/eco-cf98e70d:0
[ 5477049ms] [ERROR] Failed to load resource: the server responded with a status of 401 () @ https://lms.entechai.ru/api/projects/eco-cf98e70d:0
[ 5480995ms] [ERROR] Failed to load resource: the server responded with a status of 401 () @ https://lms.entechai.ru/api/projects/eco-cf98e70d:0
[ 5481043ms] [ERROR] Failed to load resource: the server responded with a status of 401 () @ https://lms.entechai.ru/api/health:0
[ 5484984ms] [ERROR] Failed to load resource: the server responded with a status of 401 () @ https://lms.entechai.ru/api/projects/eco-cf98e70d:0
[ 5488981ms] [ERROR] Failed to load resource: the server responded with a status of 401 () @ https://lms.entechai.ru/api/projects/eco-cf98e70d:0
[ 5493072ms] [ERROR] Failed to load resource: the server responded with a status of 401 () @ https://lms.entechai.ru/api/projects/eco-cf98e70d:0
[ 5496055ms] [ERROR] Failed to load resource: the server responded with a status of 401 () @ https://lms.entechai.ru/api/health:0
[ 5496983ms] [ERROR] Failed to load resource: the server responded with a status of 401 () @ https://lms.entechai.ru/api/projects/eco-cf98e70d:0
[ 5500984ms] [ERROR] Failed to load resource: the server responded with a status of 401 () @ https://lms.entechai.ru/api/projects/eco-cf98e70d:0
[ 5504984ms] [ERROR] Failed to load resource: the server responded with a status of 401 () @ https://lms.entechai.ru/api/projects/eco-cf98e70d:0
[ 5509027ms] [ERROR] Failed to load resource: the server responded with a status of 401 () @ https://lms.entechai.ru/api/projects/eco-cf98e70d:0
[ 5511123ms] [ERROR] Failed to load resource: the server responded with a status of 401 () @ https://lms.entechai.ru/api/health:0
[ 5512985ms] [ERROR] Failed to load resource: the server responded with a status of 401 () @ https://lms.entechai.ru/api/projects/eco-cf98e70d:0
[ 5516981ms] [ERROR] Failed to load resource: the server responded with a status of 401 () @ https://lms.entechai.ru/api/projects/eco-cf98e70d:0
[ 5521085ms] [ERROR] Failed to load resource: the server responded with a status of 401 () @ https://lms.entechai.ru/api/projects/eco-cf98e70d:0
[ 5524986ms] [ERROR] Failed to load resource: the server responded with a status of 401 () @ https://lms.entechai.ru/api/projects/eco-cf98e70d:0
[ 5526061ms] [ERROR] Failed to load resource: the server responded with a status of 401 () @ https://lms.entechai.ru/api/health:0
[ 5528986ms] [ERROR] Failed to load resource: the server responded with a status of 401 () @ https://lms.entechai.ru/api/projects/eco-cf98e70d:0
[ 5532982ms] [ERROR] Failed to load resource: the server responded with a status of 401 () @ https://lms.entechai.ru/api/projects/eco-cf98e70d:0
[ 5536980ms] [ERROR] Failed to load resource: the server responded with a status of 401 () @ https://lms.entechai.ru/api/projects/eco-cf98e70d:0
[ 5541007ms] [ERROR] Failed to load resource: the server responded with a status of 401 () @ https://lms.entechai.ru/api/projects/eco-cf98e70d:0
[ 5541041ms] [ERROR] Failed to load resource: the server responded with a status of 401 () @ https://lms.entechai.ru/api/health:0
[ 5544984ms] [ERROR] Failed to load resource: the server responded with a status of 401 () @ https://lms.entechai.ru/api/projects/eco-cf98e70d:0
[ 5548993ms] [ERROR] Failed to load resource: the server responded with a status of 401 () @ https://lms.entechai.ru/api/projects/eco-cf98e70d:0
[ 5553069ms] [ERROR] Failed to load resource: the server responded with a status of 401 () @ https://lms.entechai.ru/api/projects/eco-cf98e70d:0
[ 5556047ms] [ERROR] Failed to load resource: the server responded with a status of 401 () @ https://lms.entechai.ru/api/health:0
[ 5556984ms] [ERROR] Failed to load resource: the server responded with a status of 401 () @ https://lms.entechai.ru/api/projects/eco-cf98e70d:0
[ 5561088ms] [ERROR] Failed to load resource: the server responded with a status of 401 () @ https://lms.entechai.ru/api/projects/eco-cf98e70d:0
[ 5564989ms] [ERROR] Failed to load resource: the server responded with a status of 401 () @ https://lms.entechai.ru/api/projects/eco-cf98e70d:0
[ 5568985ms] [ERROR] Failed to load resource: the server responded with a status of 401 () @ https://lms.entechai.ru/api/projects/eco-cf98e70d:0
[ 5571050ms] [ERROR] Failed to load resource: the server responded with a status of 401 () @ https://lms.entechai.ru/api/health:0
[ 5572991ms] [ERROR] Failed to load resource: the server responded with a status of 401 () @ https://lms.entechai.ru/api/projects/eco-cf98e70d:0
[ 5576982ms] [ERROR] Failed to load resource: the server responded with a status of 401 () @ https://lms.entechai.ru/api/projects/eco-cf98e70d:0
[ 5580985ms] [ERROR] Failed to load resource: the server responded with a status of 401 () @ https://lms.entechai.ru/api/projects/eco-cf98e70d:0
[ 5585048ms] [ERROR] Failed to load resource: the server responded with a status of 401 () @ https://lms.entechai.ru/api/projects/eco-cf98e70d:0
[ 5586099ms] [ERROR] Failed to load resource: the server responded with a status of 401 () @ https://lms.entechai.ru/api/health:0
[ 5588983ms] [ERROR] Failed to load resource: the server responded with a status of 401 () @ https://lms.entechai.ru/api/projects/eco-cf98e70d:0
[ 5592982ms] [ERROR] Failed to load resource: the server responded with a status of 401 () @ https://lms.entechai.ru/api/projects/eco-cf98e70d:0
[ 5597079ms] [ERROR] Failed to load resource: the server responded with a status of 401 () @ https://lms.entechai.ru/api/projects/eco-cf98e70d:0
[ 5600986ms] [ERROR] Failed to load resource: the server responded with a status of 401 () @ https://lms.entechai.ru/api/projects/eco-cf98e70d:0
[ 5601048ms] [ERROR] Failed to load resource: the server responded with a status of 401 () @ https://lms.entechai.ru/api/health:0
[ 5604992ms] [ERROR] Failed to load resource: the server responded with a status of 401 () @ https://lms.entechai.ru/api/projects/eco-cf98e70d:0
[ 5608983ms] [ERROR] Failed to load resource: the server responded with a status of 401 () @ https://lms.entechai.ru/api/projects/eco-cf98e70d:0
[ 5612986ms] [ERROR] Failed to load resource: the server responded with a status of 401 () @ https://lms.entechai.ru/api/projects/eco-cf98e70d:0
[ 5616129ms] [ERROR] Failed to load resource: the server responded with a status of 401 () @ https://lms.entechai.ru/api/health:0
[ 5617164ms] [ERROR] Failed to load resource: the server responded with a status of 401 () @ https://lms.entechai.ru/api/projects/eco-cf98e70d:0
[ 5620983ms] [ERROR] Failed to load resource: the server responded with a status of 401 () @ https://lms.entechai.ru/api/projects/eco-cf98e70d:0
[ 5624985ms] [ERROR] Failed to load resource: the server responded with a status of 401 () @ https://lms.entechai.ru/api/projects/eco-cf98e70d:0
[ 5629085ms] [ERROR] Failed to load resource: the server responded with a status of 401 () @ https://lms.entechai.ru/api/projects/eco-cf98e70d:0
[ 5631189ms] [ERROR] Failed to load resource: the server responded with a status of 401 () @ https://lms.entechai.ru/api/health:0
[ 5632994ms] [ERROR] Failed to load resource: the server responded with a status of 401 () @ https://lms.entechai.ru/api/projects/eco-cf98e70d:0
[ 5636986ms] [ERROR] Failed to load resource: the server responded with a status of 401 () @ https://lms.entechai.ru/api/projects/eco-cf98e70d:0
[ 5640982ms] [ERROR] Failed to load resource: the server responded with a status of 401 () @ https://lms.entechai.ru/api/projects/eco-cf98e70d:0
[ 5645040ms] [ERROR] Failed to load resource: the server responded with a status of 401 () @ https://lms.entechai.ru/api/projects/eco-cf98e70d:0
[ 5650744ms] [ERROR] Failed to load resource: the server responded with a status of 401 () @ https://lms.entechai.ru/api/health:0
[ 5650746ms] [ERROR] Failed to load resource: the server responded with a status of 401 () @ https://lms.entechai.ru/api/projects/eco-cf98e70d:0
[ 5656868ms] [ERROR] Failed to load resource: the server responded with a status of 401 () @ https://lms.entechai.ru/api/projects/eco-cf98e70d:0
[ 5657216ms] [ERROR] Failed to load resource: the server responded with a status of 401 () @ https://lms.entechai.ru/api/projects/eco-cf98e70d:0
[ 5662796ms] [ERROR] Failed to load resource: the server responded with a status of 401 () @ https://lms.entechai.ru/api/projects/eco-cf98e70d:0
[ 5662797ms] [ERROR] Failed to load resource: the server responded with a status of 401 () @ https://lms.entechai.ru/api/health:0
[ 5668820ms] [ERROR] Failed to load resource: the server responded with a status of 401 () @ https://lms.entechai.ru/api/projects/eco-cf98e70d:0
[ 5668983ms] [ERROR] Failed to load resource: the server responded with a status of 401 () @ https://lms.entechai.ru/api/projects/eco-cf98e70d:0
[ 5676848ms] [ERROR] Failed to load resource: the server responded with a status of 401 () @ https://lms.entechai.ru/api/projects/eco-cf98e70d:0
[ 5676849ms] [ERROR] Failed to load resource: the server responded with a status of 401 () @ https://lms.entechai.ru/api/health:0
[ 5676983ms] [ERROR] Failed to load resource: the server responded with a status of 401 () @ https://lms.entechai.ru/api/projects/eco-cf98e70d:0
[ 5680993ms] [ERROR] Failed to load resource: the server responded with a status of 401 () @ https://lms.entechai.ru/api/projects/eco-cf98e70d:0
[ 5684997ms] [ERROR] Failed to load resource: the server responded with a status of 401 () @ https://lms.entechai.ru/api/projects/eco-cf98e70d:0
[ 5688985ms] [ERROR] Failed to load resource: the server responded with a status of 401 () @ https://lms.entechai.ru/api/projects/eco-cf98e70d:0
[ 5691045ms] [ERROR] Failed to load resource: the server responded with a status of 401 () @ https://lms.entechai.ru/api/health:0
[ 5693054ms] [ERROR] Failed to load resource: the server responded with a status of 401 () @ https://lms.entechai.ru/api/projects/eco-cf98e70d:0
[ 5697033ms] [ERROR] Failed to load resource: the server responded with a status of 401 () @ https://lms.entechai.ru/api/projects/eco-cf98e70d:0
[ 5700981ms] [ERROR] Failed to load resource: the server responded with a status of 401 () @ https://lms.entechai.ru/api/projects/eco-cf98e70d:0
[ 5705086ms] [ERROR] Failed to load resource: the server responded with a status of 401 () @ https://lms.entechai.ru/api/projects/eco-cf98e70d:0
[ 5706926ms] [ERROR] Failed to load resource: the server responded with a status of 401 () @ https://lms.entechai.ru/api/health:0
[ 5714013ms] [ERROR] Failed to load resource: the server responded with a status of 401 () @ https://lms.entechai.ru/api/projects/eco-cf98e70d:0
[ 5714014ms] [ERROR] Failed to load resource: the server responded with a status of 401 () @ https://lms.entechai.ru/api/projects/eco-cf98e70d:0
[ 5716987ms] [ERROR] Failed to load resource: the server responded with a status of 401 () @ https://lms.entechai.ru/api/projects/eco-cf98e70d:0
[ 5720987ms] [ERROR] Failed to load resource: the server responded with a status of 401 () @ https://lms.entechai.ru/api/projects/eco-cf98e70d:0
[ 5721051ms] [ERROR] Failed to load resource: the server responded with a status of 401 () @ https://lms.entechai.ru/api/health:0
[ 5725037ms] [ERROR] Failed to load resource: the server responded with a status of 401 () @ https://lms.entechai.ru/api/projects/eco-cf98e70d:0
[ 5732078ms] [ERROR] Failed to load resource: the server responded with a status of 401 () @ https://lms.entechai.ru/api/projects/eco-cf98e70d:0
[ 5732997ms] [ERROR] Failed to load resource: the server responded with a status of 401 () @ https://lms.entechai.ru/api/projects/eco-cf98e70d:0
[ 5736047ms] [ERROR] Failed to load resource: the server responded with a status of 401 () @ https://lms.entechai.ru/api/health:0
[ 5737066ms] [ERROR] Failed to load resource: the server responded with a status of 401 () @ https://lms.entechai.ru/api/projects/eco-cf98e70d:0
[ 5740983ms] [ERROR] Failed to load resource: the server responded with a status of 401 () @ https://lms.entechai.ru/api/projects/eco-cf98e70d:0
[ 5744981ms] [ERROR] Failed to load resource: the server responded with a status of 401 () @ https://lms.entechai.ru/api/projects/eco-cf98e70d:0
[ 5748985ms] [ERROR] Failed to load resource: the server responded with a status of 401 () @ https://lms.entechai.ru/api/projects/eco-cf98e70d:0
[ 5751049ms] [ERROR] Failed to load resource: the server responded with a status of 401 () @ https://lms.entechai.ru/api/health:0
[ 5752991ms] [ERROR] Failed to load resource: the server responded with a status of 401 () @ https://lms.entechai.ru/api/projects/eco-cf98e70d:0
[ 5757018ms] [ERROR] Failed to load resource: the server responded with a status of 401 () @ https://lms.entechai.ru/api/projects/eco-cf98e70d:0
[ 5761007ms] [ERROR] Failed to load resource: the server responded with a status of 401 () @ https://lms.entechai.ru/api/projects/eco-cf98e70d:0
[ 5764982ms] [ERROR] Failed to load resource: the server responded with a status of 401 () @ https://lms.entechai.ru/api/projects/eco-cf98e70d:0
[ 5766093ms] [ERROR] Failed to load resource: the server responded with a status of 401 () @ https://lms.entechai.ru/api/health:0
[ 5769049ms] [ERROR] Failed to load resource: the server responded with a status of 401 () @ https://lms.entechai.ru/api/projects/eco-cf98e70d:0
[ 5773060ms] [ERROR] Failed to load resource: the server responded with a status of 401 () @ https://lms.entechai.ru/api/projects/eco-cf98e70d:0
[ 5776981ms] [ERROR] Failed to load resource: the server responded with a status of 401 () @ https://lms.entechai.ru/api/projects/eco-cf98e70d:0
[ 5781106ms] [ERROR] Failed to load resource: the server responded with a status of 401 () @ https://lms.entechai.ru/api/projects/eco-cf98e70d:0
[ 5781134ms] [ERROR] Failed to load resource: the server responded with a status of 401 () @ https://lms.entechai.ru/api/health:0
[ 5784988ms] [ERROR] Failed to load resource: the server responded with a status of 401 () @ https://lms.entechai.ru/api/projects/eco-cf98e70d:0
[ 5789003ms] [ERROR] Failed to load resource: the server responded with a status of 401 () @ https://lms.entechai.ru/api/projects/eco-cf98e70d:0
[ 5792998ms] [ERROR] Failed to load resource: the server responded with a status of 401 () @ https://lms.entechai.ru/api/projects/eco-cf98e70d:0
[ 5796053ms] [ERROR] Failed to load resource: the server responded with a status of 401 () @ https://lms.entechai.ru/api/health:0
[ 5796985ms] [ERROR] Failed to load resource: the server responded with a status of 401 () @ https://lms.entechai.ru/api/projects/eco-cf98e70d:0
[ 5801062ms] [ERROR] Failed to load resource: the server responded with a status of 401 () @ https://lms.entechai.ru/api/projects/eco-cf98e70d:0
[ 5804981ms] [ERROR] Failed to load resource: the server responded with a status of 401 () @ https://lms.entechai.ru/api/projects/eco-cf98e70d:0
[ 5808985ms] [ERROR] Failed to load resource: the server responded with a status of 401 () @ https://lms.entechai.ru/api/projects/eco-cf98e70d:0
[ 5811052ms] [ERROR] Failed to load resource: the server responded with a status of 401 () @ https://lms.entechai.ru/api/health:0
[ 5812985ms] [ERROR] Failed to load resource: the server responded with a status of 401 () @ https://lms.entechai.ru/api/projects/eco-cf98e70d:0
[ 5816985ms] [ERROR] Failed to load resource: the server responded with a status of 401 () @ https://lms.entechai.ru/api/projects/eco-cf98e70d:0
[ 5820982ms] [ERROR] Failed to load resource: the server responded with a status of 401 () @ https://lms.entechai.ru/api/projects/eco-cf98e70d:0
[ 5824984ms] [ERROR] Failed to load resource: the server responded with a status of 401 () @ https://lms.entechai.ru/api/projects/eco-cf98e70d:0
[ 5826054ms] [ERROR] Failed to load resource: the server responded with a status of 401 () @ https://lms.entechai.ru/api/health:0
[ 5828984ms] [ERROR] Failed to load resource: the server responded with a status of 401 () @ https://lms.entechai.ru/api/projects/eco-cf98e70d:0
[ 5833045ms] [ERROR] Failed to load resource: the server responded with a status of 401 () @ https://lms.entechai.ru/api/projects/eco-cf98e70d:0
[ 5836983ms] [ERROR] Failed to load resource: the server responded with a status of 401 () @ https://lms.entechai.ru/api/projects/eco-cf98e70d:0
[ 5840988ms] [ERROR] Failed to load resource: the server responded with a status of 401 () @ https://lms.entechai.ru/api/projects/eco-cf98e70d:0
[ 5841047ms] [ERROR] Failed to load resource: the server responded with a status of 401 () @ https://lms.entechai.ru/api/health:0
[ 5845072ms] [ERROR] Failed to load resource: the server responded with a status of 401 () @ https://lms.entechai.ru/api/projects/eco-cf98e70d:0
[ 5848991ms] [ERROR] Failed to load resource: the server responded with a status of 401 () @ https://lms.entechai.ru/api/projects/eco-cf98e70d:0
[ 5852984ms] [ERROR] Failed to load resource: the server responded with a status of 401 () @ https://lms.entechai.ru/api/projects/eco-cf98e70d:0
[ 5856110ms] [ERROR] Failed to load resource: the server responded with a status of 401 () @ https://lms.entechai.ru/api/health:0
[ 5856982ms] [ERROR] Failed to load resource: the server responded with a status of 401 () @ https://lms.entechai.ru/api/projects/eco-cf98e70d:0
[ 5861075ms] [ERROR] Failed to load resource: the server responded with a status of 401 () @ https://lms.entechai.ru/api/projects/eco-cf98e70d:0
[ 5865024ms] [ERROR] Failed to load resource: the server responded with a status of 401 () @ https://lms.entechai.ru/api/projects/eco-cf98e70d:0
[ 5868982ms] [ERROR] Failed to load resource: the server responded with a status of 401 () @ https://lms.entechai.ru/api/projects/eco-cf98e70d:0
[ 5871052ms] [ERROR] Failed to load resource: the server responded with a status of 401 () @ https://lms.entechai.ru/api/health:0
[ 5872984ms] [ERROR] Failed to load resource: the server responded with a status of 401 () @ https://lms.entechai.ru/api/projects/eco-cf98e70d:0
[ 5877052ms] [ERROR] Failed to load resource: the server responded with a status of 401 () @ https://lms.entechai.ru/api/projects/eco-cf98e70d:0
[ 5880983ms] [ERROR] Failed to load resource: the server responded with a status of 401 () @ https://lms.entechai.ru/api/projects/eco-cf98e70d:0
[ 5885260ms] [ERROR] Failed to load resource: the server responded with a status of 401 () @ https://lms.entechai.ru/api/projects/eco-cf98e70d:0
[ 5886211ms] [ERROR] Failed to load resource: the server responded with a status of 401 () @ https://lms.entechai.ru/api/health:0
[ 5889137ms] [ERROR] Failed to load resource: the server responded with a status of 401 () @ https://lms.entechai.ru/api/projects/eco-cf98e70d:0
[ 5892988ms] [ERROR] Failed to load resource: the server responded with a status of 401 () @ https://lms.entechai.ru/api/projects/eco-cf98e70d:0
[ 5897007ms] [ERROR] Failed to load resource: the server responded with a status of 401 () @ https://lms.entechai.ru/api/projects/eco-cf98e70d:0
[ 5900984ms] [ERROR] Failed to load resource: the server responded with a status of 401 () @ https://lms.entechai.ru/api/projects/eco-cf98e70d:0
[ 5901041ms] [ERROR] Failed to load resource: the server responded with a status of 401 () @ https://lms.entechai.ru/api/health:0
[ 5904982ms] [ERROR] Failed to load resource: the server responded with a status of 401 () @ https://lms.entechai.ru/api/projects/eco-cf98e70d:0
[ 5909068ms] [ERROR] Failed to load resource: the server responded with a status of 401 () @ https://lms.entechai.ru/api/projects/eco-cf98e70d:0
[ 5912984ms] [ERROR] Failed to load resource: the server responded with a status of 401 () @ https://lms.entechai.ru/api/projects/eco-cf98e70d:0
[ 5916055ms] [ERROR] Failed to load resource: the server responded with a status of 401 () @ https://lms.entechai.ru/api/health:0
[ 5917099ms] [ERROR] Failed to load resource: the server responded with a status of 401 () @ https://lms.entechai.ru/api/projects/eco-cf98e70d:0
[ 5920984ms] [ERROR] Failed to load resource: the server responded with a status of 401 () @ https://lms.entechai.ru/api/projects/eco-cf98e70d:0
[ 5924987ms] [ERROR] Failed to load resource: the server responded with a status of 401 () @ https://lms.entechai.ru/api/projects/eco-cf98e70d:0
[ 5929109ms] [ERROR] Failed to load resource: the server responded with a status of 401 () @ https://lms.entechai.ru/api/projects/eco-cf98e70d:0
[ 5931222ms] [ERROR] Failed to load resource: the server responded with a status of 401 () @ https://lms.entechai.ru/api/health:0
[ 5932985ms] [ERROR] Failed to load resource: the server responded with a status of 401 () @ https://lms.entechai.ru/api/projects/eco-cf98e70d:0
[ 5936986ms] [ERROR] Failed to load resource: the server responded with a status of 401 () @ https://lms.entechai.ru/api/projects/eco-cf98e70d:0
[ 5941050ms] [ERROR] Failed to load resource: the server responded with a status of 401 () @ https://lms.entechai.ru/api/projects/eco-cf98e70d:0
[ 5944988ms] [ERROR] Failed to load resource: the server responded with a status of 401 () @ https://lms.entechai.ru/api/projects/eco-cf98e70d:0
[ 5946054ms] [ERROR] Failed to load resource: the server responded with a status of 401 () @ https://lms.entechai.ru/api/health:0
[ 5948984ms] [ERROR] Failed to load resource: the server responded with a status of 401 () @ https://lms.entechai.ru/api/projects/eco-cf98e70d:0
[ 5952986ms] [ERROR] Failed to load resource: the server responded with a status of 401 () @ https://lms.entechai.ru/api/projects/eco-cf98e70d:0
[ 5956985ms] [ERROR] Failed to load resource: the server responded with a status of 401 () @ https://lms.entechai.ru/api/projects/eco-cf98e70d:0
[ 5960981ms] [ERROR] Failed to load resource: the server responded with a status of 401 () @ https://lms.entechai.ru/api/projects/eco-cf98e70d:0
[ 5961045ms] [ERROR] Failed to load resource: the server responded with a status of 401 () @ https://lms.entechai.ru/api/health:0
[ 5964984ms] [ERROR] Failed to load resource: the server responded with a status of 401 () @ https://lms.entechai.ru/api/projects/eco-cf98e70d:0
[ 5969009ms] [ERROR] Failed to load resource: the server responded with a status of 401 () @ https://lms.entechai.ru/api/projects/eco-cf98e70d:0
[ 5973027ms] [ERROR] Failed to load resource: the server responded with a status of 401 () @ https://lms.entechai.ru/api/projects/eco-cf98e70d:0
[ 5976047ms] [ERROR] Failed to load resource: the server responded with a status of 401 () @ https://lms.entechai.ru/api/health:0
[ 5976984ms] [ERROR] Failed to load resource: the server responded with a status of 401 () @ https://lms.entechai.ru/api/projects/eco-cf98e70d:0
[ 5980985ms] [ERROR] Failed to load resource: the server responded with a status of 401 () @ https://lms.entechai.ru/api/projects/eco-cf98e70d:0
[ 5985056ms] [ERROR] Failed to load resource: the server responded with a status of 401 () @ https://lms.entechai.ru/api/projects/eco-cf98e70d:0
[ 5988991ms] [ERROR] Failed to load resource: the server responded with a status of 401 () @ https://lms.entechai.ru/api/projects/eco-cf98e70d:0
[ 5991051ms] [ERROR] Failed to load resource: the server responded with a status of 401 () @ https://lms.entechai.ru/api/health:0
[ 5992985ms] [ERROR] Failed to load resource: the server responded with a status of 401 () @ https://lms.entechai.ru/api/projects/eco-cf98e70d:0
[ 5997009ms] [ERROR] Failed to load resource: the server responded with a status of 401 () @ https://lms.entechai.ru/api/projects/eco-cf98e70d:0
[ 6000982ms] [ERROR] Failed to load resource: the server responded with a status of 401 () @ https://lms.entechai.ru/api/projects/eco-cf98e70d:0
[ 6005015ms] [ERROR] Failed to load resource: the server responded with a status of 401 () @ https://lms.entechai.ru/api/projects/eco-cf98e70d:0
[ 6006057ms] [ERROR] Failed to load resource: the server responded with a status of 401 () @ https://lms.entechai.ru/api/health:0
[ 6008985ms] [ERROR] Failed to load resource: the server responded with a status of 401 () @ https://lms.entechai.ru/api/projects/eco-cf98e70d:0
[ 6013042ms] [ERROR] Failed to load resource: the server responded with a status of 401 () @ https://lms.entechai.ru/api/projects/eco-cf98e70d:0
[ 6017069ms] [ERROR] Failed to load resource: the server responded with a status of 401 () @ https://lms.entechai.ru/api/projects/eco-cf98e70d:0
[ 6020990ms] [ERROR] Failed to load resource: the server responded with a status of 401 () @ https://lms.entechai.ru/api/projects/eco-cf98e70d:0
[ 6021047ms] [ERROR] Failed to load resource: the server responded with a status of 401 () @ https://lms.entechai.ru/api/health:0
[ 6025104ms] [ERROR] Failed to load resource: the server responded with a status of 401 () @ https://lms.entechai.ru/api/projects/eco-cf98e70d:0
[ 6028991ms] [ERROR] Failed to load resource: the server responded with a status of 401 () @ https://lms.entechai.ru/api/projects/eco-cf98e70d:0
[ 6032990ms] [ERROR] Failed to load resource: the server responded with a status of 401 () @ https://lms.entechai.ru/api/projects/eco-cf98e70d:0
[ 6036049ms] [ERROR] Failed to load resource: the server responded with a status of 401 () @ https://lms.entechai.ru/api/health:0
[ 6036992ms] [ERROR] Failed to load resource: the server responded with a status of 401 () @ https://lms.entechai.ru/api/projects/eco-cf98e70d:0
[ 6040987ms] [ERROR] Failed to load resource: the server responded with a status of 401 () @ https://lms.entechai.ru/api/projects/eco-cf98e70d:0
[ 6044981ms] [ERROR] Failed to load resource: the server responded with a status of 401 () @ https://lms.entechai.ru/api/projects/eco-cf98e70d:0
[ 6049056ms] [ERROR] Failed to load resource: the server responded with a status of 401 () @ https://lms.entechai.ru/api/projects/eco-cf98e70d:0
[ 6051123ms] [ERROR] Failed to load resource: the server responded with a status of 401 () @ https://lms.entechai.ru/api/health:0
[ 6053050ms] [ERROR] Failed to load resource: the server responded with a status of 401 () @ https://lms.entechai.ru/api/projects/eco-cf98e70d:0
[ 6056981ms] [ERROR] Failed to load resource: the server responded with a status of 401 () @ https://lms.entechai.ru/api/projects/eco-cf98e70d:0
[ 6061226ms] [ERROR] Failed to load resource: the server responded with a status of 401 () @ https://lms.entechai.ru/api/projects/eco-cf98e70d:0
[ 6064987ms] [ERROR] Failed to load resource: the server responded with a status of 401 () @ https://lms.entechai.ru/api/projects/eco-cf98e70d:0
[ 6066063ms] [ERROR] Failed to load resource: the server responded with a status of 401 () @ https://lms.entechai.ru/api/health:0
[ 6069008ms] [ERROR] Failed to load resource: the server responded with a status of 401 () @ https://lms.entechai.ru/api/projects/eco-cf98e70d:0
[ 6072987ms] [ERROR] Failed to load resource: the server responded with a status of 401 () @ https://lms.entechai.ru/api/projects/eco-cf98e70d:0
[ 6076986ms] [ERROR] Failed to load resource: the server responded with a status of 401 () @ https://lms.entechai.ru/api/projects/eco-cf98e70d:0
[ 6081034ms] [ERROR] Failed to load resource: the server responded with a status of 401 () @ https://lms.entechai.ru/api/projects/eco-cf98e70d:0
[ 6081167ms] [ERROR] Failed to load resource: the server responded with a status of 401 () @ https://lms.entechai.ru/api/health:0
[ 6084988ms] [ERROR] Failed to load resource: the server responded with a status of 401 () @ https://lms.entechai.ru/api/projects/eco-cf98e70d:0
[ 6088987ms] [ERROR] Failed to load resource: the server responded with a status of 401 () @ https://lms.entechai.ru/api/projects/eco-cf98e70d:0
[ 6093231ms] [ERROR] Failed to load resource: the server responded with a status of 401 () @ https://lms.entechai.ru/api/projects/eco-cf98e70d:0
[ 6096045ms] [ERROR] Failed to load resource: the server responded with a status of 401 () @ https://lms.entechai.ru/api/health:0
[ 6096982ms] [ERROR] Failed to load resource: the server responded with a status of 401 () @ https://lms.entechai.ru/api/projects/eco-cf98e70d:0
[ 6101215ms] [ERROR] Failed to load resource: the server responded with a status of 401 () @ https://lms.entechai.ru/api/projects/eco-cf98e70d:0
[ 6105182ms] [ERROR] Failed to load resource: the server responded with a status of 401 () @ https://lms.entechai.ru/api/projects/eco-cf98e70d:0
[ 6108989ms] [ERROR] Failed to load resource: the server responded with a status of 401 () @ https://lms.entechai.ru/api/projects/eco-cf98e70d:0
[ 6111051ms] [ERROR] Failed to load resource: the server responded with a status of 401 () @ https://lms.entechai.ru/api/health:0
[ 6113019ms] [ERROR] Failed to load resource: the server responded with a status of 401 () @ https://lms.entechai.ru/api/projects/eco-cf98e70d:0
[ 6117012ms] [ERROR] Failed to load resource: the server responded with a status of 401 () @ https://lms.entechai.ru/api/projects/eco-cf98e70d:0
[ 6121043ms] [ERROR] Failed to load resource: the server responded with a status of 401 () @ https://lms.entechai.ru/api/projects/eco-cf98e70d:0
[ 6125080ms] [ERROR] Failed to load resource: the server responded with a status of 401 () @ https://lms.entechai.ru/api/projects/eco-cf98e70d:0
[ 6126122ms] [ERROR] Failed to load resource: the server responded with a status of 401 () @ https://lms.entechai.ru/api/health:0
[ 6128983ms] [ERROR] Failed to load resource: the server responded with a status of 401 () @ https://lms.entechai.ru/api/projects/eco-cf98e70d:0
[ 6132990ms] [ERROR] Failed to load resource: the server responded with a status of 401 () @ https://lms.entechai.ru/api/projects/eco-cf98e70d:0
[ 6136988ms] [ERROR] Failed to load resource: the server responded with a status of 401 () @ https://lms.entechai.ru/api/projects/eco-cf98e70d:0
[ 6140989ms] [ERROR] Failed to load resource: the server responded with a status of 401 () @ https://lms.entechai.ru/api/projects/eco-cf98e70d:0
[ 6141052ms] [ERROR] Failed to load resource: the server responded with a status of 401 () @ https://lms.entechai.ru/api/health:0
[ 6145001ms] [ERROR] Failed to load resource: the server responded with a status of 401 () @ https://lms.entechai.ru/api/projects/eco-cf98e70d:0
[ 6148988ms] [ERROR] Failed to load resource: the server responded with a status of 401 () @ https://lms.entechai.ru/api/projects/eco-cf98e70d:0
[ 6152992ms] [ERROR] Failed to load resource: the server responded with a status of 401 () @ https://lms.entechai.ru/api/projects/eco-cf98e70d:0
[ 6156046ms] [ERROR] Failed to load resource: the server responded with a status of 401 () @ https://lms.entechai.ru/api/health:0
[ 6157059ms] [ERROR] Failed to load resource: the server responded with a status of 401 () @ https://lms.entechai.ru/api/projects/eco-cf98e70d:0
[ 6161220ms] [ERROR] Failed to load resource: the server responded with a status of 401 () @ https://lms.entechai.ru/api/projects/eco-cf98e70d:0
[ 6164989ms] [ERROR] Failed to load resource: the server responded with a status of 401 () @ https://lms.entechai.ru/api/projects/eco-cf98e70d:0
[ 6168986ms] [ERROR] Failed to load resource: the server responded with a status of 401 () @ https://lms.entechai.ru/api/projects/eco-cf98e70d:0
[ 6171052ms] [ERROR] Failed to load resource: the server responded with a status of 401 () @ https://lms.entechai.ru/api/health:0
[ 6172989ms] [ERROR] Failed to load resource: the server responded with a status of 401 () @ https://lms.entechai.ru/api/projects/eco-cf98e70d:0
[ 6176990ms] [ERROR] Failed to load resource: the server responded with a status of 401 () @ https://lms.entechai.ru/api/projects/eco-cf98e70d:0
[ 6180989ms] [ERROR] Failed to load resource: the server responded with a status of 401 () @ https://lms.entechai.ru/api/projects/eco-cf98e70d:0
[ 6184999ms] [ERROR] Failed to load resource: the server responded with a status of 401 () @ https://lms.entechai.ru/api/projects/eco-cf98e70d:0
[ 6186074ms] [ERROR] Failed to load resource: the server responded with a status of 401 () @ https://lms.entechai.ru/api/health:0
[ 6189174ms] [ERROR] Failed to load resource: the server responded with a status of 401 () @ https://lms.entechai.ru/api/projects/eco-cf98e70d:0
[ 6192987ms] [ERROR] Failed to load resource: the server responded with a status of 401 () @ https://lms.entechai.ru/api/projects/eco-cf98e70d:0
[ 6196986ms] [ERROR] Failed to load resource: the server responded with a status of 401 () @ https://lms.entechai.ru/api/projects/eco-cf98e70d:0
[ 6201064ms] [ERROR] Failed to load resource: the server responded with a status of 401 () @ https://lms.entechai.ru/api/projects/eco-cf98e70d:0
[ 6201098ms] [ERROR] Failed to load resource: the server responded with a status of 401 () @ https://lms.entechai.ru/api/health:0
[ 6205004ms] [ERROR] Failed to load resource: the server responded with a status of 401 () @ https://lms.entechai.ru/api/projects/eco-cf98e70d:0
[ 6208991ms] [ERROR] Failed to load resource: the server responded with a status of 401 () @ https://lms.entechai.ru/api/projects/eco-cf98e70d:0
[ 6212993ms] [ERROR] Failed to load resource: the server responded with a status of 401 () @ https://lms.entechai.ru/api/projects/eco-cf98e70d:0
[ 6216054ms] [ERROR] Failed to load resource: the server responded with a status of 401 () @ https://lms.entechai.ru/api/health:0
[ 6217119ms] [ERROR] Failed to load resource: the server responded with a status of 401 () @ https://lms.entechai.ru/api/projects/eco-cf98e70d:0
[ 6221025ms] [ERROR] Failed to load resource: the server responded with a status of 401 () @ https://lms.entechai.ru/api/projects/eco-cf98e70d:0
[ 6224987ms] [ERROR] Failed to load resource: the server responded with a status of 401 () @ https://lms.entechai.ru/api/projects/eco-cf98e70d:0
[ 6229182ms] [ERROR] Failed to load resource: the server responded with a status of 401 () @ https://lms.entechai.ru/api/projects/eco-cf98e70d:0
[ 6231152ms] [ERROR] Failed to load resource: the server responded with a status of 401 () @ https://lms.entechai.ru/api/health:0
[ 6233047ms] [ERROR] Failed to load resource: the server responded with a status of 401 () @ https://lms.entechai.ru/api/projects/eco-cf98e70d:0
[ 6236992ms] [ERROR] Failed to load resource: the server responded with a status of 401 () @ https://lms.entechai.ru/api/projects/eco-cf98e70d:0
[ 6240982ms] [ERROR] Failed to load resource: the server responded with a status of 401 () @ https://lms.entechai.ru/api/projects/eco-cf98e70d:0
[ 6244988ms] [ERROR] Failed to load resource: the server responded with a status of 401 () @ https://lms.entechai.ru/api/projects/eco-cf98e70d:0
[ 6246062ms] [ERROR] Failed to load resource: the server responded with a status of 401 () @ https://lms.entechai.ru/api/health:0
[ 6248984ms] [ERROR] Failed to load resource: the server responded with a status of 401 () @ https://lms.entechai.ru/api/projects/eco-cf98e70d:0
[ 6253005ms] [ERROR] Failed to load resource: the server responded with a status of 401 () @ https://lms.entechai.ru/api/projects/eco-cf98e70d:0
[ 6256987ms] [ERROR] Failed to load resource: the server responded with a status of 401 () @ https://lms.entechai.ru/api/projects/eco-cf98e70d:0
[ 6260987ms] [ERROR] Failed to load resource: the server responded with a status of 401 () @ https://lms.entechai.ru/api/projects/eco-cf98e70d:0
[ 6261053ms] [ERROR] Failed to load resource: the server responded with a status of 401 () @ https://lms.entechai.ru/api/health:0
[ 6265061ms] [ERROR] Failed to load resource: the server responded with a status of 401 () @ https://lms.entechai.ru/api/projects/eco-cf98e70d:0
[ 6268995ms] [ERROR] Failed to load resource: the server responded with a status of 401 () @ https://lms.entechai.ru/api/projects/eco-cf98e70d:0
[ 6272990ms] [ERROR] Failed to load resource: the server responded with a status of 401 () @ https://lms.entechai.ru/api/projects/eco-cf98e70d:0
[ 6276075ms] [ERROR] Failed to load resource: the server responded with a status of 401 () @ https://lms.entechai.ru/api/health:0
[ 6276983ms] [ERROR] Failed to load resource: the server responded with a status of 401 () @ https://lms.entechai.ru/api/projects/eco-cf98e70d:0
[ 6280991ms] [ERROR] Failed to load resource: the server responded with a status of 401 () @ https://lms.entechai.ru/api/projects/eco-cf98e70d:0
[ 6285121ms] [ERROR] Failed to load resource: the server responded with a status of 401 () @ https://lms.entechai.ru/api/projects/eco-cf98e70d:0
[ 6289006ms] [ERROR] Failed to load resource: the server responded with a status of 401 () @ https://lms.entechai.ru/api/projects/eco-cf98e70d:0
[ 6291046ms] [ERROR] Failed to load resource: the server responded with a status of 401 () @ https://lms.entechai.ru/api/health:0
[ 6292993ms] [ERROR] Failed to load resource: the server responded with a status of 401 () @ https://lms.entechai.ru/api/projects/eco-cf98e70d:0
[ 6297050ms] [ERROR] Failed to load resource: the server responded with a status of 401 () @ https://lms.entechai.ru/api/projects/eco-cf98e70d:0
[ 6300985ms] [ERROR] Failed to load resource: the server responded with a status of 401 () @ https://lms.entechai.ru/api/projects/eco-cf98e70d:0
[ 6304987ms] [ERROR] Failed to load resource: the server responded with a status of 401 () @ https://lms.entechai.ru/api/projects/eco-cf98e70d:0
[ 6306064ms] [ERROR] Failed to load resource: the server responded with a status of 401 () @ https://lms.entechai.ru/api/health:0
[ 6309072ms] [ERROR] Failed to load resource: the server responded with a status of 401 () @ https://lms.entechai.ru/api/projects/eco-cf98e70d:0
[ 6313101ms] [ERROR] Failed to load resource: the server responded with a status of 401 () @ https://lms.entechai.ru/api/projects/eco-cf98e70d:0
[ 6316985ms] [ERROR] Failed to load resource: the server responded with a status of 401 () @ https://lms.entechai.ru/api/projects/eco-cf98e70d:0
[ 6320985ms] [ERROR] Failed to load resource: the server responded with a status of 401 () @ https://lms.entechai.ru/api/projects/eco-cf98e70d:0
[ 6321131ms] [ERROR] Failed to load resource: the server responded with a status of 401 () @ https://lms.entechai.ru/api/health:0
[ 6325129ms] [ERROR] Failed to load resource: the server responded with a status of 401 () @ https://lms.entechai.ru/api/projects/eco-cf98e70d:0
[ 6329027ms] [ERROR] Failed to load resource: the server responded with a status of 401 () @ https://lms.entechai.ru/api/projects/eco-cf98e70d:0
[ 6332983ms] [ERROR] Failed to load resource: the server responded with a status of 401 () @ https://lms.entechai.ru/api/projects/eco-cf98e70d:0
[ 6336046ms] [ERROR] Failed to load resource: the server responded with a status of 401 () @ https://lms.entechai.ru/api/health:0
[ 6336984ms] [ERROR] Failed to load resource: the server responded with a status of 401 () @ https://lms.entechai.ru/api/projects/eco-cf98e70d:0
[ 6341219ms] [ERROR] Failed to load resource: the server responded with a status of 401 () @ https://lms.entechai.ru/api/projects/eco-cf98e70d:0
[ 6344987ms] [ERROR] Failed to load resource: the server responded with a status of 401 () @ https://lms.entechai.ru/api/projects/eco-cf98e70d:0
[ 6348986ms] [ERROR] Failed to load resource: the server responded with a status of 401 () @ https://lms.entechai.ru/api/projects/eco-cf98e70d:0
[ 6351046ms] [ERROR] Failed to load resource: the server responded with a status of 401 () @ https://lms.entechai.ru/api/health:0
[ 6353146ms] [ERROR] Failed to load resource: the server responded with a status of 401 () @ https://lms.entechai.ru/api/projects/eco-cf98e70d:0
[ 6356986ms] [ERROR] Failed to load resource: the server responded with a status of 401 () @ https://lms.entechai.ru/api/projects/eco-cf98e70d:0
[ 6361007ms] [ERROR] Failed to load resource: the server responded with a status of 401 () @ https://lms.entechai.ru/api/projects/eco-cf98e70d:0
[ 6364997ms] [ERROR] Failed to load resource: the server responded with a status of 401 () @ https://lms.entechai.ru/api/projects/eco-cf98e70d:0
[ 6366072ms] [ERROR] Failed to load resource: the server responded with a status of 401 () @ https://lms.entechai.ru/api/health:0
[ 6368993ms] [ERROR] Failed to load resource: the server responded with a status of 401 () @ https://lms.entechai.ru/api/projects/eco-cf98e70d:0
[ 6373065ms] [ERROR] Failed to load resource: the server responded with a status of 401 () @ https://lms.entechai.ru/api/projects/eco-cf98e70d:0
[ 6376989ms] [ERROR] Failed to load resource: the server responded with a status of 401 () @ https://lms.entechai.ru/api/projects/eco-cf98e70d:0
[ 6381097ms] [ERROR] Failed to load resource: the server responded with a status of 401 () @ https://lms.entechai.ru/api/health:0
[ 6381233ms] [ERROR] Failed to load resource: the server responded with a status of 401 () @ https://lms.entechai.ru/api/projects/eco-cf98e70d:0
[ 6385000ms] [ERROR] Failed to load resource: the server responded with a status of 401 () @ https://lms.entechai.ru/api/projects/eco-cf98e70d:0
[ 6388991ms] [ERROR] Failed to load resource: the server responded with a status of 401 () @ https://lms.entechai.ru/api/projects/eco-cf98e70d:0
[ 6392992ms] [ERROR] Failed to load resource: the server responded with a status of 401 () @ https://lms.entechai.ru/api/projects/eco-cf98e70d:0
[ 6396137ms] [ERROR] Failed to load resource: the server responded with a status of 401 () @ https://lms.entechai.ru/api/health:0
[ 6396986ms] [ERROR] Failed to load resource: the server responded with a status of 401 () @ https://lms.entechai.ru/api/projects/eco-cf98e70d:0
[ 6400985ms] [ERROR] Failed to load resource: the server responded with a status of 401 () @ https://lms.entechai.ru/api/projects/eco-cf98e70d:0
[ 6405049ms] [ERROR] Failed to load resource: the server responded with a status of 401 () @ https://lms.entechai.ru/api/projects/eco-cf98e70d:0
[ 6409016ms] [ERROR] Failed to load resource: the server responded with a status of 401 () @ https://lms.entechai.ru/api/projects/eco-cf98e70d:0
[ 6411061ms] [ERROR] Failed to load resource: the server responded with a status of 401 () @ https://lms.entechai.ru/api/health:0
[ 6412985ms] [ERROR] Failed to load resource: the server responded with a status of 401 () @ https://lms.entechai.ru/api/projects/eco-cf98e70d:0
[ 6416984ms] [ERROR] Failed to load resource: the server responded with a status of 401 () @ https://lms.entechai.ru/api/projects/eco-cf98e70d:0
[ 6421104ms] [ERROR] Failed to load resource: the server responded with a status of 401 () @ https://lms.entechai.ru/api/projects/eco-cf98e70d:0
[ 6425002ms] [ERROR] Failed to load resource: the server responded with a status of 401 () @ https://lms.entechai.ru/api/projects/eco-cf98e70d:0
[ 6426083ms] [ERROR] Failed to load resource: the server responded with a status of 401 () @ https://lms.entechai.ru/api/health:0
[ 6428988ms] [ERROR] Failed to load resource: the server responded with a status of 401 () @ https://lms.entechai.ru/api/projects/eco-cf98e70d:0
[ 6432989ms] [ERROR] Failed to load resource: the server responded with a status of 401 () @ https://lms.entechai.ru/api/projects/eco-cf98e70d:0
[ 6437050ms] [ERROR] Failed to load resource: the server responded with a status of 401 () @ https://lms.entechai.ru/api/projects/eco-cf98e70d:0
[ 6440986ms] [ERROR] Failed to load resource: the server responded with a status of 401 () @ https://lms.entechai.ru/api/projects/eco-cf98e70d:0
[ 6441051ms] [ERROR] Failed to load resource: the server responded with a status of 401 () @ https://lms.entechai.ru/api/health:0
[ 6444993ms] [ERROR] Failed to load resource: the server responded with a status of 401 () @ https://lms.entechai.ru/api/projects/eco-cf98e70d:0
[ 6449086ms] [ERROR] Failed to load resource: the server responded with a status of 401 () @ https://lms.entechai.ru/api/projects/eco-cf98e70d:0
[ 6452987ms] [ERROR] Failed to load resource: the server responded with a status of 401 () @ https://lms.entechai.ru/api/projects/eco-cf98e70d:0
[ 6456052ms] [ERROR] Failed to load resource: the server responded with a status of 401 () @ https://lms.entechai.ru/api/health:0
[ 6456988ms] [ERROR] Failed to load resource: the server responded with a status of 401 () @ https://lms.entechai.ru/api/projects/eco-cf98e70d:0
[ 6460984ms] [ERROR] Failed to load resource: the server responded with a status of 401 () @ https://lms.entechai.ru/api/projects/eco-cf98e70d:0
[ 6464988ms] [ERROR] Failed to load resource: the server responded with a status of 401 () @ https://lms.entechai.ru/api/projects/eco-cf98e70d:0
[ 6469018ms] [ERROR] Failed to load resource: the server responded with a status of 401 () @ https://lms.entechai.ru/api/projects/eco-cf98e70d:0
[ 6471116ms] [ERROR] Failed to load resource: the server responded with a status of 401 () @ https://lms.entechai.ru/api/health:0
[ 6472984ms] [ERROR] Failed to load resource: the server responded with a status of 401 () @ https://lms.entechai.ru/api/projects/eco-cf98e70d:0
[ 6477045ms] [ERROR] Failed to load resource: the server responded with a status of 401 () @ https://lms.entechai.ru/api/projects/eco-cf98e70d:0
[ 6481073ms] [ERROR] Failed to load resource: the server responded with a status of 401 () @ https://lms.entechai.ru/api/projects/eco-cf98e70d:0
[ 6485004ms] [ERROR] Failed to load resource: the server responded with a status of 401 () @ https://lms.entechai.ru/api/projects/eco-cf98e70d:0
[ 6486051ms] [ERROR] Failed to load resource: the server responded with a status of 401 () @ https://lms.entechai.ru/api/health:0
[ 6489084ms] [ERROR] Failed to load resource: the server responded with a status of 401 () @ https://lms.entechai.ru/api/projects/eco-cf98e70d:0
[ 6493000ms] [ERROR] Failed to load resource: the server responded with a status of 401 () @ https://lms.entechai.ru/api/projects/eco-cf98e70d:0
[ 6496988ms] [ERROR] Failed to load resource: the server responded with a status of 401 () @ https://lms.entechai.ru/api/projects/eco-cf98e70d:0
[ 6501001ms] [ERROR] Failed to load resource: the server responded with a status of 401 () @ https://lms.entechai.ru/api/projects/eco-cf98e70d:0
[ 6501050ms] [ERROR] Failed to load resource: the server responded with a status of 401 () @ https://lms.entechai.ru/api/health:0
[ 6505017ms] [ERROR] Failed to load resource: the server responded with a status of 401 () @ https://lms.entechai.ru/api/projects/eco-cf98e70d:0
[ 6509006ms] [ERROR] Failed to load resource: the server responded with a status of 401 () @ https://lms.entechai.ru/api/projects/eco-cf98e70d:0
[ 6513055ms] [ERROR] Failed to load resource: the server responded with a status of 401 () @ https://lms.entechai.ru/api/projects/eco-cf98e70d:0
[ 6516050ms] [ERROR] Failed to load resource: the server responded with a status of 401 () @ https://lms.entechai.ru/api/health:0
[ 6516986ms] [ERROR] Failed to load resource: the server responded with a status of 401 () @ https://lms.entechai.ru/api/projects/eco-cf98e70d:0
[ 6520999ms] [ERROR] Failed to load resource: the server responded with a status of 401 () @ https://lms.entechai.ru/api/projects/eco-cf98e70d:0
[ 6524986ms] [ERROR] Failed to load resource: the server responded with a status of 401 () @ https://lms.entechai.ru/api/projects/eco-cf98e70d:0
[ 6529005ms] [ERROR] Failed to load resource: the server responded with a status of 401 () @ https://lms.entechai.ru/api/projects/eco-cf98e70d:0
[ 6531180ms] [ERROR] Failed to load resource: the server responded with a status of 401 () @ https://lms.entechai.ru/api/health:0
[ 6532987ms] [ERROR] Failed to load resource: the server responded with a status of 401 () @ https://lms.entechai.ru/api/projects/eco-cf98e70d:0
[ 6537007ms] [ERROR] Failed to load resource: the server responded with a status of 401 () @ https://lms.entechai.ru/api/projects/eco-cf98e70d:0
[ 6540984ms] [ERROR] Failed to load resource: the server responded with a status of 401 () @ https://lms.entechai.ru/api/projects/eco-cf98e70d:0
[ 6545034ms] [ERROR] Failed to load resource: the server responded with a status of 401 () @ https://lms.entechai.ru/api/projects/eco-cf98e70d:0
[ 6546083ms] [ERROR] Failed to load resource: the server responded with a status of 401 () @ https://lms.entechai.ru/api/health:0
[ 6548987ms] [ERROR] Failed to load resource: the server responded with a status of 401 () @ https://lms.entechai.ru/api/projects/eco-cf98e70d:0
[ 6552990ms] [ERROR] Failed to load resource: the server responded with a status of 401 () @ https://lms.entechai.ru/api/projects/eco-cf98e70d:0
[ 6557092ms] [ERROR] Failed to load resource: the server responded with a status of 401 () @ https://lms.entechai.ru/api/projects/eco-cf98e70d:0
[ 6560987ms] [ERROR] Failed to load resource: the server responded with a status of 401 () @ https://lms.entechai.ru/api/projects/eco-cf98e70d:0
[ 6561044ms] [ERROR] Failed to load resource: the server responded with a status of 401 () @ https://lms.entechai.ru/api/health:0
[ 6564983ms] [ERROR] Failed to load resource: the server responded with a status of 401 () @ https://lms.entechai.ru/api/projects/eco-cf98e70d:0
[ 6568993ms] [ERROR] Failed to load resource: the server responded with a status of 401 () @ https://lms.entechai.ru/api/projects/eco-cf98e70d:0
[ 6572989ms] [ERROR] Failed to load resource: the server responded with a status of 401 () @ https://lms.entechai.ru/api/projects/eco-cf98e70d:0
[ 6576051ms] [ERROR] Failed to load resource: the server responded with a status of 401 () @ https://lms.entechai.ru/api/health:0
[ 6577015ms] [ERROR] Failed to load resource: the server responded with a status of 401 () @ https://lms.entechai.ru/api/projects/eco-cf98e70d:0
[ 6580982ms] [ERROR] Failed to load resource: the server responded with a status of 401 () @ https://lms.entechai.ru/api/projects/eco-cf98e70d:0
[ 6585047ms] [ERROR] Failed to load resource: the server responded with a status of 401 () @ https://lms.entechai.ru/api/projects/eco-cf98e70d:0
[ 6589045ms] [ERROR] Failed to load resource: the server responded with a status of 401 () @ https://lms.entechai.ru/api/projects/eco-cf98e70d:0
[ 6591047ms] [ERROR] Failed to load resource: the server responded with a status of 401 () @ https://lms.entechai.ru/api/health:0
[ 6592986ms] [ERROR] Failed to load resource: the server responded with a status of 401 () @ https://lms.entechai.ru/api/projects/eco-cf98e70d:0
[ 6596984ms] [ERROR] Failed to load resource: the server responded with a status of 401 () @ https://lms.entechai.ru/api/projects/eco-cf98e70d:0
[ 6600984ms] [ERROR] Failed to load resource: the server responded with a status of 401 () @ https://lms.entechai.ru/api/projects/eco-cf98e70d:0
[ 6604984ms] [ERROR] Failed to load resource: the server responded with a status of 401 () @ https://lms.entechai.ru/api/projects/eco-cf98e70d:0
[ 6606068ms] [ERROR] Failed to load resource: the server responded with a status of 401 () @ https://lms.entechai.ru/api/health:0
[ 6609001ms] [ERROR] Failed to load resource: the server responded with a status of 401 () @ https://lms.entechai.ru/api/projects/eco-cf98e70d:0
[ 6613197ms] [ERROR] Failed to load resource: the server responded with a status of 401 () @ https://lms.entechai.ru/api/projects/eco-cf98e70d:0
[ 6616986ms] [ERROR] Failed to load resource: the server responded with a status of 401 () @ https://lms.entechai.ru/api/projects/eco-cf98e70d:0
[ 6621063ms] [ERROR] Failed to load resource: the server responded with a status of 401 () @ https://lms.entechai.ru/api/health:0
[ 6621068ms] [ERROR] Failed to load resource: the server responded with a status of 401 () @ https://lms.entechai.ru/api/projects/eco-cf98e70d:0
[ 6624989ms] [ERROR] Failed to load resource: the server responded with a status of 401 () @ https://lms.entechai.ru/api/projects/eco-cf98e70d:0
[ 6628994ms] [ERROR] Failed to load resource: the server responded with a status of 401 () @ https://lms.entechai.ru/api/projects/eco-cf98e70d:0
[ 6632985ms] [ERROR] Failed to load resource: the server responded with a status of 401 () @ https://lms.entechai.ru/api/projects/eco-cf98e70d:0
[ 6636051ms] [ERROR] Failed to load resource: the server responded with a status of 401 () @ https://lms.entechai.ru/api/health:0
[ 6636986ms] [ERROR] Failed to load resource: the server responded with a status of 401 () @ https://lms.entechai.ru/api/projects/eco-cf98e70d:0
[ 6641067ms] [ERROR] Failed to load resource: the server responded with a status of 401 () @ https://lms.entechai.ru/api/projects/eco-cf98e70d:0
[ 6644985ms] [ERROR] Failed to load resource: the server responded with a status of 401 () @ https://lms.entechai.ru/api/projects/eco-cf98e70d:0
[ 6648990ms] [ERROR] Failed to load resource: the server responded with a status of 401 () @ https://lms.entechai.ru/api/projects/eco-cf98e70d:0
[ 6651058ms] [ERROR] Failed to load resource: the server responded with a status of 401 () @ https://lms.entechai.ru/api/health:0
[ 6653041ms] [ERROR] Failed to load resource: the server responded with a status of 401 () @ https://lms.entechai.ru/api/projects/eco-cf98e70d:0
[ 6656990ms] [ERROR] Failed to load resource: the server responded with a status of 401 () @ https://lms.entechai.ru/api/projects/eco-cf98e70d:0
[ 6660986ms] [ERROR] Failed to load resource: the server responded with a status of 401 () @ https://lms.entechai.ru/api/projects/eco-cf98e70d:0
[ 6665070ms] [ERROR] Failed to load resource: the server responded with a status of 401 () @ https://lms.entechai.ru/api/projects/eco-cf98e70d:0
[ 6666120ms] [ERROR] Failed to load resource: the server responded with a status of 401 () @ https://lms.entechai.ru/api/health:0
[ 6668991ms] [ERROR] Failed to load resource: the server responded with a status of 401 () @ https://lms.entechai.ru/api/projects/eco-cf98e70d:0
[ 6672991ms] [ERROR] Failed to load resource: the server responded with a status of 401 () @ https://lms.entechai.ru/api/projects/eco-cf98e70d:0
[ 6676999ms] [ERROR] Failed to load resource: the server responded with a status of 401 () @ https://lms.entechai.ru/api/projects/eco-cf98e70d:0
[ 6680994ms] [ERROR] Failed to load resource: the server responded with a status of 401 () @ https://lms.entechai.ru/api/projects/eco-cf98e70d:0
[ 6681174ms] [ERROR] Failed to load resource: the server responded with a status of 401 () @ https://lms.entechai.ru/api/health:0
[ 6685024ms] [ERROR] Failed to load resource: the server responded with a status of 401 () @ https://lms.entechai.ru/api/projects/eco-cf98e70d:0
[ 6688991ms] [ERROR] Failed to load resource: the server responded with a status of 401 () @ https://lms.entechai.ru/api/projects/eco-cf98e70d:0
[ 6692986ms] [ERROR] Failed to load resource: the server responded with a status of 401 () @ https://lms.entechai.ru/api/projects/eco-cf98e70d:0
[ 6696049ms] [ERROR] Failed to load resource: the server responded with a status of 401 () @ https://lms.entechai.ru/api/health:0
[ 6697053ms] [ERROR] Failed to load resource: the server responded with a status of 401 () @ https://lms.entechai.ru/api/projects/eco-cf98e70d:0
[ 6700985ms] [ERROR] Failed to load resource: the server responded with a status of 401 () @ https://lms.entechai.ru/api/projects/eco-cf98e70d:0
[ 6704986ms] [ERROR] Failed to load resource: the server responded with a status of 401 () @ https://lms.entechai.ru/api/projects/eco-cf98e70d:0
[ 6709141ms] [ERROR] Failed to load resource: the server responded with a status of 401 () @ https://lms.entechai.ru/api/projects/eco-cf98e70d:0
[ 6711047ms] [ERROR] Failed to load resource: the server responded with a status of 401 () @ https://lms.entechai.ru/api/health:0
[ 6712986ms] [ERROR] Failed to load resource: the server responded with a status of 401 () @ https://lms.entechai.ru/api/projects/eco-cf98e70d:0
[ 6717004ms] [ERROR] Failed to load resource: the server responded with a status of 401 () @ https://lms.entechai.ru/api/projects/eco-cf98e70d:0
[ 6721044ms] [ERROR] Failed to load resource: the server responded with a status of 401 () @ https://lms.entechai.ru/api/projects/eco-cf98e70d:0
[ 6724984ms] [ERROR] Failed to load resource: the server responded with a status of 401 () @ https://lms.entechai.ru/api/projects/eco-cf98e70d:0
[ 6726061ms] [ERROR] Failed to load resource: the server responded with a status of 401 () @ https://lms.entechai.ru/api/health:0
[ 6729062ms] [ERROR] Failed to load resource: the server responded with a status of 401 () @ https://lms.entechai.ru/api/projects/eco-cf98e70d:0
[ 6733001ms] [ERROR] Failed to load resource: the server responded with a status of 401 () @ https://lms.entechai.ru/api/projects/eco-cf98e70d:0
[ 6737083ms] [ERROR] Failed to load resource: the server responded with a status of 401 () @ https://lms.entechai.ru/api/projects/eco-cf98e70d:0
[ 6740989ms] [ERROR] Failed to load resource: the server responded with a status of 401 () @ https://lms.entechai.ru/api/projects/eco-cf98e70d:0
[ 6741124ms] [ERROR] Failed to load resource: the server responded with a status of 401 () @ https://lms.entechai.ru/api/health:0
[ 6744987ms] [ERROR] Failed to load resource: the server responded with a status of 401 () @ https://lms.entechai.ru/api/projects/eco-cf98e70d:0
[ 6748984ms] [ERROR] Failed to load resource: the server responded with a status of 401 () @ https://lms.entechai.ru/api/projects/eco-cf98e70d:0
[ 6752988ms] [ERROR] Failed to load resource: the server responded with a status of 401 () @ https://lms.entechai.ru/api/projects/eco-cf98e70d:0
[ 6756048ms] [ERROR] Failed to load resource: the server responded with a status of 401 () @ https://lms.entechai.ru/api/health:0
[ 6756991ms] [ERROR] Failed to load resource: the server responded with a status of 401 () @ https://lms.entechai.ru/api/projects/eco-cf98e70d:0
[ 6761050ms] [ERROR] Failed to load resource: the server responded with a status of 401 () @ https://lms.entechai.ru/api/projects/eco-cf98e70d:0
[ 6764988ms] [ERROR] Failed to load resource: the server responded with a status of 401 () @ https://lms.entechai.ru/api/projects/eco-cf98e70d:0
[ 6768998ms] [ERROR] Failed to load resource: the server responded with a status of 401 () @ https://lms.entechai.ru/api/projects/eco-cf98e70d:0
[ 6771053ms] [ERROR] Failed to load resource: the server responded with a status of 401 () @ https://lms.entechai.ru/api/health:0
[ 6773073ms] [ERROR] Failed to load resource: the server responded with a status of 401 () @ https://lms.entechai.ru/api/projects/eco-cf98e70d:0
[ 6777047ms] [ERROR] Failed to load resource: the server responded with a status of 401 () @ https://lms.entechai.ru/api/projects/eco-cf98e70d:0
[ 6780990ms] [ERROR] Failed to load resource: the server responded with a status of 401 () @ https://lms.entechai.ru/api/projects/eco-cf98e70d:0
[ 6784991ms] [ERROR] Failed to load resource: the server responded with a status of 401 () @ https://lms.entechai.ru/api/projects/eco-cf98e70d:0
[ 6786058ms] [ERROR] Failed to load resource: the server responded with a status of 401 () @ https://lms.entechai.ru/api/health:0
[ 6789053ms] [ERROR] Failed to load resource: the server responded with a status of 401 () @ https://lms.entechai.ru/api/projects/eco-cf98e70d:0
[ 6793030ms] [ERROR] Failed to load resource: the server responded with a status of 401 () @ https://lms.entechai.ru/api/projects/eco-cf98e70d:0
[ 6796987ms] [ERROR] Failed to load resource: the server responded with a status of 401 () @ https://lms.entechai.ru/api/projects/eco-cf98e70d:0
[ 6800991ms] [ERROR] Failed to load resource: the server responded with a status of 401 () @ https://lms.entechai.ru/api/projects/eco-cf98e70d:0
[ 6801052ms] [ERROR] Failed to load resource: the server responded with a status of 401 () @ https://lms.entechai.ru/api/health:0
[ 6805057ms] [ERROR] Failed to load resource: the server responded with a status of 401 () @ https://lms.entechai.ru/api/projects/eco-cf98e70d:0
[ 6808988ms] [ERROR] Failed to load resource: the server responded with a status of 401 () @ https://lms.entechai.ru/api/projects/eco-cf98e70d:0
[ 6812989ms] [ERROR] Failed to load resource: the server responded with a status of 401 () @ https://lms.entechai.ru/api/projects/eco-cf98e70d:0
[ 6816272ms] [ERROR] Failed to load resource: the server responded with a status of 401 () @ https://lms.entechai.ru/api/health:0
[ 6817115ms] [ERROR] Failed to load resource: the server responded with a status of 401 () @ https://lms.entechai.ru/api/projects/eco-cf98e70d:0
[ 6821021ms] [ERROR] Failed to load resource: the server responded with a status of 401 () @ https://lms.entechai.ru/api/projects/eco-cf98e70d:0
[ 6825013ms] [ERROR] Failed to load resource: the server responded with a status of 401 () @ https://lms.entechai.ru/api/projects/eco-cf98e70d:0
[ 6829000ms] [ERROR] Failed to load resource: the server responded with a status of 401 () @ https://lms.entechai.ru/api/projects/eco-cf98e70d:0
[ 6831303ms] [ERROR] Failed to load resource: the server responded with a status of 401 () @ https://lms.entechai.ru/api/health:0
[ 6832991ms] [ERROR] Failed to load resource: the server responded with a status of 401 () @ https://lms.entechai.ru/api/projects/eco-cf98e70d:0
[ 6837071ms] [ERROR] Failed to load resource: the server responded with a status of 401 () @ https://lms.entechai.ru/api/projects/eco-cf98e70d:0
[ 6841008ms] [ERROR] Failed to load resource: the server responded with a status of 401 () @ https://lms.entechai.ru/api/projects/eco-cf98e70d:0
[ 6845099ms] [ERROR] Failed to load resource: the server responded with a status of 401 () @ https://lms.entechai.ru/api/projects/eco-cf98e70d:0
[ 6846148ms] [ERROR] Failed to load resource: the server responded with a status of 401 () @ https://lms.entechai.ru/api/health:0
[ 6848992ms] [ERROR] Failed to load resource: the server responded with a status of 401 () @ https://lms.entechai.ru/api/projects/eco-cf98e70d:0
[ 6852987ms] [ERROR] Failed to load resource: the server responded with a status of 401 () @ https://lms.entechai.ru/api/projects/eco-cf98e70d:0
[ 6856998ms] [ERROR] Failed to load resource: the server responded with a status of 401 () @ https://lms.entechai.ru/api/projects/eco-cf98e70d:0
[ 6861189ms] [ERROR] Failed to load resource: the server responded with a status of 401 () @ https://lms.entechai.ru/api/health:0
[ 6861192ms] [ERROR] Failed to load resource: the server responded with a status of 401 () @ https://lms.entechai.ru/api/projects/eco-cf98e70d:0
[ 6864992ms] [ERROR] Failed to load resource: the server responded with a status of 401 () @ https://lms.entechai.ru/api/projects/eco-cf98e70d:0
[ 6869053ms] [ERROR] Failed to load resource: the server responded with a status of 401 () @ https://lms.entechai.ru/api/projects/eco-cf98e70d:0
[ 6873311ms] [ERROR] Failed to load resource: the server responded with a status of 401 () @ https://lms.entechai.ru/api/projects/eco-cf98e70d:0
[ 6876061ms] [ERROR] Failed to load resource: the server responded with a status of 401 () @ https://lms.entechai.ru/api/health:0
[ 6876996ms] [ERROR] Failed to load resource: the server responded with a status of 401 () @ https://lms.entechai.ru/api/projects/eco-cf98e70d:0
[ 6880990ms] [ERROR] Failed to load resource: the server responded with a status of 401 () @ https://lms.entechai.ru/api/projects/eco-cf98e70d:0
[ 6884996ms] [ERROR] Failed to load resource: the server responded with a status of 401 () @ https://lms.entechai.ru/api/projects/eco-cf98e70d:0
[ 6888990ms] [ERROR] Failed to load resource: the server responded with a status of 401 () @ https://lms.entechai.ru/api/projects/eco-cf98e70d:0
[ 6891085ms] [ERROR] Failed to load resource: the server responded with a status of 401 () @ https://lms.entechai.ru/api/health:0
[ 6892999ms] [ERROR] Failed to load resource: the server responded with a status of 401 () @ https://lms.entechai.ru/api/projects/eco-cf98e70d:0
[ 6896992ms] [ERROR] Failed to load resource: the server responded with a status of 401 () @ https://lms.entechai.ru/api/projects/eco-cf98e70d:0
[ 6901032ms] [ERROR] Failed to load resource: the server responded with a status of 401 () @ https://lms.entechai.ru/api/projects/eco-cf98e70d:0
[ 6904996ms] [ERROR] Failed to load resource: the server responded with a status of 401 () @ https://lms.entechai.ru/api/projects/eco-cf98e70d:0
[ 6906059ms] [ERROR] Failed to load resource: the server responded with a status of 401 () @ https://lms.entechai.ru/api/health:0
[ 6908993ms] [ERROR] Failed to load resource: the server responded with a status of 401 () @ https://lms.entechai.ru/api/projects/eco-cf98e70d:0
[ 6913223ms] [ERROR] Failed to load resource: the server responded with a status of 401 () @ https://lms.entechai.ru/api/projects/eco-cf98e70d:0
[ 6916993ms] [ERROR] Failed to load resource: the server responded with a status of 401 () @ https://lms.entechai.ru/api/projects/eco-cf98e70d:0
[ 6920993ms] [ERROR] Failed to load resource: the server responded with a status of 401 () @ https://lms.entechai.ru/api/projects/eco-cf98e70d:0
[ 6921054ms] [ERROR] Failed to load resource: the server responded with a status of 401 () @ https://lms.entechai.ru/api/health:0
[ 6924990ms] [ERROR] Failed to load resource: the server responded with a status of 401 () @ https://lms.entechai.ru/api/projects/eco-cf98e70d:0
[ 6928996ms] [ERROR] Failed to load resource: the server responded with a status of 401 () @ https://lms.entechai.ru/api/projects/eco-cf98e70d:0
[ 6933017ms] [ERROR] Failed to load resource: the server responded with a status of 401 () @ https://lms.entechai.ru/api/projects/eco-cf98e70d:0
[ 6936134ms] [ERROR] Failed to load resource: the server responded with a status of 401 () @ https://lms.entechai.ru/api/health:0
[ 6936994ms] [ERROR] Failed to load resource: the server responded with a status of 401 () @ https://lms.entechai.ru/api/projects/eco-cf98e70d:0
[ 6941115ms] [ERROR] Failed to load resource: the server responded with a status of 401 () @ https://lms.entechai.ru/api/projects/eco-cf98e70d:0
[ 6945074ms] [ERROR] Failed to load resource: the server responded with a status of 401 () @ https://lms.entechai.ru/api/projects/eco-cf98e70d:0
[ 6948989ms] [ERROR] Failed to load resource: the server responded with a status of 401 () @ https://lms.entechai.ru/api/projects/eco-cf98e70d:0
[ 6951053ms] [ERROR] Failed to load resource: the server responded with a status of 401 () @ https://lms.entechai.ru/api/health:0
[ 6952999ms] [ERROR] Failed to load resource: the server responded with a status of 401 () @ https://lms.entechai.ru/api/projects/eco-cf98e70d:0
[ 6957134ms] [ERROR] Failed to load resource: the server responded with a status of 401 () @ https://lms.entechai.ru/api/projects/eco-cf98e70d:0
[ 6960990ms] [ERROR] Failed to load resource: the server responded with a status of 401 () @ https://lms.entechai.ru/api/projects/eco-cf98e70d:0
[ 6964996ms] [ERROR] Failed to load resource: the server responded with a status of 401 () @ https://lms.entechai.ru/api/projects/eco-cf98e70d:0
[ 6966055ms] [ERROR] Failed to load resource: the server responded with a status of 401 () @ https://lms.entechai.ru/api/health:0
[ 6969004ms] [ERROR] Failed to load resource: the server responded with a status of 401 () @ https://lms.entechai.ru/api/projects/eco-cf98e70d:0
[ 6972992ms] [ERROR] Failed to load resource: the server responded with a status of 401 () @ https://lms.entechai.ru/api/projects/eco-cf98e70d:0
[ 6977059ms] [ERROR] Failed to load resource: the server responded with a status of 401 () @ https://lms.entechai.ru/api/projects/eco-cf98e70d:0
[ 6980989ms] [ERROR] Failed to load resource: the server responded with a status of 401 () @ https://lms.entechai.ru/api/projects/eco-cf98e70d:0
[ 6981052ms] [ERROR] Failed to load resource: the server responded with a status of 401 () @ https://lms.entechai.ru/api/health:0
[ 6984991ms] [ERROR] Failed to load resource: the server responded with a status of 401 () @ https://lms.entechai.ru/api/projects/eco-cf98e70d:0
[ 6988990ms] [ERROR] Failed to load resource: the server responded with a status of 401 () @ https://lms.entechai.ru/api/projects/eco-cf98e70d:0
[ 6992992ms] [ERROR] Failed to load resource: the server responded with a status of 401 () @ https://lms.entechai.ru/api/projects/eco-cf98e70d:0
[ 6996096ms] [ERROR] Failed to load resource: the server responded with a status of 401 () @ https://lms.entechai.ru/api/health:0
[ 6997114ms] [ERROR] Failed to load resource: the server responded with a status of 401 () @ https://lms.entechai.ru/api/projects/eco-cf98e70d:0
[ 7001144ms] [ERROR] Failed to load resource: the server responded with a status of 401 () @ https://lms.entechai.ru/api/projects/eco-cf98e70d:0
[ 7004998ms] [ERROR] Failed to load resource: the server responded with a status of 401 () @ https://lms.entechai.ru/api/projects/eco-cf98e70d:0
[ 7009169ms] [ERROR] Failed to load resource: the server responded with a status of 401 () @ https://lms.entechai.ru/api/projects/eco-cf98e70d:0
[ 7011133ms] [ERROR] Failed to load resource: the server responded with a status of 401 () @ https://lms.entechai.ru/api/health:0
[ 7012998ms] [ERROR] Failed to load resource: the server responded with a status of 401 () @ https://lms.entechai.ru/api/projects/eco-cf98e70d:0
[ 7017000ms] [ERROR] Failed to load resource: the server responded with a status of 401 () @ https://lms.entechai.ru/api/projects/eco-cf98e70d:0
[ 7021069ms] [ERROR] Failed to load resource: the server responded with a status of 401 () @ https://lms.entechai.ru/api/projects/eco-cf98e70d:0
[ 7025290ms] [ERROR] Failed to load resource: the server responded with a status of 401 () @ https://lms.entechai.ru/api/projects/eco-cf98e70d:0
[ 7026054ms] [ERROR] Failed to load resource: the server responded with a status of 401 () @ https://lms.entechai.ru/api/health:0
[ 7028989ms] [ERROR] Failed to load resource: the server responded with a status of 401 () @ https://lms.entechai.ru/api/projects/eco-cf98e70d:0
[ 7033002ms] [ERROR] Failed to load resource: the server responded with a status of 401 () @ https://lms.entechai.ru/api/projects/eco-cf98e70d:0
[ 7037049ms] [ERROR] Failed to load resource: the server responded with a status of 401 () @ https://lms.entechai.ru/api/projects/eco-cf98e70d:0
[ 7041021ms] [ERROR] Failed to load resource: the server responded with a status of 401 () @ https://lms.entechai.ru/api/projects/eco-cf98e70d:0
[ 7041054ms] [ERROR] Failed to load resource: the server responded with a status of 401 () @ https://lms.entechai.ru/api/health:0
[ 7044989ms] [ERROR] Failed to load resource: the server responded with a status of 401 () @ https://lms.entechai.ru/api/projects/eco-cf98e70d:0
[ 7048992ms] [ERROR] Failed to load resource: the server responded with a status of 401 () @ https://lms.entechai.ru/api/projects/eco-cf98e70d:0
[ 7053081ms] [ERROR] Failed to load resource: the server responded with a status of 401 () @ https://lms.entechai.ru/api/projects/eco-cf98e70d:0
[ 7056054ms] [ERROR] Failed to load resource: the server responded with a status of 401 () @ https://lms.entechai.ru/api/health:0
[ 7056988ms] [ERROR] Failed to load resource: the server responded with a status of 401 () @ https://lms.entechai.ru/api/projects/eco-cf98e70d:0
[ 7060996ms] [ERROR] Failed to load resource: the server responded with a status of 401 () @ https://lms.entechai.ru/api/projects/eco-cf98e70d:0
[ 7065139ms] [ERROR] Failed to load resource: the server responded with a status of 401 () @ https://lms.entechai.ru/api/projects/eco-cf98e70d:0
[ 7068999ms] [ERROR] Failed to load resource: the server responded with a status of 401 () @ https://lms.entechai.ru/api/projects/eco-cf98e70d:0
[ 7071055ms] [ERROR] Failed to load resource: the server responded with a status of 401 () @ https://lms.entechai.ru/api/health:0
[ 7073006ms] [ERROR] Failed to load resource: the server responded with a status of 401 () @ https://lms.entechai.ru/api/projects/eco-cf98e70d:0
[ 7077013ms] [ERROR] Failed to load resource: the server responded with a status of 401 () @ https://lms.entechai.ru/api/projects/eco-cf98e70d:0
[ 7081004ms] [ERROR] Failed to load resource: the server responded with a status of 401 () @ https://lms.entechai.ru/api/projects/eco-cf98e70d:0
[ 7085061ms] [ERROR] Failed to load resource: the server responded with a status of 401 () @ https://lms.entechai.ru/api/projects/eco-cf98e70d:0
[ 7086108ms] [ERROR] Failed to load resource: the server responded with a status of 401 () @ https://lms.entechai.ru/api/health:0
[ 7088992ms] [ERROR] Failed to load resource: the server responded with a status of 401 () @ https://lms.entechai.ru/api/projects/eco-cf98e70d:0
[ 7093004ms] [ERROR] Failed to load resource: the server responded with a status of 401 () @ https://lms.entechai.ru/api/projects/eco-cf98e70d:0
[ 7097122ms] [ERROR] Failed to load resource: the server responded with a status of 401 () @ https://lms.entechai.ru/api/projects/eco-cf98e70d:0
[ 7100988ms] [ERROR] Failed to load resource: the server responded with a status of 401 () @ https://lms.entechai.ru/api/projects/eco-cf98e70d:0
[ 7101051ms] [ERROR] Failed to load resource: the server responded with a status of 401 () @ https://lms.entechai.ru/api/health:0
[ 7105121ms] [ERROR] Failed to load resource: the server responded with a status of 401 () @ https://lms.entechai.ru/api/projects/eco-cf98e70d:0
[ 7108991ms] [ERROR] Failed to load resource: the server responded with a status of 401 () @ https://lms.entechai.ru/api/projects/eco-cf98e70d:0
[ 7112989ms] [ERROR] Failed to load resource: the server responded with a status of 401 () @ https://lms.entechai.ru/api/projects/eco-cf98e70d:0
[ 7116053ms] [ERROR] Failed to load resource: the server responded with a status of 401 () @ https://lms.entechai.ru/api/health:0
[ 7117044ms] [ERROR] Failed to load resource: the server responded with a status of 401 () @ https://lms.entechai.ru/api/projects/eco-cf98e70d:0
[ 7121238ms] [ERROR] Failed to load resource: the server responded with a status of 401 () @ https://lms.entechai.ru/api/projects/eco-cf98e70d:0
[ 7124989ms] [ERROR] Failed to load resource: the server responded with a status of 401 () @ https://lms.entechai.ru/api/projects/eco-cf98e70d:0
[ 7129073ms] [ERROR] Failed to load resource: the server responded with a status of 401 () @ https://lms.entechai.ru/api/projects/eco-cf98e70d:0
[ 7131197ms] [ERROR] Failed to load resource: the server responded with a status of 401 () @ https://lms.entechai.ru/api/health:0
[ 7133028ms] [ERROR] Failed to load resource: the server responded with a status of 401 () @ https://lms.entechai.ru/api/projects/eco-cf98e70d:0
[ 7136991ms] [ERROR] Failed to load resource: the server responded with a status of 401 () @ https://lms.entechai.ru/api/projects/eco-cf98e70d:0
[ 7140990ms] [ERROR] Failed to load resource: the server responded with a status of 401 () @ https://lms.entechai.ru/api/projects/eco-cf98e70d:0
[ 7144995ms] [ERROR] Failed to load resource: the server responded with a status of 401 () @ https://lms.entechai.ru/api/projects/eco-cf98e70d:0
[ 7146052ms] [ERROR] Failed to load resource: the server responded with a status of 401 () @ https://lms.entechai.ru/api/health:0
[ 7149026ms] [ERROR] Failed to load resource: the server responded with a status of 401 () @ https://lms.entechai.ru/api/projects/eco-cf98e70d:0
[ 7152996ms] [ERROR] Failed to load resource: the server responded with a status of 401 () @ https://lms.entechai.ru/api/projects/eco-cf98e70d:0
[ 7156991ms] [ERROR] Failed to load resource: the server responded with a status of 401 () @ https://lms.entechai.ru/api/projects/eco-cf98e70d:0
[ 7161083ms] [ERROR] Failed to load resource: the server responded with a status of 401 () @ https://lms.entechai.ru/api/health:0
[ 7161087ms] [ERROR] Failed to load resource: the server responded with a status of 401 () @ https://lms.entechai.ru/api/projects/eco-cf98e70d:0
[ 7164991ms] [ERROR] Failed to load resource: the server responded with a status of 401 () @ https://lms.entechai.ru/api/projects/eco-cf98e70d:0
[ 7168989ms] [ERROR] Failed to load resource: the server responded with a status of 401 () @ https://lms.entechai.ru/api/projects/eco-cf98e70d:0
[ 7173143ms] [ERROR] Failed to load resource: the server responded with a status of 401 () @ https://lms.entechai.ru/api/projects/eco-cf98e70d:0
[ 7176067ms] [ERROR] Failed to load resource: the server responded with a status of 401 () @ https://lms.entechai.ru/api/health:0
[ 7176989ms] [ERROR] Failed to load resource: the server responded with a status of 401 () @ https://lms.entechai.ru/api/projects/eco-cf98e70d:0
[ 7181006ms] [ERROR] Failed to load resource: the server responded with a status of 401 () @ https://lms.entechai.ru/api/projects/eco-cf98e70d:0
[ 7184992ms] [ERROR] Failed to load resource: the server responded with a status of 401 () @ https://lms.entechai.ru/api/projects/eco-cf98e70d:0
[ 7188998ms] [ERROR] Failed to load resource: the server responded with a status of 401 () @ https://lms.entechai.ru/api/projects/eco-cf98e70d:0
[ 7191053ms] [ERROR] Failed to load resource: the server responded with a status of 401 () @ https://lms.entechai.ru/api/health:0
[ 7193067ms] [ERROR] Failed to load resource: the server responded with a status of 401 () @ https://lms.entechai.ru/api/projects/eco-cf98e70d:0
[ 7196992ms] [ERROR] Failed to load resource: the server responded with a status of 401 () @ https://lms.entechai.ru/api/projects/eco-cf98e70d:0
[ 7201092ms] [ERROR] Failed to load resource: the server responded with a status of 401 () @ https://lms.entechai.ru/api/projects/eco-cf98e70d:0
[ 7204997ms] [ERROR] Failed to load resource: the server responded with a status of 401 () @ https://lms.entechai.ru/api/projects/eco-cf98e70d:0
[ 7206054ms] [ERROR] Failed to load resource: the server responded with a status of 401 () @ https://lms.entechai.ru/api/health:0
[ 7208997ms] [ERROR] Failed to load resource: the server responded with a status of 401 () @ https://lms.entechai.ru/api/projects/eco-cf98e70d:0
[ 7212990ms] [ERROR] Failed to load resource: the server responded with a status of 401 () @ https://lms.entechai.ru/api/projects/eco-cf98e70d:0
[ 7216992ms] [ERROR] Failed to load resource: the server responded with a status of 401 () @ https://lms.entechai.ru/api/projects/eco-cf98e70d:0
[ 7220994ms] [ERROR] Failed to load resource: the server responded with a status of 401 () @ https://lms.entechai.ru/api/projects/eco-cf98e70d:0
[ 7221055ms] [ERROR] Failed to load resource: the server responded with a status of 401 () @ https://lms.entechai.ru/api/health:0
[ 7225057ms] [ERROR] Failed to load resource: the server responded with a status of 401 () @ https://lms.entechai.ru/api/projects/eco-cf98e70d:0
[ 7229005ms] [ERROR] Failed to load resource: the server responded with a status of 401 () @ https://lms.entechai.ru/api/projects/eco-cf98e70d:0
[ 7233009ms] [ERROR] Failed to load resource: the server responded with a status of 401 () @ https://lms.entechai.ru/api/projects/eco-cf98e70d:0
[ 7236071ms] [ERROR] Failed to load resource: the server responded with a status of 401 () @ https://lms.entechai.ru/api/health:0
[ 7237091ms] [ERROR] Failed to load resource: the server responded with a status of 401 () @ https://lms.entechai.ru/api/projects/eco-cf98e70d:0
[ 7241007ms] [ERROR] Failed to load resource: the server responded with a status of 401 () @ https://lms.entechai.ru/api/projects/eco-cf98e70d:0
[ 7245008ms] [ERROR] Failed to load resource: the server responded with a status of 401 () @ https://lms.entechai.ru/api/projects/eco-cf98e70d:0
[ 7249006ms] [ERROR] Failed to load resource: the server responded with a status of 401 () @ https://lms.entechai.ru/api/projects/eco-cf98e70d:0
[ 7251068ms] [ERROR] Failed to load resource: the server responded with a status of 401 () @ https://lms.entechai.ru/api/health:0
[ 7253015ms] [ERROR] Failed to load resource: the server responded with a status of 401 () @ https://lms.entechai.ru/api/projects/eco-cf98e70d:0
[ 7257047ms] [ERROR] Failed to load resource: the server responded with a status of 401 () @ https://lms.entechai.ru/api/projects/eco-cf98e70d:0
[ 7261007ms] [ERROR] Failed to load resource: the server responded with a status of 401 () @ https://lms.entechai.ru/api/projects/eco-cf98e70d:0
[ 7265011ms] [ERROR] Failed to load resource: the server responded with a status of 401 () @ https://lms.entechai.ru/api/projects/eco-cf98e70d:0
[ 7266093ms] [ERROR] Failed to load resource: the server responded with a status of 401 () @ https://lms.entechai.ru/api/health:0
[ 7269107ms] [ERROR] Failed to load resource: the server responded with a status of 401 () @ https://lms.entechai.ru/api/projects/eco-cf98e70d:0
[ 7273025ms] [ERROR] Failed to load resource: the server responded with a status of 401 () @ https://lms.entechai.ru/api/projects/eco-cf98e70d:0
[ 7277030ms] [ERROR] Failed to load resource: the server responded with a status of 401 () @ https://lms.entechai.ru/api/projects/eco-cf98e70d:0
[ 7281014ms] [ERROR] Failed to load resource: the server responded with a status of 401 () @ https://lms.entechai.ru/api/projects/eco-cf98e70d:0
[ 7281136ms] [ERROR] Failed to load resource: the server responded with a status of 401 () @ https://lms.entechai.ru/api/health:0
[ 7285022ms] [ERROR] Failed to load resource: the server responded with a status of 401 () @ https://lms.entechai.ru/api/projects/eco-cf98e70d:0
[ 7289035ms] [ERROR] Failed to load resource: the server responded with a status of 401 () @ https://lms.entechai.ru/api/projects/eco-cf98e70d:0
[ 7293010ms] [ERROR] Failed to load resource: the server responded with a status of 401 () @ https://lms.entechai.ru/api/projects/eco-cf98e70d:0
[ 7296077ms] [ERROR] Failed to load resource: the server responded with a status of 401 () @ https://lms.entechai.ru/api/health:0
[ 7297235ms] [ERROR] Failed to load resource: the server responded with a status of 401 () @ https://lms.entechai.ru/api/projects/eco-cf98e70d:0
[ 7301089ms] [ERROR] Failed to load resource: the server responded with a status of 401 () @ https://lms.entechai.ru/api/projects/eco-cf98e70d:0
[ 7305016ms] [ERROR] Failed to load resource: the server responded with a status of 401 () @ https://lms.entechai.ru/api/projects/eco-cf98e70d:0
[ 7309012ms] [ERROR] Failed to load resource: the server responded with a status of 401 () @ https://lms.entechai.ru/api/projects/eco-cf98e70d:0
[ 7311190ms] [ERROR] Failed to load resource: the server responded with a status of 401 () @ https://lms.entechai.ru/api/health:0
[ 7313150ms] [ERROR] Failed to load resource: the server responded with a status of 401 () @ https://lms.entechai.ru/api/projects/eco-cf98e70d:0
[ 7317013ms] [ERROR] Failed to load resource: the server responded with a status of 401 () @ https://lms.entechai.ru/api/projects/eco-cf98e70d:0
[ 7321014ms] [ERROR] Failed to load resource: the server responded with a status of 401 () @ https://lms.entechai.ru/api/projects/eco-cf98e70d:0
[ 7325015ms] [ERROR] Failed to load resource: the server responded with a status of 401 () @ https://lms.entechai.ru/api/projects/eco-cf98e70d:0
[ 7326257ms] [ERROR] Failed to load resource: the server responded with a status of 401 () @ https://lms.entechai.ru/api/health:0
[ 7329040ms] [ERROR] Failed to load resource: the server responded with a status of 401 () @ https://lms.entechai.ru/api/projects/eco-cf98e70d:0
[ 7333073ms] [ERROR] Failed to load resource: the server responded with a status of 401 () @ https://lms.entechai.ru/api/projects/eco-cf98e70d:0
[ 7337018ms] [ERROR] Failed to load resource: the server responded with a status of 401 () @ https://lms.entechai.ru/api/projects/eco-cf98e70d:0
[ 7341013ms] [ERROR] Failed to load resource: the server responded with a status of 401 () @ https://lms.entechai.ru/api/projects/eco-cf98e70d:0
[ 7341071ms] [ERROR] Failed to load resource: the server responded with a status of 401 () @ https://lms.entechai.ru/api/health:0
[ 7345101ms] [ERROR] Failed to load resource: the server responded with a status of 401 () @ https://lms.entechai.ru/api/projects/eco-cf98e70d:0
[ 7349038ms] [ERROR] Failed to load resource: the server responded with a status of 401 () @ https://lms.entechai.ru/api/projects/eco-cf98e70d:0
[ 7353129ms] [ERROR] Failed to load resource: the server responded with a status of 401 () @ https://lms.entechai.ru/api/projects/eco-cf98e70d:0
[ 7356144ms] [ERROR] Failed to load resource: the server responded with a status of 401 () @ https://lms.entechai.ru/api/health:0
[ 7357390ms] [ERROR] Failed to load resource: the server responded with a status of 401 () @ https://lms.entechai.ru/api/projects/eco-cf98e70d:0
[ 7361033ms] [ERROR] Failed to load resource: the server responded with a status of 401 () @ https://lms.entechai.ru/api/projects/eco-cf98e70d:0
[ 7365062ms] [ERROR] Failed to load resource: the server responded with a status of 401 () @ https://lms.entechai.ru/api/projects/eco-cf98e70d:0
[ 7369055ms] [ERROR] Failed to load resource: the server responded with a status of 401 () @ https://lms.entechai.ru/api/projects/eco-cf98e70d:0
[ 7371077ms] [ERROR] Failed to load resource: the server responded with a status of 401 () @ https://lms.entechai.ru/api/health:0
[ 7373015ms] [ERROR] Failed to load resource: the server responded with a status of 401 () @ https://lms.entechai.ru/api/projects/eco-cf98e70d:0
[ 7377084ms] [ERROR] Failed to load resource: the server responded with a status of 401 () @ https://lms.entechai.ru/api/projects/eco-cf98e70d:0
[ 7381308ms] [ERROR] Failed to load resource: the server responded with a status of 401 () @ https://lms.entechai.ru/api/projects/eco-cf98e70d:0
[ 7385030ms] [ERROR] Failed to load resource: the server responded with a status of 401 () @ https://lms.entechai.ru/api/projects/eco-cf98e70d:0
[ 7386074ms] [ERROR] Failed to load resource: the server responded with a status of 401 () @ https://lms.entechai.ru/api/health:0
[ 7389143ms] [ERROR] Failed to load resource: the server responded with a status of 401 () @ https://lms.entechai.ru/api/projects/eco-cf98e70d:0
[ 7393235ms] [ERROR] Failed to load resource: the server responded with a status of 401 () @ https://lms.entechai.ru/api/projects/eco-cf98e70d:0
[ 7397038ms] [ERROR] Failed to load resource: the server responded with a status of 401 () @ https://lms.entechai.ru/api/projects/eco-cf98e70d:0
[ 7401016ms] [ERROR] Failed to load resource: the server responded with a status of 401 () @ https://lms.entechai.ru/api/projects/eco-cf98e70d:0
[ 7401072ms] [ERROR] Failed to load resource: the server responded with a status of 401 () @ https://lms.entechai.ru/api/health:0
[ 7405017ms] [ERROR] Failed to load resource: the server responded with a status of 401 () @ https://lms.entechai.ru/api/projects/eco-cf98e70d:0
[ 7409098ms] [ERROR] Failed to load resource: the server responded with a status of 401 () @ https://lms.entechai.ru/api/projects/eco-cf98e70d:0
[ 7413019ms] [ERROR] Failed to load resource: the server responded with a status of 401 () @ https://lms.entechai.ru/api/projects/eco-cf98e70d:0
[ 7416080ms] [ERROR] Failed to load resource: the server responded with a status of 401 () @ https://lms.entechai.ru/api/health:0
[ 7417012ms] [ERROR] Failed to load resource: the server responded with a status of 401 () @ https://lms.entechai.ru/api/projects/eco-cf98e70d:0
[ 7421274ms] [ERROR] Failed to load resource: the server responded with a status of 401 () @ https://lms.entechai.ru/api/projects/eco-cf98e70d:0
[ 7425009ms] [ERROR] Failed to load resource: the server responded with a status of 401 () @ https://lms.entechai.ru/api/projects/eco-cf98e70d:0
[ 7429020ms] [ERROR] Failed to load resource: the server responded with a status of 401 () @ https://lms.entechai.ru/api/projects/eco-cf98e70d:0
[ 7431120ms] [ERROR] Failed to load resource: the server responded with a status of 401 () @ https://lms.entechai.ru/api/health:0
[ 7433009ms] [ERROR] Failed to load resource: the server responded with a status of 401 () @ https://lms.entechai.ru/api/projects/eco-cf98e70d:0
[ 7437052ms] [ERROR] Failed to load resource: the server responded with a status of 401 () @ https://lms.entechai.ru/api/projects/eco-cf98e70d:0
[ 7441076ms] [ERROR] Failed to load resource: the server responded with a status of 401 () @ https://lms.entechai.ru/api/projects/eco-cf98e70d:0
[ 7445016ms] [ERROR] Failed to load resource: the server responded with a status of 401 () @ https://lms.entechai.ru/api/projects/eco-cf98e70d:0
[ 7446071ms] [ERROR] Failed to load resource: the server responded with a status of 401 () @ https://lms.entechai.ru/api/health:0
[ 7449116ms] [ERROR] Failed to load resource: the server responded with a status of 401 () @ https://lms.entechai.ru/api/projects/eco-cf98e70d:0
[ 7453009ms] [ERROR] Failed to load resource: the server responded with a status of 401 () @ https://lms.entechai.ru/api/projects/eco-cf98e70d:0
[ 7457034ms] [ERROR] Failed to load resource: the server responded with a status of 401 () @ https://lms.entechai.ru/api/projects/eco-cf98e70d:0
[ 7461017ms] [ERROR] Failed to load resource: the server responded with a status of 401 () @ https://lms.entechai.ru/api/projects/eco-cf98e70d:0
[ 7461074ms] [ERROR] Failed to load resource: the server responded with a status of 401 () @ https://lms.entechai.ru/api/health:0
[ 7465014ms] [ERROR] Failed to load resource: the server responded with a status of 401 () @ https://lms.entechai.ru/api/projects/eco-cf98e70d:0
[ 7469013ms] [ERROR] Failed to load resource: the server responded with a status of 401 () @ https://lms.entechai.ru/api/projects/eco-cf98e70d:0
[ 7473064ms] [ERROR] Failed to load resource: the server responded with a status of 401 () @ https://lms.entechai.ru/api/projects/eco-cf98e70d:0
[ 7476207ms] [ERROR] Failed to load resource: the server responded with a status of 401 () @ https://lms.entechai.ru/api/health:0
[ 7477084ms] [ERROR] Failed to load resource: the server responded with a status of 401 () @ https://lms.entechai.ru/api/projects/eco-cf98e70d:0
[ 7481209ms] [ERROR] Failed to load resource: the server responded with a status of 401 () @ https://lms.entechai.ru/api/projects/eco-cf98e70d:0
[ 7485634ms] [ERROR] Failed to load resource: the server responded with a status of 401 () @ https://lms.entechai.ru/api/projects/eco-cf98e70d:0
[ 7489083ms] [ERROR] Failed to load resource: the server responded with a status of 401 () @ https://lms.entechai.ru/api/projects/eco-cf98e70d:0
[ 7491078ms] [ERROR] Failed to load resource: the server responded with a status of 401 () @ https://lms.entechai.ru/api/health:0
[ 7493009ms] [ERROR] Failed to load resource: the server responded with a status of 401 () @ https://lms.entechai.ru/api/projects/eco-cf98e70d:0
[ 7497019ms] [ERROR] Failed to load resource: the server responded with a status of 401 () @ https://lms.entechai.ru/api/projects/eco-cf98e70d:0
[ 7501011ms] [ERROR] Failed to load resource: the server responded with a status of 401 () @ https://lms.entechai.ru/api/projects/eco-cf98e70d:0
[ 7505179ms] [ERROR] Failed to load resource: the server responded with a status of 401 () @ https://lms.entechai.ru/api/projects/eco-cf98e70d:0
[ 7506096ms] [ERROR] Failed to load resource: the server responded with a status of 401 () @ https://lms.entechai.ru/api/health:0
[ 7512472ms] [ERROR] Failed to load resource: the server responded with a status of 401 () @ https://lms.entechai.ru/api/projects/eco-cf98e70d:0
[ 7513014ms] [ERROR] Failed to load resource: the server responded with a status of 401 () @ https://lms.entechai.ru/api/projects/eco-cf98e70d:0
[ 7517102ms] [ERROR] Failed to load resource: the server responded with a status of 401 () @ https://lms.entechai.ru/api/projects/eco-cf98e70d:0
[ 7521012ms] [ERROR] Failed to load resource: the server responded with a status of 401 () @ https://lms.entechai.ru/api/projects/eco-cf98e70d:0
[ 7521074ms] [ERROR] Failed to load resource: the server responded with a status of 401 () @ https://lms.entechai.ru/api/health:0
[ 7525014ms] [ERROR] Failed to load resource: the server responded with a status of 401 () @ https://lms.entechai.ru/api/projects/eco-cf98e70d:0
[ 7529016ms] [ERROR] Failed to load resource: the server responded with a status of 401 () @ https://lms.entechai.ru/api/projects/eco-cf98e70d:0
[ 7533011ms] [ERROR] Failed to load resource: the server responded with a status of 401 () @ https://lms.entechai.ru/api/projects/eco-cf98e70d:0
[ 7536074ms] [ERROR] Failed to load resource: the server responded with a status of 401 () @ https://lms.entechai.ru/api/health:0
[ 7537027ms] [ERROR] Failed to load resource: the server responded with a status of 401 () @ https://lms.entechai.ru/api/projects/eco-cf98e70d:0
[ 7541012ms] [ERROR] Failed to load resource: the server responded with a status of 401 () @ https://lms.entechai.ru/api/projects/eco-cf98e70d:0
[ 7546610ms] [ERROR] Failed to load resource: the server responded with a status of 401 () @ https://lms.entechai.ru/api/projects/eco-cf98e70d:0
[ 7552640ms] [ERROR] Failed to load resource: the server responded with a status of 401 () @ https://lms.entechai.ru/api/projects/eco-cf98e70d:0
[ 7552640ms] [ERROR] Failed to load resource: the server responded with a status of 401 () @ https://lms.entechai.ru/api/health:0
[ 7558666ms] [ERROR] Failed to load resource: the server responded with a status of 401 () @ https://lms.entechai.ru/api/projects/eco-cf98e70d:0
[ 7558667ms] [ERROR] Failed to load resource: the server responded with a status of 401 () @ https://lms.entechai.ru/api/projects/eco-cf98e70d:0
[ 7561010ms] [ERROR] Failed to load resource: the server responded with a status of 401 () @ https://lms.entechai.ru/api/projects/eco-cf98e70d:0
[ 7565008ms] [ERROR] Failed to load resource: the server responded with a status of 401 () @ https://lms.entechai.ru/api/projects/eco-cf98e70d:0
[ 7566072ms] [ERROR] Failed to load resource: the server responded with a status of 401 () @ https://lms.entechai.ru/api/health:0
[ 7569018ms] [ERROR] Failed to load resource: the server responded with a status of 401 () @ https://lms.entechai.ru/api/projects/eco-cf98e70d:0
[ 7573020ms] [ERROR] Failed to load resource: the server responded with a status of 401 () @ https://lms.entechai.ru/api/projects/eco-cf98e70d:0
[ 7577010ms] [ERROR] Failed to load resource: the server responded with a status of 401 () @ https://lms.entechai.ru/api/projects/eco-cf98e70d:0
[ 7581065ms] [ERROR] Failed to load resource: the server responded with a status of 401 () @ https://lms.entechai.ru/api/projects/eco-cf98e70d:0
[ 7581072ms] [ERROR] Failed to load resource: the server responded with a status of 401 () @ https://lms.entechai.ru/api/health:0
[ 7585070ms] [ERROR] Failed to load resource: the server responded with a status of 401 () @ https://lms.entechai.ru/api/projects/eco-cf98e70d:0
[ 7589009ms] [ERROR] Failed to load resource: the server responded with a status of 401 () @ https://lms.entechai.ru/api/projects/eco-cf98e70d:0
[ 7593098ms] [ERROR] Failed to load resource: the server responded with a status of 401 () @ https://lms.entechai.ru/api/projects/eco-cf98e70d:0
[ 7596074ms] [ERROR] Failed to load resource: the server responded with a status of 401 () @ https://lms.entechai.ru/api/health:0
[ 7597006ms] [ERROR] Failed to load resource: the server responded with a status of 401 () @ https://lms.entechai.ru/api/projects/eco-cf98e70d:0
[ 7601006ms] [ERROR] Failed to load resource: the server responded with a status of 401 () @ https://lms.entechai.ru/api/projects/eco-cf98e70d:0
[ 7605012ms] [ERROR] Failed to load resource: the server responded with a status of 401 () @ https://lms.entechai.ru/api/projects/eco-cf98e70d:0
[ 7609010ms] [ERROR] Failed to load resource: the server responded with a status of 401 () @ https://lms.entechai.ru/api/projects/eco-cf98e70d:0
[ 7611075ms] [ERROR] Failed to load resource: the server responded with a status of 401 () @ https://lms.entechai.ru/api/health:0
[ 7613048ms] [ERROR] Failed to load resource: the server responded with a status of 401 () @ https://lms.entechai.ru/api/projects/eco-cf98e70d:0
[ 7617010ms] [ERROR] Failed to load resource: the server responded with a status of 401 () @ https://lms.entechai.ru/api/projects/eco-cf98e70d:0
[ 7621008ms] [ERROR] Failed to load resource: the server responded with a status of 401 () @ https://lms.entechai.ru/api/projects/eco-cf98e70d:0
[ 7625079ms] [ERROR] Failed to load resource: the server responded with a status of 401 () @ https://lms.entechai.ru/api/projects/eco-cf98e70d:0
[ 7626293ms] [ERROR] Failed to load resource: the server responded with a status of 401 () @ https://lms.entechai.ru/api/health:0
[ 7629014ms] [ERROR] Failed to load resource: the server responded with a status of 401 () @ https://lms.entechai.ru/api/projects/eco-cf98e70d:0
[ 7633010ms] [ERROR] Failed to load resource: the server responded with a status of 401 () @ https://lms.entechai.ru/api/projects/eco-cf98e70d:0
[ 7637010ms] [ERROR] Failed to load resource: the server responded with a status of 401 () @ https://lms.entechai.ru/api/projects/eco-cf98e70d:0
[ 7641011ms] [ERROR] Failed to load resource: the server responded with a status of 401 () @ https://lms.entechai.ru/api/projects/eco-cf98e70d:0
[ 7641070ms] [ERROR] Failed to load resource: the server responded with a status of 401 () @ https://lms.entechai.ru/api/health:0
[ 7645034ms] [ERROR] Failed to load resource: the server responded with a status of 401 () @ https://lms.entechai.ru/api/projects/eco-cf98e70d:0
[ 7649016ms] [ERROR] Failed to load resource: the server responded with a status of 401 () @ https://lms.entechai.ru/api/projects/eco-cf98e70d:0
[ 7653166ms] [ERROR] Failed to load resource: the server responded with a status of 401 () @ https://lms.entechai.ru/api/projects/eco-cf98e70d:0
[ 7656074ms] [ERROR] Failed to load resource: the server responded with a status of 401 () @ https://lms.entechai.ru/api/health:0
[ 7657090ms] [ERROR] Failed to load resource: the server responded with a status of 401 () @ https://lms.entechai.ru/api/projects/eco-cf98e70d:0
[ 7661012ms] [ERROR] Failed to load resource: the server responded with a status of 401 () @ https://lms.entechai.ru/api/projects/eco-cf98e70d:0
[ 7665012ms] [ERROR] Failed to load resource: the server responded with a status of 401 () @ https://lms.entechai.ru/api/projects/eco-cf98e70d:0
[ 7669018ms] [ERROR] Failed to load resource: the server responded with a status of 401 () @ https://lms.entechai.ru/api/projects/eco-cf98e70d:0
[ 7671075ms] [ERROR] Failed to load resource: the server responded with a status of 401 () @ https://lms.entechai.ru/api/health:0
[ 7673017ms] [ERROR] Failed to load resource: the server responded with a status of 401 () @ https://lms.entechai.ru/api/projects/eco-cf98e70d:0
[ 7677013ms] [ERROR] Failed to load resource: the server responded with a status of 401 () @ https://lms.entechai.ru/api/projects/eco-cf98e70d:0
[ 7681016ms] [ERROR] Failed to load resource: the server responded with a status of 401 () @ https://lms.entechai.ru/api/projects/eco-cf98e70d:0
[ 7685015ms] [ERROR] Failed to load resource: the server responded with a status of 401 () @ https://lms.entechai.ru/api/projects/eco-cf98e70d:0
[ 7686075ms] [ERROR] Failed to load resource: the server responded with a status of 401 () @ https://lms.entechai.ru/api/health:0
[ 7689076ms] [ERROR] Failed to load resource: the server responded with a status of 401 () @ https://lms.entechai.ru/api/projects/eco-cf98e70d:0
[ 7693011ms] [ERROR] Failed to load resource: the server responded with a status of 401 () @ https://lms.entechai.ru/api/projects/eco-cf98e70d:0
[ 7697011ms] [ERROR] Failed to load resource: the server responded with a status of 401 () @ https://lms.entechai.ru/api/projects/eco-cf98e70d:0
[ 7701105ms] [ERROR] Failed to load resource: the server responded with a status of 401 () @ https://lms.entechai.ru/api/projects/eco-cf98e70d:0
[ 7701131ms] [ERROR] Failed to load resource: the server responded with a status of 401 () @ https://lms.entechai.ru/api/health:0
[ 7705019ms] [ERROR] Failed to load resource: the server responded with a status of 401 () @ https://lms.entechai.ru/api/projects/eco-cf98e70d:0
[ 7709125ms] [ERROR] Failed to load resource: the server responded with a status of 401 () @ https://lms.entechai.ru/api/projects/eco-cf98e70d:0
[ 7713017ms] [ERROR] Failed to load resource: the server responded with a status of 401 () @ https://lms.entechai.ru/api/projects/eco-cf98e70d:0
[ 7716078ms] [ERROR] Failed to load resource: the server responded with a status of 401 () @ https://lms.entechai.ru/api/health:0
[ 7717012ms] [ERROR] Failed to load resource: the server responded with a status of 401 () @ https://lms.entechai.ru/api/projects/eco-cf98e70d:0
[ 7721078ms] [ERROR] Failed to load resource: the server responded with a status of 401 () @ https://lms.entechai.ru/api/projects/eco-cf98e70d:0
[ 7725014ms] [ERROR] Failed to load resource: the server responded with a status of 401 () @ https://lms.entechai.ru/api/projects/eco-cf98e70d:0
[ 7730881ms] [ERROR] Failed to load resource: the server responded with a status of 401 () @ https://lms.entechai.ru/api/projects/eco-cf98e70d:0
[ 7731123ms] [ERROR] Failed to load resource: the server responded with a status of 401 () @ https://lms.entechai.ru/api/health:0
[ 7733085ms] [ERROR] Failed to load resource: the server responded with a status of 401 () @ https://lms.entechai.ru/api/projects/eco-cf98e70d:0
[ 7737390ms] [ERROR] Failed to load resource: the server responded with a status of 401 () @ https://lms.entechai.ru/api/projects/eco-cf98e70d:0
[ 7741068ms] [ERROR] Failed to load resource: the server responded with a status of 401 () @ https://lms.entechai.ru/api/projects/eco-cf98e70d:0
[ 7745028ms] [ERROR] Failed to load resource: the server responded with a status of 401 () @ https://lms.entechai.ru/api/projects/eco-cf98e70d:0
[ 7746072ms] [ERROR] Failed to load resource: the server responded with a status of 401 () @ https://lms.entechai.ru/api/health:0
[ 7749018ms] [ERROR] Failed to load resource: the server responded with a status of 401 () @ https://lms.entechai.ru/api/projects/eco-cf98e70d:0
[ 7753038ms] [ERROR] Failed to load resource: the server responded with a status of 401 () @ https://lms.entechai.ru/api/projects/eco-cf98e70d:0
[ 7757012ms] [ERROR] Failed to load resource: the server responded with a status of 401 () @ https://lms.entechai.ru/api/projects/eco-cf98e70d:0
[ 7761069ms] [ERROR] Failed to load resource: the server responded with a status of 401 () @ https://lms.entechai.ru/api/projects/eco-cf98e70d:0
[ 7761075ms] [ERROR] Failed to load resource: the server responded with a status of 401 () @ https://lms.entechai.ru/api/health:0
[ 7765097ms] [ERROR] Failed to load resource: the server responded with a status of 401 () @ https://lms.entechai.ru/api/projects/eco-cf98e70d:0
[ 7769015ms] [ERROR] Failed to load resource: the server responded with a status of 401 () @ https://lms.entechai.ru/api/projects/eco-cf98e70d:0
[ 7773016ms] [ERROR] Failed to load resource: the server responded with a status of 401 () @ https://lms.entechai.ru/api/projects/eco-cf98e70d:0
[ 7776107ms] [ERROR] Failed to load resource: the server responded with a status of 401 () @ https://lms.entechai.ru/api/health:0
[ 7777018ms] [ERROR] Failed to load resource: the server responded with a status of 401 () @ https://lms.entechai.ru/api/projects/eco-cf98e70d:0
[ 7781013ms] [ERROR] Failed to load resource: the server responded with a status of 401 () @ https://lms.entechai.ru/api/projects/eco-cf98e70d:0
[ 7785021ms] [ERROR] Failed to load resource: the server responded with a status of 401 () @ https://lms.entechai.ru/api/projects/eco-cf98e70d:0
[ 7789014ms] [ERROR] Failed to load resource: the server responded with a status of 401 () @ https://lms.entechai.ru/api/projects/eco-cf98e70d:0
[ 7791102ms] [ERROR] Failed to load resource: the server responded with a status of 401 () @ https://lms.entechai.ru/api/health:0
[ 7793018ms] [ERROR] Failed to load resource: the server responded with a status of 401 () @ https://lms.entechai.ru/api/projects/eco-cf98e70d:0
[ 7797081ms] [ERROR] Failed to load resource: the server responded with a status of 401 () @ https://lms.entechai.ru/api/projects/eco-cf98e70d:0
[ 7801015ms] [ERROR] Failed to load resource: the server responded with a status of 401 () @ https://lms.entechai.ru/api/projects/eco-cf98e70d:0
[ 7805016ms] [ERROR] Failed to load resource: the server responded with a status of 401 () @ https://lms.entechai.ru/api/projects/eco-cf98e70d:0
[ 7806076ms] [ERROR] Failed to load resource: the server responded with a status of 401 () @ https://lms.entechai.ru/api/health:0
[ 7809136ms] [ERROR] Failed to load resource: the server responded with a status of 401 () @ https://lms.entechai.ru/api/projects/eco-cf98e70d:0
[ 7813022ms] [ERROR] Failed to load resource: the server responded with a status of 401 () @ https://lms.entechai.ru/api/projects/eco-cf98e70d:0
[ 7817057ms] [ERROR] Failed to load resource: the server responded with a status of 401 () @ https://lms.entechai.ru/api/projects/eco-cf98e70d:0
[ 7821015ms] [ERROR] Failed to load resource: the server responded with a status of 401 () @ https://lms.entechai.ru/api/projects/eco-cf98e70d:0
[ 7821075ms] [ERROR] Failed to load resource: the server responded with a status of 401 () @ https://lms.entechai.ru/api/health:0
[ 7825041ms] [ERROR] Failed to load resource: the server responded with a status of 401 () @ https://lms.entechai.ru/api/projects/eco-cf98e70d:0
[ 7829309ms] [ERROR] Failed to load resource: the server responded with a status of 401 () @ https://lms.entechai.ru/api/projects/eco-cf98e70d:0
[ 7833013ms] [ERROR] Failed to load resource: the server responded with a status of 401 () @ https://lms.entechai.ru/api/projects/eco-cf98e70d:0
[ 7836076ms] [ERROR] Failed to load resource: the server responded with a status of 401 () @ https://lms.entechai.ru/api/health:0
[ 7837018ms] [ERROR] Failed to load resource: the server responded with a status of 401 () @ https://lms.entechai.ru/api/projects/eco-cf98e70d:0
[ 7841090ms] [ERROR] Failed to load resource: the server responded with a status of 401 () @ https://lms.entechai.ru/api/projects/eco-cf98e70d:0
[ 7845313ms] [ERROR] Failed to load resource: the server responded with a status of 401 () @ https://lms.entechai.ru/api/projects/eco-cf98e70d:0
[ 7849040ms] [ERROR] Failed to load resource: the server responded with a status of 401 () @ https://lms.entechai.ru/api/projects/eco-cf98e70d:0
[ 7851081ms] [ERROR] Failed to load resource: the server responded with a status of 401 () @ https://lms.entechai.ru/api/health:0
[ 7853016ms] [ERROR] Failed to load resource: the server responded with a status of 401 () @ https://lms.entechai.ru/api/projects/eco-cf98e70d:0
[ 7857023ms] [ERROR] Failed to load resource: the server responded with a status of 401 () @ https://lms.entechai.ru/api/projects/eco-cf98e70d:0
[ 7861047ms] [ERROR] Failed to load resource: the server responded with a status of 401 () @ https://lms.entechai.ru/api/projects/eco-cf98e70d:0
[ 7865016ms] [ERROR] Failed to load resource: the server responded with a status of 401 () @ https://lms.entechai.ru/api/projects/eco-cf98e70d:0
[ 7866074ms] [ERROR] Failed to load resource: the server responded with a status of 401 () @ https://lms.entechai.ru/api/health:0
[ 7869016ms] [ERROR] Failed to load resource: the server responded with a status of 401 () @ https://lms.entechai.ru/api/projects/eco-cf98e70d:0
[ 7873106ms] [ERROR] Failed to load resource: the server responded with a status of 401 () @ https://lms.entechai.ru/api/projects/eco-cf98e70d:0
[ 7877012ms] [ERROR] Failed to load resource: the server responded with a status of 401 () @ https://lms.entechai.ru/api/projects/eco-cf98e70d:0
[ 7881020ms] [ERROR] Failed to load resource: the server responded with a status of 401 () @ https://lms.entechai.ru/api/projects/eco-cf98e70d:0
[ 7881081ms] [ERROR] Failed to load resource: the server responded with a status of 401 () @ https://lms.entechai.ru/api/health:0
[ 7885011ms] [ERROR] Failed to load resource: the server responded with a status of 401 () @ https://lms.entechai.ru/api/projects/eco-cf98e70d:0
[ 7889010ms] [ERROR] Failed to load resource: the server responded with a status of 401 () @ https://lms.entechai.ru/api/projects/eco-cf98e70d:0
[ 7893027ms] [ERROR] Failed to load resource: the server responded with a status of 401 () @ https://lms.entechai.ru/api/projects/eco-cf98e70d:0
[ 7896141ms] [ERROR] Failed to load resource: the server responded with a status of 401 () @ https://lms.entechai.ru/api/health:0
[ 7897012ms] [ERROR] Failed to load resource: the server responded with a status of 401 () @ https://lms.entechai.ru/api/projects/eco-cf98e70d:0
[ 7901013ms] [ERROR] Failed to load resource: the server responded with a status of 401 () @ https://lms.entechai.ru/api/projects/eco-cf98e70d:0
[ 7905086ms] [ERROR] Failed to load resource: the server responded with a status of 401 () @ https://lms.entechai.ru/api/projects/eco-cf98e70d:0
[ 7909034ms] [ERROR] Failed to load resource: the server responded with a status of 401 () @ https://lms.entechai.ru/api/projects/eco-cf98e70d:0
[ 7911186ms] [ERROR] Failed to load resource: the server responded with a status of 401 () @ https://lms.entechai.ru/api/health:0
[ 7913167ms] [ERROR] Failed to load resource: the server responded with a status of 401 () @ https://lms.entechai.ru/api/projects/eco-cf98e70d:0
[ 7917115ms] [ERROR] Failed to load resource: the server responded with a status of 401 () @ https://lms.entechai.ru/api/projects/eco-cf98e70d:0
[ 7921014ms] [ERROR] Failed to load resource: the server responded with a status of 401 () @ https://lms.entechai.ru/api/projects/eco-cf98e70d:0
[ 7925140ms] [ERROR] Failed to load resource: the server responded with a status of 401 () @ https://lms.entechai.ru/api/projects/eco-cf98e70d:0
[ 7926113ms] [ERROR] Failed to load resource: the server responded with a status of 401 () @ https://lms.entechai.ru/api/health:0
[ 7929015ms] [ERROR] Failed to load resource: the server responded with a status of 401 () @ https://lms.entechai.ru/api/projects/eco-cf98e70d:0
[ 7933015ms] [ERROR] Failed to load resource: the server responded with a status of 401 () @ https://lms.entechai.ru/api/projects/eco-cf98e70d:0
[ 7937068ms] [ERROR] Failed to load resource: the server responded with a status of 401 () @ https://lms.entechai.ru/api/projects/eco-cf98e70d:0
[ 7941233ms] [ERROR] Failed to load resource: the server responded with a status of 401 () @ https://lms.entechai.ru/api/projects/eco-cf98e70d:0
[ 7941284ms] [ERROR] Failed to load resource: the server responded with a status of 401 () @ https://lms.entechai.ru/api/health:0
[ 7945027ms] [ERROR] Failed to load resource: the server responded with a status of 401 () @ https://lms.entechai.ru/api/projects/eco-cf98e70d:0
[ 7949093ms] [ERROR] Failed to load resource: the server responded with a status of 401 () @ https://lms.entechai.ru/api/projects/eco-cf98e70d:0
[ 7953126ms] [ERROR] Failed to load resource: the server responded with a status of 401 () @ https://lms.entechai.ru/api/projects/eco-cf98e70d:0
[ 7956078ms] [ERROR] Failed to load resource: the server responded with a status of 401 () @ https://lms.entechai.ru/api/health:0
[ 7957015ms] [ERROR] Failed to load resource: the server responded with a status of 401 () @ https://lms.entechai.ru/api/projects/eco-cf98e70d:0
[ 7961019ms] [ERROR] Failed to load resource: the server responded with a status of 401 () @ https://lms.entechai.ru/api/projects/eco-cf98e70d:0
[ 7965016ms] [ERROR] Failed to load resource: the server responded with a status of 401 () @ https://lms.entechai.ru/api/projects/eco-cf98e70d:0
[ 7969049ms] [ERROR] Failed to load resource: the server responded with a status of 401 () @ https://lms.entechai.ru/api/projects/eco-cf98e70d:0
[ 7971144ms] [ERROR] Failed to load resource: the server responded with a status of 401 () @ https://lms.entechai.ru/api/health:0
[ 7977413ms] [ERROR] Failed to load resource: the server responded with a status of 401 () @ https://lms.entechai.ru/api/projects/eco-cf98e70d:0
[ 7977413ms] [ERROR] Failed to load resource: the server responded with a status of 401 () @ https://lms.entechai.ru/api/projects/eco-cf98e70d:0
[ 7981110ms] [ERROR] Failed to load resource: the server responded with a status of 401 () @ https://lms.entechai.ru/api/projects/eco-cf98e70d:0
[ 7987433ms] [ERROR] Failed to load resource: the server responded with a status of 401 () @ https://lms.entechai.ru/api/projects/eco-cf98e70d:0
[ 7987434ms] [ERROR] Failed to load resource: the server responded with a status of 401 () @ https://lms.entechai.ru/api/health:0
[ 7989016ms] [ERROR] Failed to load resource: the server responded with a status of 401 () @ https://lms.entechai.ru/api/projects/eco-cf98e70d:0
[ 7993014ms] [ERROR] Failed to load resource: the server responded with a status of 401 () @ https://lms.entechai.ru/api/projects/eco-cf98e70d:0
[ 7997015ms] [ERROR] Failed to load resource: the server responded with a status of 401 () @ https://lms.entechai.ru/api/projects/eco-cf98e70d:0
[ 8001034ms] [ERROR] Failed to load resource: the server responded with a status of 401 () @ https://lms.entechai.ru/api/projects/eco-cf98e70d:0
[ 8001079ms] [ERROR] Failed to load resource: the server responded with a status of 401 () @ https://lms.entechai.ru/api/health:0
[ 8005023ms] [ERROR] Failed to load resource: the server responded with a status of 401 () @ https://lms.entechai.ru/api/projects/eco-cf98e70d:0
[ 8009203ms] [ERROR] Failed to load resource: the server responded with a status of 401 () @ https://lms.entechai.ru/api/projects/eco-cf98e70d:0
[ 8013089ms] [ERROR] Failed to load resource: the server responded with a status of 401 () @ https://lms.entechai.ru/api/projects/eco-cf98e70d:0
[ 8016078ms] [ERROR] Failed to load resource: the server responded with a status of 401 () @ https://lms.entechai.ru/api/health:0
[ 8017012ms] [ERROR] Failed to load resource: the server responded with a status of 401 () @ https://lms.entechai.ru/api/projects/eco-cf98e70d:0
[ 8021106ms] [ERROR] Failed to load resource: the server responded with a status of 401 () @ https://lms.entechai.ru/api/projects/eco-cf98e70d:0
[ 8025156ms] [ERROR] Failed to load resource: the server responded with a status of 401 () @ https://lms.entechai.ru/api/projects/eco-cf98e70d:0
[ 8029018ms] [ERROR] Failed to load resource: the server responded with a status of 401 () @ https://lms.entechai.ru/api/projects/eco-cf98e70d:0
[ 8031100ms] [ERROR] Failed to load resource: the server responded with a status of 401 () @ https://lms.entechai.ru/api/health:0
[ 8033030ms] [ERROR] Failed to load resource: the server responded with a status of 401 () @ https://lms.entechai.ru/api/projects/eco-cf98e70d:0
[ 8037373ms] [ERROR] Failed to load resource: the server responded with a status of 401 () @ https://lms.entechai.ru/api/projects/eco-cf98e70d:0
[ 8041031ms] [ERROR] Failed to load resource: the server responded with a status of 401 () @ https://lms.entechai.ru/api/projects/eco-cf98e70d:0
[ 8045071ms] [ERROR] Failed to load resource: the server responded with a status of 401 () @ https://lms.entechai.ru/api/projects/eco-cf98e70d:0
[ 8046122ms] [ERROR] Failed to load resource: the server responded with a status of 401 () @ https://lms.entechai.ru/api/health:0
[ 8049028ms] [ERROR] Failed to load resource: the server responded with a status of 401 () @ https://lms.entechai.ru/api/projects/eco-cf98e70d:0
[ 8053027ms] [ERROR] Failed to load resource: the server responded with a status of 401 () @ https://lms.entechai.ru/api/projects/eco-cf98e70d:0
[ 8057098ms] [ERROR] Failed to load resource: the server responded with a status of 401 () @ https://lms.entechai.ru/api/projects/eco-cf98e70d:0
[ 8061135ms] [ERROR] Failed to load resource: the server responded with a status of 401 () @ https://lms.entechai.ru/api/projects/eco-cf98e70d:0
[ 8061139ms] [ERROR] Failed to load resource: the server responded with a status of 401 () @ https://lms.entechai.ru/api/health:0
[ 8065020ms] [ERROR] Failed to load resource: the server responded with a status of 401 () @ https://lms.entechai.ru/api/projects/eco-cf98e70d:0
[ 8069016ms] [ERROR] Failed to load resource: the server responded with a status of 401 () @ https://lms.entechai.ru/api/projects/eco-cf98e70d:0
[ 8073019ms] [ERROR] Failed to load resource: the server responded with a status of 401 () @ https://lms.entechai.ru/api/projects/eco-cf98e70d:0
[ 8076203ms] [ERROR] Failed to load resource: the server responded with a status of 401 () @ https://lms.entechai.ru/api/health:0
[ 8077055ms] [ERROR] Failed to load resource: the server responded with a status of 401 () @ https://lms.entechai.ru/api/projects/eco-cf98e70d:0
[ 8081016ms] [ERROR] Failed to load resource: the server responded with a status of 401 () @ https://lms.entechai.ru/api/projects/eco-cf98e70d:0
[ 8085016ms] [ERROR] Failed to load resource: the server responded with a status of 401 () @ https://lms.entechai.ru/api/projects/eco-cf98e70d:0
[ 8089081ms] [ERROR] Failed to load resource: the server responded with a status of 401 () @ https://lms.entechai.ru/api/projects/eco-cf98e70d:0
[ 8091208ms] [ERROR] Failed to load resource: the server responded with a status of 401 () @ https://lms.entechai.ru/api/health:0
[ 8093016ms] [ERROR] Failed to load resource: the server responded with a status of 401 () @ https://lms.entechai.ru/api/projects/eco-cf98e70d:0
[ 8097019ms] [ERROR] Failed to load resource: the server responded with a status of 401 () @ https://lms.entechai.ru/api/projects/eco-cf98e70d:0
[ 8101015ms] [ERROR] Failed to load resource: the server responded with a status of 401 () @ https://lms.entechai.ru/api/projects/eco-cf98e70d:0
[ 8105014ms] [ERROR] Failed to load resource: the server responded with a status of 401 () @ https://lms.entechai.ru/api/projects/eco-cf98e70d:0
[ 8106103ms] [ERROR] Failed to load resource: the server responded with a status of 401 () @ https://lms.entechai.ru/api/health:0
[ 8109036ms] [ERROR] Failed to load resource: the server responded with a status of 401 () @ https://lms.entechai.ru/api/projects/eco-cf98e70d:0
[ 8113015ms] [ERROR] Failed to load resource: the server responded with a status of 401 () @ https://lms.entechai.ru/api/projects/eco-cf98e70d:0
[ 8117067ms] [ERROR] Failed to load resource: the server responded with a status of 401 () @ https://lms.entechai.ru/api/projects/eco-cf98e70d:0
[ 8121097ms] [ERROR] Failed to load resource: the server responded with a status of 401 () @ https://lms.entechai.ru/api/health:0
[ 8121102ms] [ERROR] Failed to load resource: the server responded with a status of 401 () @ https://lms.entechai.ru/api/projects/eco-cf98e70d:0
[ 8125017ms] [ERROR] Failed to load resource: the server responded with a status of 401 () @ https://lms.entechai.ru/api/projects/eco-cf98e70d:0
[ 8129242ms] [ERROR] Failed to load resource: the server responded with a status of 401 () @ https://lms.entechai.ru/api/projects/eco-cf98e70d:0
[ 8133021ms] [ERROR] Failed to load resource: the server responded with a status of 401 () @ https://lms.entechai.ru/api/projects/eco-cf98e70d:0
[ 8136085ms] [ERROR] Failed to load resource: the server responded with a status of 401 () @ https://lms.entechai.ru/api/health:0
[ 8137021ms] [ERROR] Failed to load resource: the server responded with a status of 401 () @ https://lms.entechai.ru/api/projects/eco-cf98e70d:0
[ 8141040ms] [ERROR] Failed to load resource: the server responded with a status of 401 () @ https://lms.entechai.ru/api/projects/eco-cf98e70d:0
[ 8145213ms] [ERROR] Failed to load resource: the server responded with a status of 401 () @ https://lms.entechai.ru/api/projects/eco-cf98e70d:0
[ 8149018ms] [ERROR] Failed to load resource: the server responded with a status of 401 () @ https://lms.entechai.ru/api/projects/eco-cf98e70d:0
[ 8151081ms] [ERROR] Failed to load resource: the server responded with a status of 401 () @ https://lms.entechai.ru/api/health:0
[ 8153077ms] [ERROR] Failed to load resource: the server responded with a status of 401 () @ https://lms.entechai.ru/api/projects/eco-cf98e70d:0
[ 8157019ms] [ERROR] Failed to load resource: the server responded with a status of 401 () @ https://lms.entechai.ru/api/projects/eco-cf98e70d:0
[ 8161017ms] [ERROR] Failed to load resource: the server responded with a status of 401 () @ https://lms.entechai.ru/api/projects/eco-cf98e70d:0
[ 8165107ms] [ERROR] Failed to load resource: the server responded with a status of 401 () @ https://lms.entechai.ru/api/projects/eco-cf98e70d:0
[ 8166152ms] [ERROR] Failed to load resource: the server responded with a status of 401 () @ https://lms.entechai.ru/api/health:0
[ 8169017ms] [ERROR] Failed to load resource: the server responded with a status of 401 () @ https://lms.entechai.ru/api/projects/eco-cf98e70d:0
[ 8173138ms] [ERROR] Failed to load resource: the server responded with a status of 401 () @ https://lms.entechai.ru/api/projects/eco-cf98e70d:0
[ 8177042ms] [ERROR] Failed to load resource: the server responded with a status of 401 () @ https://lms.entechai.ru/api/projects/eco-cf98e70d:0
[ 8181018ms] [ERROR] Failed to load resource: the server responded with a status of 401 () @ https://lms.entechai.ru/api/projects/eco-cf98e70d:0
[ 8181076ms] [ERROR] Failed to load resource: the server responded with a status of 401 () @ https://lms.entechai.ru/api/health:0
[ 8185057ms] [ERROR] Failed to load resource: the server responded with a status of 401 () @ https://lms.entechai.ru/api/projects/eco-cf98e70d:0
[ 8189035ms] [ERROR] Failed to load resource: the server responded with a status of 401 () @ https://lms.entechai.ru/api/projects/eco-cf98e70d:0
[ 8193024ms] [ERROR] Failed to load resource: the server responded with a status of 401 () @ https://lms.entechai.ru/api/projects/eco-cf98e70d:0
[ 8196086ms] [ERROR] Failed to load resource: the server responded with a status of 401 () @ https://lms.entechai.ru/api/health:0
[ 8197016ms] [ERROR] Failed to load resource: the server responded with a status of 401 () @ https://lms.entechai.ru/api/projects/eco-cf98e70d:0
[ 8217263ms] [ERROR] Failed to load resource: the server responded with a status of 401 () @ https://lms.entechai.ru/api/projects/eco-cf98e70d:0
[ 8218602ms] [ERROR] Failed to load resource: the server responded with a status of 401 () @ https://lms.entechai.ru/api/projects/eco-cf98e70d:0
[ 8222152ms] [ERROR] Failed to load resource: the server responded with a status of 401 () @ https://lms.entechai.ru/api/projects/eco-cf98e70d:0
[ 8224263ms] [ERROR] Failed to load resource: the server responded with a status of 401 () @ https://lms.entechai.ru/api/health:0
[ 8226164ms] [ERROR] Failed to load resource: the server responded with a status of 401 () @ https://lms.entechai.ru/api/projects/eco-cf98e70d:0
[ 8230085ms] [ERROR] Failed to load resource: the server responded with a status of 401 () @ https://lms.entechai.ru/api/projects/eco-cf98e70d:0
[ 8234089ms] [ERROR] Failed to load resource: the server responded with a status of 401 () @ https://lms.entechai.ru/api/projects/eco-cf98e70d:0
[ 8238300ms] [ERROR] Failed to load resource: the server responded with a status of 401 () @ https://lms.entechai.ru/api/projects/eco-cf98e70d:0
[ 8239146ms] [ERROR] Failed to load resource: the server responded with a status of 401 () @ https://lms.entechai.ru/api/health:0
[ 8242088ms] [ERROR] Failed to load resource: the server responded with a status of 401 () @ https://lms.entechai.ru/api/projects/eco-cf98e70d:0
[ 8246119ms] [ERROR] Failed to load resource: the server responded with a status of 401 () @ https://lms.entechai.ru/api/projects/eco-cf98e70d:0
[ 8250083ms] [ERROR] Failed to load resource: the server responded with a status of 401 () @ https://lms.entechai.ru/api/projects/eco-cf98e70d:0
[ 8254086ms] [ERROR] Failed to load resource: the server responded with a status of 401 () @ https://lms.entechai.ru/api/projects/eco-cf98e70d:0
[ 8254145ms] [ERROR] Failed to load resource: the server responded with a status of 401 () @ https://lms.entechai.ru/api/health:0
[ 8258150ms] [ERROR] Failed to load resource: the server responded with a status of 401 () @ https://lms.entechai.ru/api/projects/eco-cf98e70d:0
[ 8262083ms] [ERROR] Failed to load resource: the server responded with a status of 401 () @ https://lms.entechai.ru/api/projects/eco-cf98e70d:0
[ 8266085ms] [ERROR] Failed to load resource: the server responded with a status of 401 () @ https://lms.entechai.ru/api/projects/eco-cf98e70d:0
[ 8269190ms] [ERROR] Failed to load resource: the server responded with a status of 401 () @ https://lms.entechai.ru/api/health:0
[ 8270085ms] [ERROR] Failed to load resource: the server responded with a status of 401 () @ https://lms.entechai.ru/api/projects/eco-cf98e70d:0
[ 8274091ms] [ERROR] Failed to load resource: the server responded with a status of 401 () @ https://lms.entechai.ru/api/projects/eco-cf98e70d:0
[ 8327191ms] [ERROR] Failed to load resource: net::ERR_NAME_NOT_RESOLVED @ https://lms.entechai.ru/api/projects/eco-cf98e70d:0
[ 8329434ms] [ERROR] Failed to load resource: net::ERR_INTERNET_DISCONNECTED @ https://lms.entechai.ru/api/projects/eco-cf98e70d:0
[ 8331494ms] [ERROR] Failed to load resource: net::ERR_NAME_NOT_RESOLVED @ https://lms.entechai.ru/api/health:0
[ 8333434ms] [ERROR] Failed to load resource: net::ERR_NAME_NOT_RESOLVED @ https://lms.entechai.ru/api/projects/eco-cf98e70d:0
[ 8337433ms] [ERROR] Failed to load resource: net::ERR_NAME_NOT_RESOLVED @ https://lms.entechai.ru/api/projects/eco-cf98e70d:0
[ 8341432ms] [ERROR] Failed to load resource: net::ERR_NAME_NOT_RESOLVED @ https://lms.entechai.ru/api/projects/eco-cf98e70d:0
[ 8373507ms] [ERROR] Failed to load resource: net::ERR_NAME_NOT_RESOLVED @ https://lms.entechai.ru/api/projects/eco-cf98e70d:0
[ 8374531ms] [ERROR] Failed to load resource: net::ERR_NAME_NOT_RESOLVED @ https://lms.entechai.ru/api/health:0
[ 8378059ms] [ERROR] Failed to load resource: net::ERR_NAME_NOT_RESOLVED @ https://lms.entechai.ru/api/projects/eco-cf98e70d:0
[ 8383948ms] [ERROR] Failed to load resource: the server responded with a status of 401 () @ https://lms.entechai.ru/api/projects/eco-cf98e70d:0
[ 8385495ms] [ERROR] Failed to load resource: the server responded with a status of 401 () @ https://lms.entechai.ru/api/projects/eco-cf98e70d:0
[ 8390289ms] [ERROR] Failed to load resource: the server responded with a status of 401 () @ https://lms.entechai.ru/api/projects/eco-cf98e70d:0
[ 8390298ms] [ERROR] Failed to load resource: the server responded with a status of 401 () @ https://lms.entechai.ru/api/health:0
[ 8393499ms] [ERROR] Failed to load resource: the server responded with a status of 401 () @ https://lms.entechai.ru/api/projects/eco-cf98e70d:0
[ 8397501ms] [ERROR] Failed to load resource: the server responded with a status of 401 () @ https://lms.entechai.ru/api/projects/eco-cf98e70d:0
[ 8401506ms] [ERROR] Failed to load resource: the server responded with a status of 401 () @ https://lms.entechai.ru/api/projects/eco-cf98e70d:0
[ 8404601ms] [ERROR] Failed to load resource: the server responded with a status of 401 () @ https://lms.entechai.ru/api/health:0
[ 8405501ms] [ERROR] Failed to load resource: the server responded with a status of 401 () @ https://lms.entechai.ru/api/projects/eco-cf98e70d:0
[ 8592999ms] [ERROR] Failed to load resource: the server responded with a status of 401 () @ https://lms.entechai.ru/api/projects/eco-cf98e70d:0
[ 8596407ms] [ERROR] Failed to load resource: the server responded with a status of 401 () @ https://lms.entechai.ru/api/projects/eco-cf98e70d:0
[ 8600419ms] [ERROR] Failed to load resource: the server responded with a status of 401 () @ https://lms.entechai.ru/api/projects/eco-cf98e70d:0
[ 8602470ms] [ERROR] Failed to load resource: the server responded with a status of 401 () @ https://lms.entechai.ru/api/health:0
[ 8604405ms] [ERROR] Failed to load resource: the server responded with a status of 401 () @ https://lms.entechai.ru/api/projects/eco-cf98e70d:0
[ 8608415ms] [ERROR] Failed to load resource: the server responded with a status of 401 () @ https://lms.entechai.ru/api/projects/eco-cf98e70d:0
[ 8612516ms] [ERROR] Failed to load resource: the server responded with a status of 401 () @ https://lms.entechai.ru/api/projects/eco-cf98e70d:0
[ 8616408ms] [ERROR] Failed to load resource: the server responded with a status of 401 () @ https://lms.entechai.ru/api/projects/eco-cf98e70d:0
[ 8617468ms] [ERROR] Failed to load resource: the server responded with a status of 401 () @ https://lms.entechai.ru/api/health:0
[ 8620411ms] [ERROR] Failed to load resource: the server responded with a status of 401 () @ https://lms.entechai.ru/api/projects/eco-cf98e70d:0
[ 8624412ms] [ERROR] Failed to load resource: the server responded with a status of 401 () @ https://lms.entechai.ru/api/projects/eco-cf98e70d:0
[ 8628410ms] [ERROR] Failed to load resource: the server responded with a status of 401 () @ https://lms.entechai.ru/api/projects/eco-cf98e70d:0
[ 8632408ms] [ERROR] Failed to load resource: the server responded with a status of 401 () @ https://lms.entechai.ru/api/projects/eco-cf98e70d:0
[ 8632467ms] [ERROR] Failed to load resource: the server responded with a status of 401 () @ https://lms.entechai.ru/api/health:0
[ 8636415ms] [ERROR] Failed to load resource: the server responded with a status of 401 () @ https://lms.entechai.ru/api/projects/eco-cf98e70d:0
[ 8646096ms] [ERROR] Failed to load resource: the server responded with a status of 401 () @ https://lms.entechai.ru/api/projects/eco-cf98e70d:0
[ 8649967ms] [ERROR] Failed to load resource: the server responded with a status of 401 () @ https://lms.entechai.ru/api/projects/eco-cf98e70d:0
[ 8653081ms] [ERROR] Failed to load resource: the server responded with a status of 401 () @ https://lms.entechai.ru/api/health:0
[ 8653963ms] [ERROR] Failed to load resource: the server responded with a status of 401 () @ https://lms.entechai.ru/api/projects/eco-cf98e70d:0
[ 8657974ms] [ERROR] Failed to load resource: the server responded with a status of 401 () @ https://lms.entechai.ru/api/projects/eco-cf98e70d:0
[ 8661971ms] [ERROR] Failed to load resource: the server responded with a status of 401 () @ https://lms.entechai.ru/api/projects/eco-cf98e70d:0
[ 8666057ms] [ERROR] Failed to load resource: the server responded with a status of 401 () @ https://lms.entechai.ru/api/projects/eco-cf98e70d:0
[ 8668029ms] [ERROR] Failed to load resource: the server responded with a status of 401 () @ https://lms.entechai.ru/api/health:0
[ 8669976ms] [ERROR] Failed to load resource: the server responded with a status of 401 () @ https://lms.entechai.ru/api/projects/eco-cf98e70d:0
[ 8673971ms] [ERROR] Failed to load resource: the server responded with a status of 401 () @ https://lms.entechai.ru/api/projects/eco-cf98e70d:0
[ 8677968ms] [ERROR] Failed to load resource: the server responded with a status of 401 () @ https://lms.entechai.ru/api/projects/eco-cf98e70d:0
[ 8681976ms] [ERROR] Failed to load resource: the server responded with a status of 401 () @ https://lms.entechai.ru/api/projects/eco-cf98e70d:0
[ 8683036ms] [ERROR] Failed to load resource: the server responded with a status of 401 () @ https://lms.entechai.ru/api/health:0
[ 8685970ms] [ERROR] Failed to load resource: the server responded with a status of 401 () @ https://lms.entechai.ru/api/projects/eco-cf98e70d:0
[ 8954439ms] [ERROR] Failed to load resource: net::ERR_QUIC_PROTOCOL_ERROR.QUIC_NETWORK_IDLE_TIMEOUT @ https://lms.entechai.ru/api/projects/eco-cf98e70d:0
[ 8954439ms] [ERROR] Failed to load resource: net::ERR_NAME_NOT_RESOLVED @ https://lms.entechai.ru/api/projects/eco-cf98e70d:0
[ 8958945ms] [ERROR] Failed to load resource: net::ERR_NETWORK_CHANGED @ https://lms.entechai.ru/api/projects/eco-cf98e70d:0
[ 8959416ms] [ERROR] Failed to load resource: the server responded with a status of 401 () @ https://lms.entechai.ru/api/health:0
[ 8963357ms] [ERROR] Failed to load resource: the server responded with a status of 401 () @ https://lms.entechai.ru/api/projects/eco-cf98e70d:0
[ 8966199ms] [ERROR] Failed to load resource: the server responded with a status of 401 () @ https://lms.entechai.ru/api/projects/eco-cf98e70d:0
[ 8970206ms] [ERROR] Failed to load resource: the server responded with a status of 401 () @ https://lms.entechai.ru/api/projects/eco-cf98e70d:0
[ 8973265ms] [ERROR] Failed to load resource: the server responded with a status of 401 () @ https://lms.entechai.ru/api/health:0
[ 8974223ms] [ERROR] Failed to load resource: the server responded with a status of 401 () @ https://lms.entechai.ru/api/projects/eco-cf98e70d:0
[ 8978198ms] [ERROR] Failed to load resource: the server responded with a status of 401 () @ https://lms.entechai.ru/api/projects/eco-cf98e70d:0
[ 8982425ms] [ERROR] Failed to load resource: the server responded with a status of 401 () @ https://lms.entechai.ru/api/projects/eco-cf98e70d:0
[ 8986215ms] [ERROR] Failed to load resource: the server responded with a status of 401 () @ https://lms.entechai.ru/api/projects/eco-cf98e70d:0
[ 8988265ms] [ERROR] Failed to load resource: the server responded with a status of 401 () @ https://lms.entechai.ru/api/health:0
[ 8990201ms] [ERROR] Failed to load resource: the server responded with a status of 401 () @ https://lms.entechai.ru/api/projects/eco-cf98e70d:0
[ 8994214ms] [ERROR] Failed to load resource: the server responded with a status of 401 () @ https://lms.entechai.ru/api/projects/eco-cf98e70d:0
[ 9901315ms] [ERROR] Failed to load resource: the server responded with a status of 401 () @ https://lms.entechai.ru/api/projects/eco-cf98e70d:0
[ 9901327ms] [ERROR] Failed to load resource: the server responded with a status of 401 () @ https://lms.entechai.ru/api/projects/eco-cf98e70d:0
[ 9902517ms] [ERROR] Failed to load resource: the server responded with a status of 401 () @ https://lms.entechai.ru/api/health:0
[ 9904674ms] [ERROR] Failed to load resource: the server responded with a status of 401 () @ https://lms.entechai.ru/api/projects/eco-cf98e70d:0
[ 9910397ms] [ERROR] Failed to load resource: the server responded with a status of 401 () @ https://lms.entechai.ru/api/projects/eco-cf98e70d:0
[ 9912647ms] [ERROR] Failed to load resource: the server responded with a status of 401 () @ https://lms.entechai.ru/api/projects/eco-cf98e70d:0
[ 9916879ms] [ERROR] Failed to load resource: the server responded with a status of 401 () @ https://lms.entechai.ru/api/projects/eco-cf98e70d:0
[ 9916881ms] [ERROR] Failed to load resource: the server responded with a status of 401 () @ https://lms.entechai.ru/api/health:0
[ 9921199ms] [ERROR] Failed to load resource: the server responded with a status of 401 () @ https://lms.entechai.ru/api/projects/eco-cf98e70d:0
[ 9924767ms] [ERROR] Failed to load resource: the server responded with a status of 401 () @ https://lms.entechai.ru/api/projects/eco-cf98e70d:0
[ 9928653ms] [ERROR] Failed to load resource: the server responded with a status of 401 () @ https://lms.entechai.ru/api/projects/eco-cf98e70d:0
[ 9931711ms] [ERROR] Failed to load resource: the server responded with a status of 401 () @ https://lms.entechai.ru/api/health:0
[ 9932637ms] [ERROR] Failed to load resource: the server responded with a status of 401 () @ https://lms.entechai.ru/api/projects/eco-cf98e70d:0
[ 9936645ms] [ERROR] Failed to load resource: the server responded with a status of 401 () @ https://lms.entechai.ru/api/projects/eco-cf98e70d:0
[ 9940639ms] [ERROR] Failed to load resource: the server responded with a status of 401 () @ https://lms.entechai.ru/api/projects/eco-cf98e70d:0
[ 9944652ms] [ERROR] Failed to load resource: the server responded with a status of 401 () @ https://lms.entechai.ru/api/projects/eco-cf98e70d:0
[ 9946703ms] [ERROR] Failed to load resource: the server responded with a status of 401 () @ https://lms.entechai.ru/api/health:0
[ 9948640ms] [ERROR] Failed to load resource: the server responded with a status of 401 () @ https://lms.entechai.ru/api/projects/eco-cf98e70d:0
[ 9952641ms] [ERROR] Failed to load resource: the server responded with a status of 401 () @ https://lms.entechai.ru/api/projects/eco-cf98e70d:0
[ 9956640ms] [ERROR] Failed to load resource: the server responded with a status of 401 () @ https://lms.entechai.ru/api/projects/eco-cf98e70d:0
[ 9960640ms] [ERROR] Failed to load resource: the server responded with a status of 401 () @ https://lms.entechai.ru/api/projects/eco-cf98e70d:0
[ 9961701ms] [ERROR] Failed to load resource: the server responded with a status of 401 () @ https://lms.entechai.ru/api/health:0
[ 9964652ms] [ERROR] Failed to load resource: the server responded with a status of 401 () @ https://lms.entechai.ru/api/projects/eco-cf98e70d:0
[ 9968674ms] [ERROR] Failed to load resource: the server responded with a status of 401 () @ https://lms.entechai.ru/api/projects/eco-cf98e70d:0
[ 9972640ms] [ERROR] Failed to load resource: the server responded with a status of 401 () @ https://lms.entechai.ru/api/projects/eco-cf98e70d:0
[ 9976650ms] [ERROR] Failed to load resource: the server responded with a status of 401 () @ https://lms.entechai.ru/api/projects/eco-cf98e70d:0
[ 9976792ms] [ERROR] Failed to load resource: the server responded with a status of 401 () @ https://lms.entechai.ru/api/health:0
[ 9980646ms] [ERROR] Failed to load resource: the server responded with a status of 401 () @ https://lms.entechai.ru/api/projects/eco-cf98e70d:0
[ 9984648ms] [ERROR] Failed to load resource: the server responded with a status of 401 () @ https://lms.entechai.ru/api/projects/eco-cf98e70d:0
[ 9988643ms] [ERROR] Failed to load resource: the server responded with a status of 401 () @ https://lms.entechai.ru/api/projects/eco-cf98e70d:0
[ 9991719ms] [ERROR] Failed to load resource: the server responded with a status of 401 () @ https://lms.entechai.ru/api/health:0
[ 9992644ms] [ERROR] Failed to load resource: the server responded with a status of 401 () @ https://lms.entechai.ru/api/projects/eco-cf98e70d:0
[ 9996651ms] [ERROR] Failed to load resource: the server responded with a status of 401 () @ https://lms.entechai.ru/api/projects/eco-cf98e70d:0
[10000645ms] [ERROR] Failed to load resource: the server responded with a status of 401 () @ https://lms.entechai.ru/api/projects/eco-cf98e70d:0
[10004639ms] [ERROR] Failed to load resource: the server responded with a status of 401 () @ https://lms.entechai.ru/api/projects/eco-cf98e70d:0
[10006702ms] [ERROR] Failed to load resource: the server responded with a status of 401 () @ https://lms.entechai.ru/api/health:0
[10008638ms] [ERROR] Failed to load resource: the server responded with a status of 401 () @ https://lms.entechai.ru/api/projects/eco-cf98e70d:0
[10012653ms] [ERROR] Failed to load resource: the server responded with a status of 401 () @ https://lms.entechai.ru/api/projects/eco-cf98e70d:0
[10016640ms] [ERROR] Failed to load resource: the server responded with a status of 401 () @ https://lms.entechai.ru/api/projects/eco-cf98e70d:0
[10020642ms] [ERROR] Failed to load resource: the server responded with a status of 401 () @ https://lms.entechai.ru/api/projects/eco-cf98e70d:0
[10021710ms] [ERROR] Failed to load resource: the server responded with a status of 401 () @ https://lms.entechai.ru/api/health:0
[10024650ms] [ERROR] Failed to load resource: the server responded with a status of 401 () @ https://lms.entechai.ru/api/projects/eco-cf98e70d:0
[10028642ms] [ERROR] Failed to load resource: the server responded with a status of 401 () @ https://lms.entechai.ru/api/projects/eco-cf98e70d:0
[10032647ms] [ERROR] Failed to load resource: the server responded with a status of 401 () @ https://lms.entechai.ru/api/projects/eco-cf98e70d:0
[10036641ms] [ERROR] Failed to load resource: the server responded with a status of 401 () @ https://lms.entechai.ru/api/projects/eco-cf98e70d:0
[10036704ms] [ERROR] Failed to load resource: the server responded with a status of 401 () @ https://lms.entechai.ru/api/health:0
[10040645ms] [ERROR] Failed to load resource: the server responded with a status of 401 () @ https://lms.entechai.ru/api/projects/eco-cf98e70d:0
[10044642ms] [ERROR] Failed to load resource: the server responded with a status of 401 () @ https://lms.entechai.ru/api/projects/eco-cf98e70d:0
[10761618ms] [ERROR] Failed to load resource: the server responded with a status of 401 () @ https://lms.entechai.ru/api/health:0
[10761619ms] [ERROR] Failed to load resource: the server responded with a status of 401 () @ https://lms.entechai.ru/api/projects/eco-cf98e70d:0
[10761620ms] [ERROR] Failed to load resource: the server responded with a status of 401 () @ https://lms.entechai.ru/api/projects/eco-cf98e70d:0
[10763578ms] [ERROR] Failed to load resource: the server responded with a status of 401 () @ https://lms.entechai.ru/api/projects/eco-cf98e70d:0
[10767745ms] [ERROR] Failed to load resource: the server responded with a status of 401 () @ https://lms.entechai.ru/api/projects/eco-cf98e70d:0
[10771549ms] [ERROR] Failed to load resource: the server responded with a status of 401 () @ https://lms.entechai.ru/api/projects/eco-cf98e70d:0
[10773613ms] [ERROR] Failed to load resource: the server responded with a status of 401 () @ https://lms.entechai.ru/api/health:0
[10775556ms] [ERROR] Failed to load resource: the server responded with a status of 401 () @ https://lms.entechai.ru/api/projects/eco-cf98e70d:0
[10779620ms] [ERROR] Failed to load resource: the server responded with a status of 401 () @ https://lms.entechai.ru/api/projects/eco-cf98e70d:0
[10783580ms] [ERROR] Failed to load resource: the server responded with a status of 401 () @ https://lms.entechai.ru/api/projects/eco-cf98e70d:0
[10788054ms] [ERROR] Failed to load resource: the server responded with a status of 401 () @ https://lms.entechai.ru/api/projects/eco-cf98e70d:0
[10788876ms] [ERROR] Failed to load resource: the server responded with a status of 401 () @ https://lms.entechai.ru/api/health:0
[10791636ms] [ERROR] Failed to load resource: the server responded with a status of 401 () @ https://lms.entechai.ru/api/projects/eco-cf98e70d:0
[10795571ms] [ERROR] Failed to load resource: the server responded with a status of 401 () @ https://lms.entechai.ru/api/projects/eco-cf98e70d:0
[10799561ms] [ERROR] Failed to load resource: the server responded with a status of 401 () @ https://lms.entechai.ru/api/projects/eco-cf98e70d:0
[10803658ms] [ERROR] Failed to load resource: the server responded with a status of 401 () @ https://lms.entechai.ru/api/projects/eco-cf98e70d:0
[10803690ms] [ERROR] Failed to load resource: the server responded with a status of 401 () @ https://lms.entechai.ru/api/health:0
[10807552ms] [ERROR] Failed to load resource: the server responded with a status of 401 () @ https://lms.entechai.ru/api/projects/eco-cf98e70d:0
[10811556ms] [ERROR] Failed to load resource: the server responded with a status of 401 () @ https://lms.entechai.ru/api/projects/eco-cf98e70d:0
[10815557ms] [ERROR] Failed to load resource: the server responded with a status of 401 () @ https://lms.entechai.ru/api/projects/eco-cf98e70d:0
[10818632ms] [ERROR] Failed to load resource: the server responded with a status of 401 () @ https://lms.entechai.ru/api/health:0
[10819546ms] [ERROR] Failed to load resource: the server responded with a status of 401 () @ https://lms.entechai.ru/api/projects/eco-cf98e70d:0
[10823554ms] [ERROR] Failed to load resource: the server responded with a status of 401 () @ https://lms.entechai.ru/api/projects/eco-cf98e70d:0
[10827557ms] [ERROR] Failed to load resource: the server responded with a status of 401 () @ https://lms.entechai.ru/api/projects/eco-cf98e70d:0
[10831658ms] [ERROR] Failed to load resource: the server responded with a status of 401 () @ https://lms.entechai.ru/api/projects/eco-cf98e70d:0
[10833609ms] [ERROR] Failed to load resource: the server responded with a status of 401 () @ https://lms.entechai.ru/api/health:0
[10835548ms] [ERROR] Failed to load resource: the server responded with a status of 401 () @ https://lms.entechai.ru/api/projects/eco-cf98e70d:0
[10839550ms] [ERROR] Failed to load resource: the server responded with a status of 401 () @ https://lms.entechai.ru/api/projects/eco-cf98e70d:0
[10843544ms] [ERROR] Failed to load resource: the server responded with a status of 401 () @ https://lms.entechai.ru/api/projects/eco-cf98e70d:0
[10847548ms] [ERROR] Failed to load resource: the server responded with a status of 401 () @ https://lms.entechai.ru/api/projects/eco-cf98e70d:0
[10848645ms] [ERROR] Failed to load resource: the server responded with a status of 401 () @ https://lms.entechai.ru/api/health:0
[10851550ms] [ERROR] Failed to load resource: the server responded with a status of 401 () @ https://lms.entechai.ru/api/projects/eco-cf98e70d:0
[10855548ms] [ERROR] Failed to load resource: the server responded with a status of 401 () @ https://lms.entechai.ru/api/projects/eco-cf98e70d:0
[10859546ms] [ERROR] Failed to load resource: the server responded with a status of 401 () @ https://lms.entechai.ru/api/projects/eco-cf98e70d:0
[10863568ms] [ERROR] Failed to load resource: the server responded with a status of 401 () @ https://lms.entechai.ru/api/projects/eco-cf98e70d:0
[10863661ms] [ERROR] Failed to load resource: the server responded with a status of 401 () @ https://lms.entechai.ru/api/health:0
[10867552ms] [ERROR] Failed to load resource: the server responded with a status of 401 () @ https://lms.entechai.ru/api/projects/eco-cf98e70d:0
[10871577ms] [ERROR] Failed to load resource: the server responded with a status of 401 () @ https://lms.entechai.ru/api/projects/eco-cf98e70d:0
[10875557ms] [ERROR] Failed to load resource: the server responded with a status of 401 () @ https://lms.entechai.ru/api/projects/eco-cf98e70d:0
[10878798ms] [ERROR] Failed to load resource: the server responded with a status of 401 () @ https://lms.entechai.ru/api/health:0
[10879552ms] [ERROR] Failed to load resource: the server responded with a status of 401 () @ https://lms.entechai.ru/api/projects/eco-cf98e70d:0
[10883559ms] [ERROR] Failed to load resource: the server responded with a status of 401 () @ https://lms.entechai.ru/api/projects/eco-cf98e70d:0
[10887563ms] [ERROR] Failed to load resource: the server responded with a status of 401 () @ https://lms.entechai.ru/api/projects/eco-cf98e70d:0
[10891667ms] [ERROR] Failed to load resource: the server responded with a status of 401 () @ https://lms.entechai.ru/api/projects/eco-cf98e70d:0
[10893621ms] [ERROR] Failed to load resource: the server responded with a status of 401 () @ https://lms.entechai.ru/api/health:0
[10895557ms] [ERROR] Failed to load resource: the server responded with a status of 401 () @ https://lms.entechai.ru/api/projects/eco-cf98e70d:0
[10899560ms] [ERROR] Failed to load resource: the server responded with a status of 401 () @ https://lms.entechai.ru/api/projects/eco-cf98e70d:0
[10903656ms] [ERROR] Failed to load resource: the server responded with a status of 401 () @ https://lms.entechai.ru/api/projects/eco-cf98e70d:0
[10907558ms] [ERROR] Failed to load resource: the server responded with a status of 401 () @ https://lms.entechai.ru/api/projects/eco-cf98e70d:0
[10908618ms] [ERROR] Failed to load resource: the server responded with a status of 401 () @ https://lms.entechai.ru/api/health:0
[10911557ms] [ERROR] Failed to load resource: the server responded with a status of 401 () @ https://lms.entechai.ru/api/projects/eco-cf98e70d:0
[10915553ms] [ERROR] Failed to load resource: the server responded with a status of 401 () @ https://lms.entechai.ru/api/projects/eco-cf98e70d:0
[10919550ms] [ERROR] Failed to load resource: the server responded with a status of 401 () @ https://lms.entechai.ru/api/projects/eco-cf98e70d:0
[10923559ms] [ERROR] Failed to load resource: the server responded with a status of 401 () @ https://lms.entechai.ru/api/projects/eco-cf98e70d:0
[10923610ms] [ERROR] Failed to load resource: the server responded with a status of 401 () @ https://lms.entechai.ru/api/health:0
[10927559ms] [ERROR] Failed to load resource: the server responded with a status of 401 () @ https://lms.entechai.ru/api/projects/eco-cf98e70d:0
[10931554ms] [ERROR] Failed to load resource: the server responded with a status of 401 () @ https://lms.entechai.ru/api/projects/eco-cf98e70d:0
[10935559ms] [ERROR] Failed to load resource: the server responded with a status of 401 () @ https://lms.entechai.ru/api/projects/eco-cf98e70d:0
[10938623ms] [ERROR] Failed to load resource: the server responded with a status of 401 () @ https://lms.entechai.ru/api/health:0
[10939555ms] [ERROR] Failed to load resource: the server responded with a status of 401 () @ https://lms.entechai.ru/api/projects/eco-cf98e70d:0
[10943561ms] [ERROR] Failed to load resource: the server responded with a status of 401 () @ https://lms.entechai.ru/api/projects/eco-cf98e70d:0
[10947563ms] [ERROR] Failed to load resource: the server responded with a status of 401 () @ https://lms.entechai.ru/api/projects/eco-cf98e70d:0
[10951549ms] [ERROR] Failed to load resource: the server responded with a status of 401 () @ https://lms.entechai.ru/api/projects/eco-cf98e70d:0
[10953629ms] [ERROR] Failed to load resource: the server responded with a status of 401 () @ https://lms.entechai.ru/api/health:0
[10955551ms] [ERROR] Failed to load resource: the server responded with a status of 401 () @ https://lms.entechai.ru/api/projects/eco-cf98e70d:0
[10959550ms] [ERROR] Failed to load resource: the server responded with a status of 401 () @ https://lms.entechai.ru/api/projects/eco-cf98e70d:0
[10963547ms] [ERROR] Failed to load resource: the server responded with a status of 401 () @ https://lms.entechai.ru/api/projects/eco-cf98e70d:0
[10967557ms] [ERROR] Failed to load resource: the server responded with a status of 401 () @ https://lms.entechai.ru/api/projects/eco-cf98e70d:0
[10968611ms] [ERROR] Failed to load resource: the server responded with a status of 401 () @ https://lms.entechai.ru/api/health:0
[10971564ms] [ERROR] Failed to load resource: the server responded with a status of 401 () @ https://lms.entechai.ru/api/projects/eco-cf98e70d:0
[10975558ms] [ERROR] Failed to load resource: the server responded with a status of 401 () @ https://lms.entechai.ru/api/projects/eco-cf98e70d:0
[10979599ms] [ERROR] Failed to load resource: the server responded with a status of 401 () @ https://lms.entechai.ru/api/projects/eco-cf98e70d:0
[10983548ms] [ERROR] Failed to load resource: the server responded with a status of 401 () @ https://lms.entechai.ru/api/projects/eco-cf98e70d:0
[10983613ms] [ERROR] Failed to load resource: the server responded with a status of 401 () @ https://lms.entechai.ru/api/health:0
[10987560ms] [ERROR] Failed to load resource: the server responded with a status of 401 () @ https://lms.entechai.ru/api/projects/eco-cf98e70d:0
[10991619ms] [ERROR] Failed to load resource: the server responded with a status of 401 () @ https://lms.entechai.ru/api/projects/eco-cf98e70d:0
[10995676ms] [ERROR] Failed to load resource: the server responded with a status of 401 () @ https://lms.entechai.ru/api/projects/eco-cf98e70d:0
[10998650ms] [ERROR] Failed to load resource: the server responded with a status of 401 () @ https://lms.entechai.ru/api/health:0
[10999675ms] [ERROR] Failed to load resource: the server responded with a status of 401 () @ https://lms.entechai.ru/api/projects/eco-cf98e70d:0
[11003564ms] [ERROR] Failed to load resource: the server responded with a status of 401 () @ https://lms.entechai.ru/api/projects/eco-cf98e70d:0
[11007554ms] [ERROR] Failed to load resource: the server responded with a status of 401 () @ https://lms.entechai.ru/api/projects/eco-cf98e70d:0
[11011619ms] [ERROR] Failed to load resource: the server responded with a status of 401 () @ https://lms.entechai.ru/api/projects/eco-cf98e70d:0
[11013626ms] [ERROR] Failed to load resource: the server responded with a status of 401 () @ https://lms.entechai.ru/api/health:0
[11015575ms] [ERROR] Failed to load resource: the server responded with a status of 401 () @ https://lms.entechai.ru/api/projects/eco-cf98e70d:0
[11019581ms] [ERROR] Failed to load resource: the server responded with a status of 401 () @ https://lms.entechai.ru/api/projects/eco-cf98e70d:0
[11023551ms] [ERROR] Failed to load resource: the server responded with a status of 401 () @ https://lms.entechai.ru/api/projects/eco-cf98e70d:0
[11027568ms] [ERROR] Failed to load resource: the server responded with a status of 401 () @ https://lms.entechai.ru/api/projects/eco-cf98e70d:0
[11028632ms] [ERROR] Failed to load resource: the server responded with a status of 401 () @ https://lms.entechai.ru/api/health:0
[11031554ms] [ERROR] Failed to load resource: the server responded with a status of 401 () @ https://lms.entechai.ru/api/projects/eco-cf98e70d:0
[11035566ms] [ERROR] Failed to load resource: the server responded with a status of 401 () @ https://lms.entechai.ru/api/projects/eco-cf98e70d:0
[11039554ms] [ERROR] Failed to load resource: the server responded with a status of 401 () @ https://lms.entechai.ru/api/projects/eco-cf98e70d:0
[11043549ms] [ERROR] Failed to load resource: the server responded with a status of 401 () @ https://lms.entechai.ru/api/projects/eco-cf98e70d:0
[11043624ms] [ERROR] Failed to load resource: the server responded with a status of 401 () @ https://lms.entechai.ru/api/health:0
[11047560ms] [ERROR] Failed to load resource: the server responded with a status of 401 () @ https://lms.entechai.ru/api/projects/eco-cf98e70d:0
[11051573ms] [ERROR] Failed to load resource: the server responded with a status of 401 () @ https://lms.entechai.ru/api/projects/eco-cf98e70d:0
[11055551ms] [ERROR] Failed to load resource: the server responded with a status of 401 () @ https://lms.entechai.ru/api/projects/eco-cf98e70d:0
[11058654ms] [ERROR] Failed to load resource: the server responded with a status of 401 () @ https://lms.entechai.ru/api/health:0
[11059567ms] [ERROR] Failed to load resource: the server responded with a status of 401 () @ https://lms.entechai.ru/api/projects/eco-cf98e70d:0
[11063567ms] [ERROR] Failed to load resource: the server responded with a status of 401 () @ https://lms.entechai.ru/api/projects/eco-cf98e70d:0
[11067591ms] [ERROR] Failed to load resource: the server responded with a status of 401 () @ https://lms.entechai.ru/api/projects/eco-cf98e70d:0
[11071555ms] [ERROR] Failed to load resource: the server responded with a status of 401 () @ https://lms.entechai.ru/api/projects/eco-cf98e70d:0
[11073631ms] [ERROR] Failed to load resource: the server responded with a status of 401 () @ https://lms.entechai.ru/api/health:0
[11075555ms] [ERROR] Failed to load resource: the server responded with a status of 401 () @ https://lms.entechai.ru/api/projects/eco-cf98e70d:0
[11079570ms] [ERROR] Failed to load resource: the server responded with a status of 401 () @ https://lms.entechai.ru/api/projects/eco-cf98e70d:0
[11083573ms] [ERROR] Failed to load resource: the server responded with a status of 401 () @ https://lms.entechai.ru/api/projects/eco-cf98e70d:0
[11087597ms] [ERROR] Failed to load resource: the server responded with a status of 401 () @ https://lms.entechai.ru/api/projects/eco-cf98e70d:0
[11088615ms] [ERROR] Failed to load resource: the server responded with a status of 401 () @ https://lms.entechai.ru/api/health:0
[11091603ms] [ERROR] Failed to load resource: the server responded with a status of 401 () @ https://lms.entechai.ru/api/projects/eco-cf98e70d:0
[11095561ms] [ERROR] Failed to load resource: the server responded with a status of 401 () @ https://lms.entechai.ru/api/projects/eco-cf98e70d:0
[11099570ms] [ERROR] Failed to load resource: the server responded with a status of 401 () @ https://lms.entechai.ru/api/projects/eco-cf98e70d:0
[11103601ms] [ERROR] Failed to load resource: the server responded with a status of 401 () @ https://lms.entechai.ru/api/projects/eco-cf98e70d:0
[11103627ms] [ERROR] Failed to load resource: the server responded with a status of 401 () @ https://lms.entechai.ru/api/health:0
[11107568ms] [ERROR] Failed to load resource: the server responded with a status of 401 () @ https://lms.entechai.ru/api/projects/eco-cf98e70d:0
[11111553ms] [ERROR] Failed to load resource: the server responded with a status of 401 () @ https://lms.entechai.ru/api/projects/eco-cf98e70d:0
[11115655ms] [ERROR] Failed to load resource: the server responded with a status of 401 () @ https://lms.entechai.ru/api/projects/eco-cf98e70d:0
[11118639ms] [ERROR] Failed to load resource: the server responded with a status of 401 () @ https://lms.entechai.ru/api/health:0
[11119565ms] [ERROR] Failed to load resource: the server responded with a status of 401 () @ https://lms.entechai.ru/api/projects/eco-cf98e70d:0
[11123570ms] [ERROR] Failed to load resource: the server responded with a status of 401 () @ https://lms.entechai.ru/api/projects/eco-cf98e70d:0
[11127604ms] [ERROR] Failed to load resource: the server responded with a status of 401 () @ https://lms.entechai.ru/api/projects/eco-cf98e70d:0
[11131567ms] [ERROR] Failed to load resource: the server responded with a status of 401 () @ https://lms.entechai.ru/api/projects/eco-cf98e70d:0
[11133639ms] [ERROR] Failed to load resource: the server responded with a status of 401 () @ https://lms.entechai.ru/api/health:0
[11135554ms] [ERROR] Failed to load resource: the server responded with a status of 401 () @ https://lms.entechai.ru/api/projects/eco-cf98e70d:0
[11139551ms] [ERROR] Failed to load resource: the server responded with a status of 401 () @ https://lms.entechai.ru/api/projects/eco-cf98e70d:0
[11143576ms] [ERROR] Failed to load resource: the server responded with a status of 401 () @ https://lms.entechai.ru/api/projects/eco-cf98e70d:0
[11147574ms] [ERROR] Failed to load resource: the server responded with a status of 401 () @ https://lms.entechai.ru/api/projects/eco-cf98e70d:0
[11148667ms] [ERROR] Failed to load resource: the server responded with a status of 401 () @ https://lms.entechai.ru/api/health:0
[11151614ms] [ERROR] Failed to load resource: the server responded with a status of 401 () @ https://lms.entechai.ru/api/projects/eco-cf98e70d:0
[11155560ms] [ERROR] Failed to load resource: the server responded with a status of 401 () @ https://lms.entechai.ru/api/projects/eco-cf98e70d:0
[11159558ms] [ERROR] Failed to load resource: the server responded with a status of 401 () @ https://lms.entechai.ru/api/projects/eco-cf98e70d:0
[11163917ms] [ERROR] Failed to load resource: the server responded with a status of 401 () @ https://lms.entechai.ru/api/health:0
[11163942ms] [ERROR] Failed to load resource: the server responded with a status of 401 () @ https://lms.entechai.ru/api/projects/eco-cf98e70d:0
[11167889ms] [ERROR] Failed to load resource: the server responded with a status of 401 () @ https://lms.entechai.ru/api/projects/eco-cf98e70d:0
[11171568ms] [ERROR] Failed to load resource: the server responded with a status of 401 () @ https://lms.entechai.ru/api/projects/eco-cf98e70d:0
[11175549ms] [ERROR] Failed to load resource: the server responded with a status of 401 () @ https://lms.entechai.ru/api/projects/eco-cf98e70d:0
[11178625ms] [ERROR] Failed to load resource: the server responded with a status of 401 () @ https://lms.entechai.ru/api/health:0
[11179570ms] [ERROR] Failed to load resource: the server responded with a status of 401 () @ https://lms.entechai.ru/api/projects/eco-cf98e70d:0
[11183541ms] [ERROR] Failed to load resource: the server responded with a status of 401 () @ https://lms.entechai.ru/api/projects/eco-cf98e70d:0
[11187541ms] [ERROR] Failed to load resource: the server responded with a status of 401 () @ https://lms.entechai.ru/api/projects/eco-cf98e70d:0
[11191549ms] [ERROR] Failed to load resource: the server responded with a status of 401 () @ https://lms.entechai.ru/api/projects/eco-cf98e70d:0
[11193644ms] [ERROR] Failed to load resource: the server responded with a status of 401 () @ https://lms.entechai.ru/api/health:0
[11195543ms] [ERROR] Failed to load resource: the server responded with a status of 401 () @ https://lms.entechai.ru/api/projects/eco-cf98e70d:0
[11199749ms] [ERROR] Failed to load resource: the server responded with a status of 401 () @ https://lms.entechai.ru/api/projects/eco-cf98e70d:0
[11203650ms] [ERROR] Failed to load resource: the server responded with a status of 401 () @ https://lms.entechai.ru/api/projects/eco-cf98e70d:0
[11207535ms] [ERROR] Failed to load resource: the server responded with a status of 401 () @ https://lms.entechai.ru/api/projects/eco-cf98e70d:0
[11208813ms] [ERROR] Failed to load resource: the server responded with a status of 401 () @ https://lms.entechai.ru/api/health:0
[11211790ms] [ERROR] Failed to load resource: the server responded with a status of 401 () @ https://lms.entechai.ru/api/projects/eco-cf98e70d:0
[11215551ms] [ERROR] Failed to load resource: the server responded with a status of 401 () @ https://lms.entechai.ru/api/projects/eco-cf98e70d:0
[11219558ms] [ERROR] Failed to load resource: the server responded with a status of 401 () @ https://lms.entechai.ru/api/projects/eco-cf98e70d:0
[11223583ms] [ERROR] Failed to load resource: the server responded with a status of 401 () @ https://lms.entechai.ru/api/projects/eco-cf98e70d:0
[11223716ms] [ERROR] Failed to load resource: the server responded with a status of 401 () @ https://lms.entechai.ru/api/health:0
[11227705ms] [ERROR] Failed to load resource: the server responded with a status of 401 () @ https://lms.entechai.ru/api/projects/eco-cf98e70d:0
[11231597ms] [ERROR] Failed to load resource: the server responded with a status of 401 () @ https://lms.entechai.ru/api/projects/eco-cf98e70d:0
[11235557ms] [ERROR] Failed to load resource: the server responded with a status of 401 () @ https://lms.entechai.ru/api/projects/eco-cf98e70d:0
[11238647ms] [ERROR] Failed to load resource: the server responded with a status of 401 () @ https://lms.entechai.ru/api/health:0
[11239587ms] [ERROR] Failed to load resource: the server responded with a status of 401 () @ https://lms.entechai.ru/api/projects/eco-cf98e70d:0
[11243587ms] [ERROR] Failed to load resource: the server responded with a status of 401 () @ https://lms.entechai.ru/api/projects/eco-cf98e70d:0
[11247699ms] [ERROR] Failed to load resource: the server responded with a status of 401 () @ https://lms.entechai.ru/api/projects/eco-cf98e70d:0
[11251534ms] [ERROR] Failed to load resource: the server responded with a status of 401 () @ https://lms.entechai.ru/api/projects/eco-cf98e70d:0
[11253645ms] [ERROR] Failed to load resource: the server responded with a status of 401 () @ https://lms.entechai.ru/api/health:0
[11255542ms] [ERROR] Failed to load resource: the server responded with a status of 401 () @ https://lms.entechai.ru/api/projects/eco-cf98e70d:0
[11259545ms] [ERROR] Failed to load resource: the server responded with a status of 401 () @ https://lms.entechai.ru/api/projects/eco-cf98e70d:0
[11263537ms] [ERROR] Failed to load resource: the server responded with a status of 401 () @ https://lms.entechai.ru/api/projects/eco-cf98e70d:0
[11267541ms] [ERROR] Failed to load resource: the server responded with a status of 401 () @ https://lms.entechai.ru/api/projects/eco-cf98e70d:0
[11268611ms] [ERROR] Failed to load resource: the server responded with a status of 401 () @ https://lms.entechai.ru/api/health:0
[11271545ms] [ERROR] Failed to load resource: the server responded with a status of 401 () @ https://lms.entechai.ru/api/projects/eco-cf98e70d:0
[11275643ms] [ERROR] Failed to load resource: the server responded with a status of 401 () @ https://lms.entechai.ru/api/projects/eco-cf98e70d:0
[11280187ms] [ERROR] Failed to load resource: the server responded with a status of 401 () @ https://lms.entechai.ru/api/projects/eco-cf98e70d:0
[11283704ms] [ERROR] Failed to load resource: the server responded with a status of 401 () @ https://lms.entechai.ru/api/health:0
[11283704ms] [ERROR] Failed to load resource: the server responded with a status of 401 () @ https://lms.entechai.ru/api/projects/eco-cf98e70d:0
[11287731ms] [ERROR] Failed to load resource: the server responded with a status of 401 () @ https://lms.entechai.ru/api/projects/eco-cf98e70d:0
[11291589ms] [ERROR] Failed to load resource: the server responded with a status of 401 () @ https://lms.entechai.ru/api/projects/eco-cf98e70d:0
[11295699ms] [ERROR] Failed to load resource: the server responded with a status of 401 () @ https://lms.entechai.ru/api/projects/eco-cf98e70d:0
[11298677ms] [ERROR] Failed to load resource: the server responded with a status of 401 () @ https://lms.entechai.ru/api/health:0
[11299721ms] [ERROR] Failed to load resource: the server responded with a status of 401 () @ https://lms.entechai.ru/api/projects/eco-cf98e70d:0
[11303826ms] [ERROR] Failed to load resource: the server responded with a status of 401 () @ https://lms.entechai.ru/api/projects/eco-cf98e70d:0
[11307544ms] [ERROR] Failed to load resource: the server responded with a status of 401 () @ https://lms.entechai.ru/api/projects/eco-cf98e70d:0
[11311682ms] [ERROR] Failed to load resource: the server responded with a status of 401 () @ https://lms.entechai.ru/api/projects/eco-cf98e70d:0
[11314069ms] [ERROR] Failed to load resource: the server responded with a status of 401 () @ https://lms.entechai.ru/api/health:0
[11315583ms] [ERROR] Failed to load resource: the server responded with a status of 401 () @ https://lms.entechai.ru/api/projects/eco-cf98e70d:0
[11319544ms] [ERROR] Failed to load resource: the server responded with a status of 401 () @ https://lms.entechai.ru/api/projects/eco-cf98e70d:0
[11323543ms] [ERROR] Failed to load resource: the server responded with a status of 401 () @ https://lms.entechai.ru/api/projects/eco-cf98e70d:0
[11327554ms] [ERROR] Failed to load resource: the server responded with a status of 401 () @ https://lms.entechai.ru/api/projects/eco-cf98e70d:0
[11328629ms] [ERROR] Failed to load resource: the server responded with a status of 401 () @ https://lms.entechai.ru/api/health:0
[11331750ms] [ERROR] Failed to load resource: the server responded with a status of 401 () @ https://lms.entechai.ru/api/projects/eco-cf98e70d:0
[11335535ms] [ERROR] Failed to load resource: the server responded with a status of 401 () @ https://lms.entechai.ru/api/projects/eco-cf98e70d:0
[11339565ms] [ERROR] Failed to load resource: the server responded with a status of 401 () @ https://lms.entechai.ru/api/projects/eco-cf98e70d:0
[11343542ms] [ERROR] Failed to load resource: the server responded with a status of 401 () @ https://lms.entechai.ru/api/projects/eco-cf98e70d:0
[11343614ms] [ERROR] Failed to load resource: the server responded with a status of 401 () @ https://lms.entechai.ru/api/health:0
[11347561ms] [ERROR] Failed to load resource: the server responded with a status of 401 () @ https://lms.entechai.ru/api/projects/eco-cf98e70d:0
[11351548ms] [ERROR] Failed to load resource: the server responded with a status of 401 () @ https://lms.entechai.ru/api/projects/eco-cf98e70d:0
[11355595ms] [ERROR] Failed to load resource: the server responded with a status of 401 () @ https://lms.entechai.ru/api/projects/eco-cf98e70d:0
[11358720ms] [ERROR] Failed to load resource: the server responded with a status of 401 () @ https://lms.entechai.ru/api/health:0
[11359540ms] [ERROR] Failed to load resource: the server responded with a status of 401 () @ https://lms.entechai.ru/api/projects/eco-cf98e70d:0
[11363547ms] [ERROR] Failed to load resource: the server responded with a status of 401 () @ https://lms.entechai.ru/api/projects/eco-cf98e70d:0
[11367600ms] [ERROR] Failed to load resource: the server responded with a status of 401 () @ https://lms.entechai.ru/api/projects/eco-cf98e70d:0
[11371535ms] [ERROR] Failed to load resource: the server responded with a status of 401 () @ https://lms.entechai.ru/api/projects/eco-cf98e70d:0
[11373617ms] [ERROR] Failed to load resource: the server responded with a status of 401 () @ https://lms.entechai.ru/api/health:0
[11375742ms] [ERROR] Failed to load resource: the server responded with a status of 401 () @ https://lms.entechai.ru/api/projects/eco-cf98e70d:0
[11379542ms] [ERROR] Failed to load resource: the server responded with a status of 401 () @ https://lms.entechai.ru/api/projects/eco-cf98e70d:0
[11383675ms] [ERROR] Failed to load resource: the server responded with a status of 401 () @ https://lms.entechai.ru/api/projects/eco-cf98e70d:0
[11387552ms] [ERROR] Failed to load resource: the server responded with a status of 401 () @ https://lms.entechai.ru/api/projects/eco-cf98e70d:0
[11388607ms] [ERROR] Failed to load resource: the server responded with a status of 401 () @ https://lms.entechai.ru/api/health:0
[11391569ms] [ERROR] Failed to load resource: the server responded with a status of 401 () @ https://lms.entechai.ru/api/projects/eco-cf98e70d:0
[11395552ms] [ERROR] Failed to load resource: the server responded with a status of 401 () @ https://lms.entechai.ru/api/projects/eco-cf98e70d:0
[11399571ms] [ERROR] Failed to load resource: the server responded with a status of 401 () @ https://lms.entechai.ru/api/projects/eco-cf98e70d:0
[11403611ms] [ERROR] Failed to load resource: the server responded with a status of 401 () @ https://lms.entechai.ru/api/projects/eco-cf98e70d:0
[11403640ms] [ERROR] Failed to load resource: the server responded with a status of 401 () @ https://lms.entechai.ru/api/health:0
[11410757ms] [ERROR] Failed to load resource: the server responded with a status of 401 () @ https://lms.entechai.ru/api/projects/eco-cf98e70d:0
[11411537ms] [ERROR] Failed to load resource: the server responded with a status of 401 () @ https://lms.entechai.ru/api/projects/eco-cf98e70d:0
[11415553ms] [ERROR] Failed to load resource: the server responded with a status of 401 () @ https://lms.entechai.ru/api/projects/eco-cf98e70d:0
[11418616ms] [ERROR] Failed to load resource: the server responded with a status of 401 () @ https://lms.entechai.ru/api/health:0
[11419574ms] [ERROR] Failed to load resource: the server responded with a status of 401 () @ https://lms.entechai.ru/api/projects/eco-cf98e70d:0
[11423546ms] [ERROR] Failed to load resource: the server responded with a status of 401 () @ https://lms.entechai.ru/api/projects/eco-cf98e70d:0
[11427545ms] [ERROR] Failed to load resource: the server responded with a status of 401 () @ https://lms.entechai.ru/api/projects/eco-cf98e70d:0
[11431542ms] [ERROR] Failed to load resource: the server responded with a status of 401 () @ https://lms.entechai.ru/api/projects/eco-cf98e70d:0
[11433607ms] [ERROR] Failed to load resource: the server responded with a status of 401 () @ https://lms.entechai.ru/api/health:0
